Commodity,Date,Index Long,Index Short,Total OI,Price,Index Net,Nominal Net USD,Net Pct OI,Lot Size,Unit,Multiplier,GSCI Weight Pct,BCOM Weight Pct
BEAN OIL,2016-01-05,85149,4947,424762,29.79,80202,1433530548.0,18.881632537750555,60000,USc,600,0.0,7.6377
BEAN OIL,2016-01-12,83321,5798,443192,29.21,77523,1358668098.0,17.49196736403184,60000,USc,600,0.0,7.6377
BEAN OIL,2016-01-19,83647,8198,451196,29.96,75449,1356271224.0,16.722001081569875,60000,USc,600,0.0,7.6377
BEAN OIL,2016-01-26,82781,8456,450610,30.72,74325,1369958400.0,16.49430771620692,60000,USc,600,0.0,7.6377
BEAN OIL,2016-02-02,81029,5891,459602,30.78,75138,1387648584.0,16.348492826401976,60000,USc,600,0.0,7.6377
BEAN OIL,2016-02-09,83625,7679,460218,30.69,75946,1398469644.0000002,16.502179401935603,60000,USc,600,0.0,7.6377
BEAN OIL,2016-02-16,85943,9224,467318,31.62,76719,1455512868.0000002,16.41687245087927,60000,USc,600,0.0,7.6377
BEAN OIL,2016-02-23,85935,10421,446568,31.0,75514,1404560400.0,16.90985471417567,60000,USc,600,0.0,7.6377
BEAN OIL,2016-03-01,86313,10978,421163,30.54,75335,1380438540.0,17.887373772149974,60000,USc,600,0.0,7.6377
BEAN OIL,2016-03-08,86640,10966,424624,31.13,75674,1413438972.0,17.821413768416296,60000,USc,600,0.0,7.6377
BEAN OIL,2016-03-15,89020,13627,467437,32.48,75393,1469258783.9999998,16.12901845596305,60000,USc,600,0.0,7.6377
BEAN OIL,2016-03-22,89390,13240,507806,33.9,76150,1548891000.0,14.995884255010772,60000,USc,600,0.0,7.6377
BEAN OIL,2016-03-29,89921,13072,510217,34.04,76849,1569563976.0,15.062022629587018,60000,USc,600,0.0,7.6377
BEAN OIL,2016-04-05,92361,11785,543095,34.02,80576,1644717312.0000002,14.836446662186173,60000,USc,600,0.0,7.6377
BEAN OIL,2016-04-12,90174,10464,533999,33.8,79710,1616518800.0,14.926994245307576,60000,USc,600,0.0,7.6377
BEAN OIL,2016-04-19,90971,9848,555782,34.77,81123,1692388026.0000002,14.596190592714409,60000,USc,600,0.0,7.6377
BEAN OIL,2016-04-26,90371,10331,483471,34.22,80040,1643381280.0,16.555284598248914,60000,USc,600,0.0,7.6377
BEAN OIL,2016-05-03,91172,14207,461048,32.4,76965,1496199600.0,16.693489614964168,60000,USc,600,0.0,7.6377
BEAN OIL,2016-05-10,90686,15761,455419,33.44,74925,1503295200.0,16.451882771689366,60000,USc,600,0.0,7.6377
BEAN OIL,2016-05-17,89131,15216,456108,32.78,73915,1453760220.0,16.205591658116063,60000,USc,600,0.0,7.6377
BEAN OIL,2016-05-24,82982,11534,457478,30.88,71448,1323788543.9999998,15.617800200228208,60000,USc,600,0.0,7.6377
BEAN OIL,2016-05-31,82645,9632,467378,31.79,73013,1392649962.0,15.621830723739672,60000,USc,600,0.0,7.6377
BEAN OIL,2016-06-07,87254,14527,467423,32.36,72727,1412067431.9999998,15.559140222025874,60000,USc,600,0.0,7.6377
BEAN OIL,2016-06-14,85648,13265,460812,32.43,72383,1408428414.0,15.707707264567764,60000,USc,600,0.0,7.6377
BEAN OIL,2016-06-21,83080,9398,447890,31.4,73682,1388168880.0,16.45091428699011,60000,USc,600,0.0,7.6377
BEAN OIL,2016-06-28,80944,6649,404603,31.75,74295,1415319750.0,18.362444173671474,60000,USc,600,0.0,7.6377
BEAN OIL,2016-07-05,83172,6611,401688,30.76,76561,1413009816.0000002,19.059817569855213,60000,USc,600,0.0,7.6377
BEAN OIL,2016-07-12,80241,6218,397428,31.27,74023,1388819526.0,18.62551204243284,60000,USc,600,0.0,7.6377
BEAN OIL,2016-07-19,78209,4924,406016,31.26,73285,1374533460.0,18.049781289407314,60000,USc,600,0.0,7.6377
BEAN OIL,2016-07-26,78074,4534,405977,30.14,73540,1329897360.0,18.11432667367856,60000,USc,600,0.0,7.6377
BEAN OIL,2016-08-02,77990,4505,401307,30.5,73485,1344775500.0,18.311417443503352,60000,USc,600,0.0,7.6377
BEAN OIL,2016-08-09,77946,4327,403604,31.22,73619,1379031107.9999998,18.24040396031754,60000,USc,600,0.0,7.6377
BEAN OIL,2016-08-16,79045,3767,426357,33.82,75278,1527541176.0,17.656095713216857,60000,USc,600,0.0,7.6377
BEAN OIL,2016-08-23,86591,6082,461766,34.35,80509,1659290490.0,17.435021201214468,60000,USc,600,0.0,7.6377
BEAN OIL,2016-08-30,86521,4731,438276,33.11,81790,1624840140.0,18.66175651872336,60000,USc,600,0.0,7.6377
BEAN OIL,2016-09-06,87589,5150,439954,33.09,82439,1636743906.0000002,18.73809534633166,60000,USc,600,0.0,7.6377
BEAN OIL,2016-09-13,89798,6983,438014,31.86,82815,1583091540.0,18.906929915482156,60000,USc,600,0.0,7.6377
BEAN OIL,2016-09-20,90867,8740,436602,34.14,82127,1682289468.0000002,18.810495600111775,60000,USc,600,0.0,7.6377
BEAN OIL,2016-09-27,95961,12838,453404,33.35,83123,1663291230.0000002,18.33309807588817,60000,USc,600,0.0,7.6377
BEAN OIL,2016-10-04,101595,18028,453671,33.14,83567,1661646228.0,18.420176736004727,60000,USc,600,0.0,7.6377
BEAN OIL,2016-10-11,106202,13989,472433,33.41,92213,1848501797.9999998,19.518746573588214,60000,USc,600,0.0,7.6377
BEAN OIL,2016-10-18,107401,12529,492761,35.14,94872,2000281248.0,19.25314706318073,60000,USc,600,0.0,7.6377
BEAN OIL,2016-10-25,112010,16200,507534,35.79,95810,2057423940.0,18.877553030929946,60000,USc,600,0.0,7.6377
BEAN OIL,2016-11-01,119718,22461,517984,34.81,97257,2031309702.0000002,18.776062581083586,60000,USc,600,0.0,7.6377
BEAN OIL,2016-11-08,123534,24660,515135,35.33,98874,2095931052.0,19.1938035660555,60000,USc,600,0.0,7.6377
BEAN OIL,2016-11-15,121173,23031,475835,34.23,98142,2015640395.9999998,20.625216724284677,60000,USc,600,0.0,7.6377
BEAN OIL,2016-11-22,111034,16067,472333,34.55,94967,1968665909.9999998,20.105942206028374,60000,USc,600,0.0,7.6377
BEAN OIL,2016-11-29,109955,13330,452674,36.59,96625,2121305250.0000002,21.345383211759454,60000,USc,600,0.0,7.6377
BEAN OIL,2016-12-06,110322,16856,467320,37.78,93466,2118687288.0,20.0004279722674,60000,USc,600,0.0,7.6377
BEAN OIL,2016-12-13,103451,10226,437906,36.77,93225,2056729950.0000002,21.28881540787292,60000,USc,600,0.0,7.6377
BEAN OIL,2016-12-20,103371,10630,438278,36.09,92741,2008213614.0000002,21.16031377344973,60000,USc,600,0.0,7.6377
BEAN OIL,2016-12-27,101424,9865,406645,35.36,91559,1942515743.9999998,22.515707804104316,60000,USc,600,0.0,7.6377
BEAN OIL,2017-01-03,101900,11854,400483,34.88,90046,1884482688.0000002,22.48435014719726,60000,USc,600,0.0,7.6377
BEAN OIL,2017-01-10,104957,13196,408014,35.61,91761,1960565526.0,22.489669472125957,60000,USc,600,0.0,7.6377
BEAN OIL,2017-01-17,103338,12646,426740,35.51,90692,1932283752.0,21.252284763556265,60000,USc,600,0.0,7.6377
BEAN OIL,2017-01-24,115152,21602,441762,35.31,93550,1981950300.0,21.176561134728654,60000,USc,600,0.0,7.6377
BEAN OIL,2017-01-31,113679,20068,444890,33.83,93611,1900116078.0,21.04138101553193,60000,USc,600,0.0,7.6377
BEAN OIL,2017-02-07,113655,18652,436421,34.34,95003,1957441812.0000002,21.768659161681036,60000,USc,600,0.0,7.6377
BEAN OIL,2017-02-14,110819,21035,416903,34.18,89784,1841290272.0,21.535944812102574,60000,USc,600,0.0,7.6377
BEAN OIL,2017-02-21,115802,26313,435295,32.65,89489,1753089510.0,20.558242111671397,60000,USc,600,0.0,7.6377
BEAN OIL,2017-02-28,105737,21795,395607,34.15,83942,1719971580.0,21.218532533549713,60000,USc,600,0.0,7.6377
BEAN OIL,2017-03-07,105018,22499,400102,33.76,82519,1671504864.0,20.62449075485751,60000,USc,600,0.0,7.6377
BEAN OIL,2017-03-14,99848,20498,418133,32.29,79350,1537326900.0,18.977215383621957,60000,USc,600,0.0,7.6377
BEAN OIL,2017-03-21,102422,22493,442204,33.09,79929,1586910366.0000002,18.075141789762192,60000,USc,600,0.0,7.6377
BEAN OIL,2017-03-28,103537,15642,441972,32.43,87895,1710260910.0,19.887006416696078,60000,USc,600,0.0,7.6377
BEAN OIL,2017-04-04,99732,14093,470552,31.39,85639,1612924926.0,18.199688876043453,60000,USc,600,0.0,7.6377
BEAN OIL,2017-04-11,94957,10915,475103,31.11,84042,1568727972.0,17.68921686455358,60000,USc,600,0.0,7.6377
BEAN OIL,2017-04-18,92137,9221,482545,31.19,82916,1551690024.0,17.18306064719353,60000,USc,600,0.0,7.6377
BEAN OIL,2017-04-25,89800,8939,452008,31.84,80861,1544768543.9999998,17.889285145395657,60000,USc,600,0.0,7.6377
BEAN OIL,2017-05-02,90017,11633,460786,32.66,78384,1536012864.0,17.010933491902964,60000,USc,600,0.0,7.6377
BEAN OIL,2017-05-09,91052,9319,449668,32.89,81733,1612919022.0,18.1762989583426,60000,USc,600,0.0,7.6377
BEAN OIL,2017-05-16,91965,8005,449112,33.0,83960,1662408000.0,18.694668590462957,60000,USc,600,0.0,7.6377
BEAN OIL,2017-05-23,96324,10749,458168,32.39,85575,1663064550.0,18.677646627437973,60000,USc,600,0.0,7.6377
BEAN OIL,2017-05-30,94960,9963,474362,31.37,84997,1599813534.0,17.918172197604363,60000,USc,600,0.0,7.6377
BEAN OIL,2017-06-06,97858,13920,501335,31.42,83938,1582399176.0,16.74289646643462,60000,USc,600,0.0,7.6377
BEAN OIL,2017-06-13,89766,6630,463085,32.14,83136,1603194624.0,17.952643683125128,60000,USc,600,0.0,7.6377
BEAN OIL,2017-06-20,90971,6696,450697,32.05,84275,1620608249.9999998,18.698815390384226,60000,USc,600,0.0,7.6377
BEAN OIL,2017-06-27,92413,6595,407615,32.07,85818,1651309956.0000002,21.05369036958895,60000,USc,600,0.0,7.6377
BEAN OIL,2017-07-03,94818,7767,404306,33.54,87051,1751814324.0,21.530969117450642,60000,USc,600,0.0,7.6377
BEAN OIL,2017-07-11,105748,9090,432122,34.28,96658,1988061744.0000002,22.368220085994235,60000,USc,600,0.0,7.6377
BEAN OIL,2017-07-18,105183,8555,432337,33.61,96628,1948600248.0,22.350157400361294,60000,USc,600,0.0,7.6377
BEAN OIL,2017-07-25,107952,7605,426819,33.93,100347,2042864226.0,23.51043416530192,60000,USc,600,0.0,7.6377
BEAN OIL,2017-08-01,108251,7998,438149,34.27,100253,2061402186.0000002,22.881029056325588,60000,USc,600,0.0,7.6377
BEAN OIL,2017-08-08,110208,11683,443731,34.21,98525,2022324150.0,22.20376759793659,60000,USc,600,0.0,7.6377
BEAN OIL,2017-08-15,112814,13094,449596,33.11,99720,1981037519.9999998,22.179912632674668,60000,USc,600,0.0,7.6377
BEAN OIL,2017-08-22,113640,16056,454813,34.42,97584,2015304768.0000002,21.45585108605075,60000,USc,600,0.0,7.6377
BEAN OIL,2017-08-29,116218,14008,441516,34.63,102210,2123719380.0000002,23.149783926290326,60000,USc,600,0.0,7.6377
BEAN OIL,2017-09-05,117020,14095,458084,35.47,102925,2190449850.0,22.468586547445447,60000,USc,600,0.0,7.6377
BEAN OIL,2017-09-12,121212,19617,472864,35.22,101595,2146905540.0,21.485035866549367,60000,USc,600,0.0,7.6377
BEAN OIL,2017-09-19,125672,24091,473144,34.8,101581,2121011280.0,21.469362392844463,60000,USc,600,0.0,7.6377
BEAN OIL,2017-09-26,124624,25499,465056,33.43,99125,1988249250.0,21.314637377004058,60000,USc,600,0.0,7.6377
BEAN OIL,2017-10-03,119551,24554,450331,32.73,94997,1865551085.9999998,21.094927952994574,60000,USc,600,0.0,7.6377
BEAN OIL,2017-10-10,115031,18695,461218,33.14,96336,1915545024.0,20.887302750543128,60000,USc,600,0.0,7.6377
BEAN OIL,2017-10-17,114701,17177,472962,33.64,97524,1968424416.0,20.61983838025042,60000,USc,600,0.0,7.6377
BEAN OIL,2017-10-24,113238,14651,477784,34.34,98587,2031286548.0000002,20.634219647372035,60000,USc,600,0.0,7.6377
BEAN OIL,2017-10-31,113744,13340,481860,34.67,100404,2088604008.0,20.836757564437804,60000,USc,600,0.0,7.6377
BEAN OIL,2017-11-07,117070,15947,502405,34.96,101123,2121156048.0,20.127785352454694,60000,USc,600,0.0,7.6377
BEAN OIL,2017-11-14,119184,21283,508238,34.04,97901,1999530024.0,19.26282568402992,60000,USc,600,0.0,7.6377
BEAN OIL,2017-11-21,122189,24356,515462,34.14,97833,2004011172.0,18.97967260438209,60000,USc,600,0.0,7.6377
BEAN OIL,2017-11-28,118185,20999,485484,34.01,97186,1983177516.0,20.018373417043613,60000,USc,600,0.0,7.6377
BEAN OIL,2017-12-05,122161,24012,501657,33.47,98149,1971028217.9999998,19.56496171687029,60000,USc,600,0.0,7.6377
BEAN OIL,2017-12-12,113829,15800,494301,33.46,98029,1968030204.0,19.831843350509104,60000,USc,600,0.0,7.6377
BEAN OIL,2017-12-19,116839,18631,500990,33.2,98208,1956303360.0,19.602786482764127,60000,USc,600,0.0,7.6377
BEAN OIL,2017-12-26,115617,18319,475641,33.43,97298,1951603284.0,20.456184391168968,60000,USc,600,0.0,7.6377
BEAN OIL,2018-01-02,116816,18948,468013,33.57,97868,1971257256.0000002,20.911384940161916,60000,USc,600,0.0,7.5441
BEAN OIL,2018-01-09,124140,16333,475819,33.69,107807,2179210698.0,22.657144838688662,60000,USc,600,0.0,7.5441
BEAN OIL,2018-01-16,124075,15676,498111,32.76,108399,2130690743.9999998,21.762016899847623,60000,USc,600,0.0,7.5441
BEAN OIL,2018-01-23,123492,13732,540168,32.52,109760,2141637120.0,20.319604271263756,60000,USc,600,0.0,7.5441
BEAN OIL,2018-01-30,126626,13504,536440,33.08,113122,2245245456.0,21.087540079039595,60000,USc,600,0.0,7.5441
BEAN OIL,2018-02-06,133845,15776,525277,33.14,118069,2347683996.0,22.47747379001936,60000,USc,600,0.0,7.5441
BEAN OIL,2018-02-13,132003,13620,539982,31.59,118383,2243831382.0,21.923508561396492,60000,USc,600,0.0,7.5441
BEAN OIL,2018-02-20,132224,16660,539130,32.03,115564,2220908952.0,21.43527535102851,60000,USc,600,0.0,7.5441
BEAN OIL,2018-02-27,129662,12810,491114,32.4,116852,2271602880.0,23.79325370484246,60000,USc,600,0.0,7.5441
BEAN OIL,2018-03-06,128628,14113,514235,32.49,114515,2232355410.0,22.269001526539423,60000,USc,600,0.0,7.5441
BEAN OIL,2018-03-13,127855,13397,517069,32.19,114458,2210641811.9999995,22.135923832215816,60000,USc,600,0.0,7.5441
BEAN OIL,2018-03-20,128639,12637,526434,31.74,116002,2209142088.0,22.035430842232834,60000,USc,600,0.0,7.5441
BEAN OIL,2018-03-27,132554,16742,547098,31.58,115812,2194405776.0,21.168419551890157,60000,USc,600,0.0,7.5441
BEAN OIL,2018-04-03,129611,17566,545053,32.38,112045,2176810260.0,20.55671650279881,60000,USc,600,0.0,7.5441
BEAN OIL,2018-04-10,126540,17921,572007,31.82,108619,2073753948.0,18.989103280204613,60000,USc,600,0.0,7.5441
BEAN OIL,2018-04-17,118182,12232,558796,31.19,105950,1982748300.0,18.960407733770463,60000,USc,600,0.0,7.5441
BEAN OIL,2018-04-24,111625,5162,518430,31.29,106463,1998736362.0,20.535655729799586,60000,USc,600,0.0,7.5441
BEAN OIL,2018-05-01,110345,6975,532786,30.38,103370,1884228360.0,19.401786082967647,60000,USc,600,0.0,7.5441
BEAN OIL,2018-05-08,109505,6053,538981,30.66,103452,1903102992.0,19.193997562066194,60000,USc,600,0.0,7.5441
BEAN OIL,2018-05-15,109301,4955,536377,31.11,104346,1947722436.0,19.453854285325434,60000,USc,600,0.0,7.5441
BEAN OIL,2018-05-22,109415,5875,542209,31.46,103540,1954421040.0,19.095957462897147,60000,USc,600,0.0,7.5441
BEAN OIL,2018-05-29,112443,7154,536461,31.24,105289,1973537016.0,19.626589817339937,60000,USc,600,0.0,7.5441
BEAN OIL,2018-06-05,117438,12094,534745,30.79,105344,1946125055.9999998,19.69985694115887,60000,USc,600,0.0,7.5441
BEAN OIL,2018-06-12,116086,10183,533174,30.05,105903,1909431090.0,19.862746495515534,60000,USc,600,0.0,7.5441
BEAN OIL,2018-06-19,130638,23495,562689,28.89,107143,1857216762.0,19.041246585591686,60000,USc,600,0.0,7.5441
BEAN OIL,2018-06-26,115741,18544,524465,29.56,97197,1723885992.0,18.532599887504407,60000,USc,600,0.0,7.5441
BEAN OIL,2018-07-03,119429,24329,520902,29.28,95100,1670716800.0,18.25679302440766,60000,USc,600,0.0,7.5441
BEAN OIL,2018-07-10,119957,25866,526870,29.42,94091,1660894332.0000002,17.85848501527891,60000,USc,600,0.0,7.5441
BEAN OIL,2018-07-17,127212,25029,550453,28.16,102183,1726483967.9999998,18.563437750361974,60000,USc,600,0.0,7.5441
BEAN OIL,2018-07-24,131461,26798,565582,28.58,104663,1794761124.0,18.5053626176222,60000,USc,600,0.0,7.5441
BEAN OIL,2018-07-31,127530,28309,542097,29.29,99221,1743709854.0,18.30318190286978,60000,USc,600,0.0,7.5441
BEAN OIL,2018-08-07,119980,23837,552033,29.06,96143,1676349348.0,17.41616896091357,60000,USc,600,0.0,7.5441
BEAN OIL,2018-08-14,119284,19197,571765,28.57,100087,1715691354.0,17.504918978951142,60000,USc,600,0.0,7.5441
BEAN OIL,2018-08-21,114610,20203,572391,28.93,94407,1638716705.9999998,16.493445913719817,60000,USc,600,0.0,7.5441
BEAN OIL,2018-08-28,114051,21036,558494,28.58,93015,1595021219.9999998,16.654610434489896,60000,USc,600,0.0,7.5441
BEAN OIL,2018-09-04,119441,20343,556714,28.75,99098,1709440500.0,17.800522350794125,60000,USc,600,0.0,7.5441
BEAN OIL,2018-09-11,123502,20676,596612,28.05,102826,1730561580.0000002,17.234986892653854,60000,USc,600,0.0,7.5441
BEAN OIL,2018-09-18,128921,30606,638655,27.36,98315,1613939040.0,15.394070350971964,60000,USc,600,0.0,7.5441
BEAN OIL,2018-09-25,138389,33995,617858,28.61,104394,1792027404.0,16.89611528862619,60000,USc,600,0.0,7.5441
BEAN OIL,2018-10-02,134162,26703,587068,29.67,107459,1912985118.0000002,18.304353158407544,60000,USc,600,0.0,7.5441
BEAN OIL,2018-10-09,128113,22306,569608,29.22,105807,1855008324.0,18.57540624429432,60000,USc,600,0.0,7.5441
BEAN OIL,2018-10-16,137697,27095,565711,29.68,110602,1969600416.0,19.55097213948465,60000,USc,600,0.0,7.5441
BEAN OIL,2018-10-23,138146,30042,564666,28.76,108104,1865442624.0,19.144768765960762,60000,USc,600,0.0,7.5441
BEAN OIL,2018-10-30,139676,38221,579309,27.99,101455,1703835269.9999998,17.513106131615423,60000,USc,600,0.0,7.5441
BEAN OIL,2018-11-06,135869,41068,590032,27.93,94801,1588675158.0,16.06709466605201,60000,USc,600,0.0,7.5441
BEAN OIL,2018-11-13,133836,41711,610322,27.59,92125,1525037250.0,15.094491104695553,60000,USc,600,0.0,7.5441
BEAN OIL,2018-11-20,127146,35185,611161,27.32,91961,1507424712.0,15.046935259285195,60000,USc,600,0.0,7.5441
BEAN OIL,2018-11-27,119889,28596,565612,27.41,91293,1501404678.0,16.140569860611162,60000,USc,600,0.0,7.5441
BEAN OIL,2018-12-04,125206,26493,554819,28.84,98713,1708129752.0,17.791928538856816,60000,USc,600,0.0,7.5441
BEAN OIL,2018-12-11,122937,18256,533381,28.96,104681,1818937056.0000002,19.625933432199496,60000,USc,600,0.0,7.5441
BEAN OIL,2018-12-18,115353,11882,508126,28.4,103471,1763145840.0,20.363256357675063,60000,USc,600,0.0,7.5441
BEAN OIL,2018-12-24,113545,11109,492960,28.01,102436,1721539416.0000002,20.77977929243752,60000,USc,600,0.0,7.5441
BEAN OIL,2018-12-31,115154,13675,497575,27.84,101479,1695105216.0,20.394714364668644,60000,USc,600,0.0,7.5441
BEAN OIL,2019-01-08,118674,15227,500053,28.4,103447,1762736880.0,20.68720715604146,60000,USc,600,0.0,8.6503
BEAN OIL,2019-01-15,130770,16132,514594,28.27,114638,1944489755.9999998,22.2773681776313,60000,USc,600,0.0,8.6503
BEAN OIL,2019-01-22,135014,19419,532892,29.06,115595,2015514419.9999998,21.692012640459982,60000,USc,600,0.0,8.6503
BEAN OIL,2019-01-29,136306,16806,526650,30.11,119500,2158887000.0,22.690591474413747,60000,USc,600,0.0,8.6503
BEAN OIL,2019-02-05,138408,14898,535293,30.39,123510,2252081340.0,23.07334487841238,60000,USc,600,0.0,8.6503
BEAN OIL,2019-02-12,144481,16815,554377,30.32,127666,2322499872.0,23.028733154513986,60000,USc,600,0.0,8.6503
BEAN OIL,2019-02-19,143006,17461,545501,29.74,125545,2240224980.0,23.01462325458615,60000,USc,600,0.0,8.6503
BEAN OIL,2019-02-26,138910,16108,511919,30.44,122802,2242855728.0,23.98856069026545,60000,USc,600,0.0,8.6503
BEAN OIL,2019-03-05,137299,17121,515328,30.06,120178,2167530408.0,23.320681197218082,60000,USc,600,0.0,8.6503
BEAN OIL,2019-03-12,136138,18632,500032,29.97,117506,2112992892.0,23.499696019454756,60000,USc,600,0.0,8.6503
BEAN OIL,2019-03-19,138151,19544,510093,29.29,118607,2084399417.9999998,23.25203443293674,60000,USc,600,0.0,8.6503
BEAN OIL,2019-03-26,133688,20311,512043,28.64,113377,1948270368.0000002,22.142085723269332,60000,USc,600,0.0,8.6503
BEAN OIL,2019-04-02,129599,23578,511357,28.97,106021,1842857022.0,20.733264627256496,60000,USc,600,0.0,8.6503
BEAN OIL,2019-04-09,126015,19783,511702,28.98,106232,1847162016.0,20.760520771855496,60000,USc,600,0.0,8.6503
BEAN OIL,2019-04-16,129088,21305,505393,28.74,107783,1858610052.0,21.32657159873603,60000,USc,600,0.0,8.6503
BEAN OIL,2019-04-23,129023,24638,522949,28.33,104385,1774336230.0,19.960837481284024,60000,USc,600,0.0,8.6503
BEAN OIL,2019-04-30,127367,26950,509696,27.9,100417,1680980580.0,19.701351393771972,60000,USc,600,0.0,8.6503
BEAN OIL,2019-05-07,130674,28153,536990,27.06,102521,1664530955.9999998,19.09178941879737,60000,USc,600,0.0,8.6503
BEAN OIL,2019-05-14,136778,33141,580896,26.93,103637,1674566646.0,17.840887181182175,60000,USc,600,0.0,8.6503
BEAN OIL,2019-05-21,139443,36113,586552,27.13,103330,1682005740.0,17.616511409048133,60000,USc,600,0.0,8.6503
BEAN OIL,2019-05-28,140863,37906,581773,27.29,102957,1685817917.9999998,17.697108666094852,60000,USc,600,0.0,8.6503
BEAN OIL,2019-06-04,141793,32066,550353,27.45,109727,1807203690.0,19.93756734314158,60000,USc,600,0.0,8.6503
BEAN OIL,2019-06-11,143319,33096,520712,27.27,110223,1803468726.0,21.167747238396657,60000,USc,600,0.0,8.6503
BEAN OIL,2019-06-18,141016,32117,500234,28.34,108899,1851718596.0,21.76961182166746,60000,USc,600,0.0,8.6503
BEAN OIL,2019-06-25,137023,28424,453669,27.97,108599,1822508417.9999998,23.937937130374788,60000,USc,600,0.0,8.6503
BEAN OIL,2019-07-02,136322,29662,439117,28.24,106660,1807247040.0,24.289654010206846,60000,USc,600,0.0,8.6503
BEAN OIL,2019-07-09,134194,29719,446962,28.5,104475,1786522500.0,23.374470312912507,60000,USc,600,0.0,8.6503
BEAN OIL,2019-07-16,135512,27943,457869,28.48,107569,1838139072.0,23.49340095092701,60000,USc,600,0.0,8.6503
BEAN OIL,2019-07-23,134393,29153,469660,28.46,105240,1797078240.0,22.407699186645658,60000,USc,600,0.0,8.6503
BEAN OIL,2019-07-30,138060,30810,450640,28.8,107250,1853280000.0,23.79948517663767,60000,USc,600,0.0,8.6503
BEAN OIL,2019-08-06,137418,28585,468719,27.94,108833,1824476412.0,23.21924223255298,60000,USc,600,0.0,8.6503
BEAN OIL,2019-08-13,137598,21017,485712,29.61,116581,2071178046.0,24.002083539216656,60000,USc,600,0.0,8.6503
BEAN OIL,2019-08-20,137237,22297,500135,28.82,114940,1987542480.0,22.98179491537285,60000,USc,600,0.0,8.6503
BEAN OIL,2019-08-27,136937,25644,496033,28.37,111293,1894429446.0,22.43661208024466,60000,USc,600,0.0,8.6503
BEAN OIL,2019-09-03,140310,28362,507823,29.03,111948,1949910264.0,22.044688799050064,60000,USc,600,0.0,8.6503
BEAN OIL,2019-09-10,140341,29784,526548,28.56,110557,1894504752.0,20.996566314941848,60000,USc,600,0.0,8.6503
BEAN OIL,2019-09-17,146463,31784,527411,30.04,114679,2066974295.9999998,21.743763402735247,60000,USc,600,0.0,8.6503
BEAN OIL,2019-09-24,148669,32365,526593,29.31,116304,2045322143.9999998,22.086127236784385,60000,USc,600,0.0,8.6503
BEAN OIL,2019-10-01,138047,32731,512020,28.87,105316,1824283752.0,20.568727784070933,60000,USc,600,0.0,8.6503
BEAN OIL,2019-10-08,149898,32167,505406,29.8,117731,2105030280.0000002,23.29434157884948,60000,USc,600,0.0,8.6503
BEAN OIL,2019-10-15,151528,29600,521603,30.36,121928,2221040448.0,23.375632425427,60000,USc,600,0.0,8.6503
BEAN OIL,2019-10-22,153065,32366,533010,30.79,120699,2229793326.0,22.644790904485845,60000,USc,600,0.0,8.6503
BEAN OIL,2019-10-29,161619,37945,549304,30.97,123674,2298110268.0,22.51467311361286,60000,USc,600,0.0,8.6503
BEAN OIL,2019-11-05,168135,37024,577583,31.56,131111,2482717896.0,22.69994096086623,60000,USc,600,0.0,8.6503
BEAN OIL,2019-11-12,165602,31098,582197,31.05,134504,2505809520.0,23.102832889898092,60000,USc,600,0.0,8.6503
BEAN OIL,2019-11-19,162921,30623,554290,30.95,132298,2456773860.0,23.868011329809306,60000,USc,600,0.0,8.6503
BEAN OIL,2019-11-26,173744,40740,552038,30.36,133004,2422800864.0,24.09326894163083,60000,USc,600,0.0,8.6503
BEAN OIL,2019-12-03,175615,39611,560031,30.25,136004,2468472600.0,24.285084218552186,60000,USc,600,0.0,8.6503
BEAN OIL,2019-12-10,166640,32949,550400,31.68,133691,2541198528.0,24.289789244186046,60000,USc,600,0.0,8.6503
BEAN OIL,2019-12-17,169677,29676,561425,33.86,140001,2844260316.0,24.9367235160529,60000,USc,600,0.0,8.6503
BEAN OIL,2019-12-24,173044,29639,561516,34.16,143405,2939228880.0,25.538898268259498,60000,USc,600,0.0,8.6503
BEAN OIL,2019-12-31,170289,32192,540191,34.82,138097,2885122524.0,25.564476268579078,60000,USc,600,0.0,8.6503
BEAN OIL,2020-01-07,173169,32669,558935,34.69,140500,2924367000.0,25.13709107499083,60000,USc,600,0.0,8.2349
BEAN OIL,2020-01-14,161275,36353,582432,34.08,124922,2554405056.0,21.448340750508212,60000,USc,600,0.0,8.2349
BEAN OIL,2020-01-21,162430,39379,589509,32.71,123051,2414998926.0,20.873472669628455,60000,USc,600,0.0,8.2349
BEAN OIL,2020-01-28,161856,40966,592545,31.49,120890,2284095660.0,20.401826021652365,60000,USc,600,0.0,8.2349
BEAN OIL,2020-02-04,154567,44661,573527,30.77,109906,2029084572.0,19.163178019517826,60000,USc,600,0.0,8.2349
BEAN OIL,2020-02-11,145720,40514,558381,30.74,105206,1940419464.0,18.841257134465536,60000,USc,600,0.0,8.2349
BEAN OIL,2020-02-18,138259,34736,561772,30.41,103523,1888880658.0,18.427938736711692,60000,USc,600,0.0,8.2349
BEAN OIL,2020-02-25,133319,32888,535217,29.67,100431,1787872662.0,18.76453849560085,60000,USc,600,0.0,8.2349
BEAN OIL,2020-03-03,131233,33035,498604,29.19,98198,1719839772.0,19.69458728770728,60000,USc,600,0.0,8.2349
BEAN OIL,2020-03-10,129932,33177,504736,27.71,96755,1608648630.0000002,19.169427185697078,60000,USc,600,0.0,8.2349
BEAN OIL,2020-03-17,120441,35618,520002,25.22,84823,1283541636.0,16.31205264595136,60000,USc,600,0.0,8.2349
BEAN OIL,2020-03-24,117383,35654,511224,26.5,81729,1299491100.0,15.986925496455564,60000,USc,600,0.0,8.2349
BEAN OIL,2020-03-31,115095,34865,500693,27.07,80230,1303095660.0,16.023791025638463,60000,USc,600,0.0,8.2349
BEAN OIL,2020-04-07,114677,35834,511947,27.51,78843,1301382558.0,15.400617642060604,60000,USc,600,0.0,8.2349
BEAN OIL,2020-04-14,108542,30258,526687,26.74,78284,1255988496.0,14.86347678982014,60000,USc,600,0.0,8.2349
BEAN OIL,2020-04-21,106740,32232,520367,25.81,74508,1153830888.0,14.318356083302747,60000,USc,600,0.0,8.2349
BEAN OIL,2020-04-28,103809,28929,506840,25.77,74880,1157794560.0,14.773893141819904,60000,USc,600,0.0,8.2349
BEAN OIL,2020-05-05,105933,23915,500798,26.26,82018,1292275608.0,16.37746157133215,60000,USc,600,0.0,8.2349
BEAN OIL,2020-05-12,106113,24498,510840,26.24,81615,1284946560.0,15.976626732440685,60000,USc,600,0.0,8.2349
BEAN OIL,2020-05-19,105098,25542,515336,27.11,79556,1294057896.0,15.437695018395765,60000,USc,600,0.0,8.2349
BEAN OIL,2020-05-26,106391,25218,519032,27.24,81173,1326691512.0,15.639305476348278,60000,USc,600,0.0,8.2349
BEAN OIL,2020-06-02,111230,27111,525264,27.98,84119,1412189772.0,16.014613603825886,60000,USc,600,0.0,8.2349
BEAN OIL,2020-06-09,107703,24592,518021,28.27,83111,1409728781.9999998,16.043944164425767,60000,USc,600,0.0,8.2349
BEAN OIL,2020-06-16,109046,26620,508744,27.97,82426,1383273131.9999998,16.20186184013964,60000,USc,600,0.0,8.2349
BEAN OIL,2020-06-23,106465,25045,506222,28.19,81420,1377137880.0000002,16.083852539004624,60000,USc,600,0.0,8.2349
BEAN OIL,2020-06-30,108649,24713,457565,28.71,83936,1445881536.0,18.34406040671817,60000,USc,600,0.0,8.2349
BEAN OIL,2020-07-07,114921,24758,471406,29.54,90163,1598049012.0,19.126400597361933,60000,USc,600,0.0,8.2349
BEAN OIL,2020-07-14,113801,24719,467484,29.14,89082,1557509688.0,19.055625433169908,60000,USc,600,0.0,8.2349
BEAN OIL,2020-07-21,113208,26064,481302,30.66,87144,1603101024.0,18.105887779398383,60000,USc,600,0.0,8.2349
BEAN OIL,2020-07-28,115522,26014,460732,29.91,89508,1606310567.9999998,19.427346049330197,60000,USc,600,0.0,8.2349
BEAN OIL,2020-08-04,118645,25621,470078,31.06,93024,1733595264.0,19.789056284276228,60000,USc,600,0.0,8.2349
BEAN OIL,2020-08-11,118521,20424,476630,30.54,98097,1797529428.0,20.581373392358852,60000,USc,600,0.0,8.2349
BEAN OIL,2020-08-18,125446,21558,489389,31.89,103888,1987792992.0,21.22810279757003,60000,USc,600,0.0,8.2349
BEAN OIL,2020-08-25,129672,20304,486373,32.27,109368,2117583216.0000002,22.486445588056903,60000,USc,600,0.0,8.2349
BEAN OIL,2020-09-01,133456,23118,492985,32.86,110338,2175424008.0,22.381614045052082,60000,USc,600,0.0,8.2349
BEAN OIL,2020-09-08,136491,24176,510938,33.48,112315,2256183720.0,21.982119161228955,60000,USc,600,0.0,8.2349
BEAN OIL,2020-09-15,138452,24075,523398,34.15,114377,2343584730.0,21.85277742750259,60000,USc,600,0.0,8.2349
BEAN OIL,2020-09-22,141492,26007,528194,33.64,115485,2330949240.0,21.864125681094446,60000,USc,600,0.0,8.2349
BEAN OIL,2020-09-29,144214,27031,517491,32.68,117183,2297724264.0,22.64445178756732,60000,USc,600,0.0,8.2349
BEAN OIL,2020-10-06,144374,24694,525540,33.05,119680,2373254399.9999995,22.77276705864444,60000,USc,600,0.0,8.2349
BEAN OIL,2020-10-13,142276,27874,529660,33.58,114402,2304971496.0,21.599139070347015,60000,USc,600,0.0,8.2349
BEAN OIL,2020-10-20,142663,28243,526968,33.43,114420,2295036360.0,21.71289338252038,60000,USc,600,0.0,8.2349
BEAN OIL,2020-10-27,142823,25569,532679,34.07,117254,2396906268.0,22.012131133384273,60000,USc,600,0.0,8.2349
BEAN OIL,2020-11-03,150554,26713,535163,33.77,123841,2509266342.0,23.140800092682042,60000,USc,600,0.0,8.2349
BEAN OIL,2020-11-10,156028,28607,553732,36.06,127421,2756880756.0000005,23.01131233159723,60000,USc,600,0.0,8.2349
BEAN OIL,2020-11-17,158569,29522,576395,37.49,129047,2902783218.0,22.388639734904014,60000,USc,600,0.0,8.2349
BEAN OIL,2020-11-24,153995,23400,536745,37.97,130595,2975215289.9999995,24.330920642018093,60000,USc,600,0.0,8.2349
BEAN OIL,2020-12-01,153938,23950,545609,37.07,129988,2891193096.0,23.824387061063877,60000,USc,600,0.0,8.2349
BEAN OIL,2020-12-08,155387,25763,559365,37.41,129624,2909540304.0,23.173419860019845,60000,USc,600,0.0,8.2349
BEAN OIL,2020-12-15,153917,28858,578648,39.24,125059,2944389096.0,21.612275511191605,60000,USc,600,0.0,8.2349
BEAN OIL,2020-12-21,153484,30093,588977,39.49,123391,2923626354.0,20.950054076814546,60000,USc,600,0.0,8.2349
BEAN OIL,2020-12-29,151905,26890,557576,41.86,125015,3139876740.0,22.421158729930987,60000,USc,600,0.0,8.2349
BEAN OIL,2021-01-05,150706,27794,571571,43.69,122912,3222015167.9999995,21.50424006816301,60000,USc,600,0.0,9.0125
BEAN OIL,2021-01-12,149445,26244,568408,42.62,123201,3150495972.0,21.674747716429042,60000,USc,600,0.0,9.0125
BEAN OIL,2021-01-19,150272,25630,559232,41.67,124642,3116299284.0000005,22.288066491187916,60000,USc,600,0.0,9.0125
BEAN OIL,2021-01-26,154480,25864,575294,43.91,128616,3388517135.9999995,22.356568989073413,60000,USc,600,0.0,9.0125
BEAN OIL,2021-02-02,155703,26879,581377,44.34,128824,3427233696.0,22.15842731996622,60000,USc,600,0.0,9.0125
BEAN OIL,2021-02-09,160481,27758,601413,46.55,132723,3706953389.9999995,22.06852861511141,60000,USc,600,0.0,9.0125
BEAN OIL,2021-02-16,162268,32374,626841,47.24,129894,3681715536.0000005,20.722001273050104,60000,USc,600,0.0,9.0125
BEAN OIL,2021-02-23,153207,23999,551290,48.35,129208,3748324080.0,23.437392298064537,60000,USc,600,0.0,9.0125
BEAN OIL,2021-03-02,151985,25845,548774,49.67,126140,3759224280.0,22.985782854143967,60000,USc,600,0.0,9.0125
BEAN OIL,2021-03-09,155914,30567,590495,53.57,125347,4028903274.0,21.22744477091254,60000,USc,600,0.0,9.0125
BEAN OIL,2021-03-16,157553,34529,604977,55.14,123024,4070126016.0,20.335318532770668,60000,USc,600,0.0,9.0125
BEAN OIL,2021-03-23,158774,36706,615294,56.96,122068,4171795968.0,19.838971288522234,60000,USc,600,0.0,9.0125
BEAN OIL,2021-03-30,154607,33469,589479,50.46,121138,3667574088.0000005,20.55001111150694,60000,USc,600,0.0,9.0125
BEAN OIL,2021-04-06,155750,35233,603836,54.09,120517,3911258718.0,19.9585649083526,60000,USc,600,0.0,9.0125
BEAN OIL,2021-04-13,148793,33540,598089,51.12,115253,3535040015.9999995,19.270208948835375,60000,USc,600,0.0,9.0125
BEAN OIL,2021-04-20,153119,38172,622088,55.12,114947,3801527184.0,18.477610884633684,60000,USc,600,0.0,9.0125
BEAN OIL,2021-04-27,152720,31926,572191,60.71,120794,4400042244.0,21.110782937865153,60000,USc,600,0.0,9.0125
BEAN OIL,2021-05-04,155502,30881,585496,63.61,124621,4756285086.0,21.28468853758181,60000,USc,600,0.0,9.0125
BEAN OIL,2021-05-11,156207,29705,602999,64.85,126502,4922192820.0,20.97880759337909,60000,USc,600,0.0,9.0125
BEAN OIL,2021-05-18,158103,32311,623254,68.63,125792,5179862975.999999,20.183103517987853,60000,USc,600,0.0,9.0125
BEAN OIL,2021-05-25,156674,30303,619928,66.65,126371,5053576290.0,20.384786620381725,60000,USc,600,0.0,9.0125
BEAN OIL,2021-06-01,159489,31478,650311,67.33,128011,5171388377.999999,19.684581684763135,60000,USc,600,0.0,9.0125
BEAN OIL,2021-06-08,161395,37982,667461,72.32,123413,5355136895.999999,18.48991926120028,60000,USc,600,0.0,9.0125
BEAN OIL,2021-06-15,163614,41574,662386,65.6,122040,4803494399.999999,18.424302446005804,60000,USc,600,0.0,9.0125
BEAN OIL,2021-06-22,160723,40571,631820,58.0,120152,4181289600.0,19.016808584723496,60000,USc,600,0.0,9.0125
BEAN OIL,2021-06-29,155720,30708,577346,61.26,125012,4594941072.0,21.652873666744032,60000,USc,600,0.0,9.0125
BEAN OIL,2021-07-06,151982,33705,575457,58.78,118277,4171393236.0000005,20.553577417600273,60000,USc,600,0.0,9.0125
BEAN OIL,2021-07-13,157031,36043,575087,63.34,120988,4598027952.000001,21.038208131986984,60000,USc,600,0.0,9.0125
BEAN OIL,2021-07-20,153315,36155,567643,63.91,117160,4492617360.0,20.639733071666523,60000,USc,600,0.0,9.0125
BEAN OIL,2021-07-27,139513,23419,508178,63.14,116094,4398105096.0,22.8451448114637,60000,USc,600,0.0,9.0125
BEAN OIL,2021-08-03,141366,24039,504327,61.7,117327,4343445540.0,23.264072714726755,60000,USc,600,0.0,9.0125
BEAN OIL,2021-08-10,137040,20181,501924,60.74,116859,4258809396.0,23.282210055705647,60000,USc,600,0.0,9.0125
BEAN OIL,2021-08-17,138358,19828,502103,62.19,118530,4422828420.0,23.606710176995556,60000,USc,600,0.0,9.0125
BEAN OIL,2021-08-24,137678,19371,495595,60.63,118307,4303772046.0,23.871709763012134,60000,USc,600,0.0,9.0125
BEAN OIL,2021-08-31,135577,18152,470377,58.65,117425,4132185750.0,24.964018223680153,60000,USc,600,0.0,9.0125
BEAN OIL,2021-09-07,130906,17843,460098,57.48,113063,3899316743.9999995,24.573677781689987,60000,USc,600,0.0,9.0125
BEAN OIL,2021-09-14,133289,19095,445998,56.9,114194,3898583160.0,25.604150691258702,60000,USc,600,0.0,9.0125
BEAN OIL,2021-09-21,135078,21240,445944,55.25,113838,3773729700.0,25.527420483289383,60000,USc,600,0.0,9.0125
BEAN OIL,2021-09-28,136728,21052,438193,57.4,115676,3983881439.9999995,26.398413484469174,60000,USc,600,0.0,9.0125
BEAN OIL,2021-10-05,138602,20079,448531,61.22,118523,4353586836.0,26.424706430547722,60000,USc,600,0.0,9.0125
BEAN OIL,2021-10-12,138582,20599,460957,58.96,117983,4173766608.0,25.595229056072476,60000,USc,600,0.0,9.0125
BEAN OIL,2021-10-19,143461,23535,481777,62.33,119926,4484992548.0,24.8924294850107,60000,USc,600,0.0,9.0125
BEAN OIL,2021-10-26,147292,23447,478248,62.22,123845,4623381540.0,25.89556046235426,60000,USc,600,0.0,9.0125
BEAN OIL,2021-11-02,149435,24518,488744,61.84,124917,4634920368.0,25.5587792382106,60000,USc,600,0.0,9.0125
BEAN OIL,2021-11-09,148410,24196,484856,58.55,124214,4363637820.0,25.618740409523653,60000,USc,600,0.0,9.0125
BEAN OIL,2021-11-16,149374,23793,495844,59.12,125581,4454609232.0,25.326715660570663,60000,USc,600,0.0,9.0125
BEAN OIL,2021-11-23,150977,24044,498334,60.07,126933,4574919186.0,25.471470941176,60000,USc,600,0.0,9.0125
BEAN OIL,2021-11-30,140763,12490,436518,55.4,128273,4263794520.0,29.385500712456302,60000,USc,600,0.0,9.0125
BEAN OIL,2021-12-07,135820,15178,425461,57.0,120642,4125956400.0,28.355595459983405,60000,USc,600,0.0,9.0125
BEAN OIL,2021-12-14,133879,14870,451435,52.23,119009,3729504041.9999995,26.36237775094975,60000,USc,600,0.0,9.0125
BEAN OIL,2021-12-21,133794,15948,456215,53.93,117846,3813260868.0,25.83124184868976,60000,USc,600,0.0,9.0125
BEAN OIL,2021-12-28,132864,14593,419844,56.54,118271,4012225404.0,28.170225131239224,60000,USc,600,0.0,9.0125
BEAN OIL,2022-01-04,134766,13796,422697,58.43,120970,4240966260.0,28.618608601433177,60000,USc,600,0.0,9.0766
BEAN OIL,2022-01-11,132610,13364,430663,58.87,119246,4212007211.9999995,27.68893543211281,60000,USc,600,0.0,9.0766
BEAN OIL,2022-01-18,132582,13579,434799,59.13,119003,4221988434.0000005,27.369658163887223,60000,USc,600,0.0,9.0766
BEAN OIL,2022-01-25,135089,15619,455930,62.48,119470,4478691360.0,26.20358388349089,60000,USc,600,0.0,9.0766
BEAN OIL,2022-02-01,135665,16683,496168,65.91,118982,4705262171.999999,23.980184131181375,60000,USc,600,0.0,9.0766
BEAN OIL,2022-02-08,137725,18756,484568,63.24,118969,4514159736.0,24.55155932707071,60000,USc,600,0.0,9.0766
BEAN OIL,2022-02-15,139910,19221,486365,65.66,120689,4754663844.0,24.81449117432381,60000,USc,600,0.0,9.0766
BEAN OIL,2022-02-22,138711,15354,457440,70.41,123357,5211339821.999999,26.96681532004197,60000,USc,600,0.0,9.0766
BEAN OIL,2022-03-01,141148,16010,439766,76.15,125138,5717555220.000001,28.455587744391337,60000,USc,600,0.0,9.0766
BEAN OIL,2022-03-08,136529,17560,418231,75.57,118969,5394292398.0,28.44576322654227,60000,USc,600,0.0,9.0766
BEAN OIL,2022-03-15,134650,15777,414017,73.69,118873,5255850821.999999,28.71210602463184,60000,USc,600,0.0,9.0766
BEAN OIL,2022-03-22,134300,16422,415464,74.5,117878,5269146600.0,28.372614715113702,60000,USc,600,0.0,9.0766
BEAN OIL,2022-03-29,130788,14762,400221,71.58,116026,4983084648.0,28.990482758276055,60000,USc,600,0.0,9.0766
BEAN OIL,2022-04-05,132318,15409,410957,72.34,116909,5074318236.0,28.447988475679935,60000,USc,600,0.0,9.0766
BEAN OIL,2022-04-12,136932,18986,432997,75.47,117946,5340830771.999999,27.239449695956324,60000,USc,600,0.0,9.0766
BEAN OIL,2022-04-19,139534,22173,471333,78.18,117361,5505169788.0,24.899805445406965,60000,USc,600,0.0,9.0766
BEAN OIL,2022-04-26,132908,15994,440799,82.2,116914,5766198480.0,26.52319991651524,60000,USc,600,0.0,9.0766
BEAN OIL,2022-05-03,131411,16879,425185,80.11,114532,5505095112.0,26.93698037324929,60000,USc,600,0.0,9.0766
BEAN OIL,2022-05-10,130318,16521,437582,81.04,113797,5533265328.000001,26.00586861433971,60000,USc,600,0.0,9.0766
BEAN OIL,2022-05-17,129740,17148,447084,83.41,112592,5634779231.999999,25.18363439532616,60000,USc,600,0.0,9.0766
BEAN OIL,2022-05-24,125501,15286,436457,80.16,110215,5300900640.0,25.252201247774696,60000,USc,600,0.0,9.0766
BEAN OIL,2022-05-31,125299,16656,446521,77.98,108643,5083188684.0,24.330994510896463,60000,USc,600,0.0,9.0766
BEAN OIL,2022-06-07,124224,20254,471053,81.57,103970,5088499739.999999,22.07182631253808,60000,USc,600,0.0,9.0766
BEAN OIL,2022-06-14,121116,20045,453471,78.27,101071,4746496302.0,22.288305095584942,60000,USc,600,0.0,9.0766
BEAN OIL,2022-06-21,119653,20535,451454,73.32,99118,4360399056.0,21.95528226574579,60000,USc,600,0.0,9.0766
BEAN OIL,2022-06-28,115674,16137,404637,66.62,99537,3978692964.0000005,24.59908510590974,60000,USc,600,0.0,9.0766
BEAN OIL,2022-07-05,114449,17820,414025,57.38,96629,3326743212.0000005,23.338928808646823,60000,USc,600,0.0,9.0766
BEAN OIL,2022-07-12,111506,19489,427432,57.71,92017,3186180642.0,21.52786876041101,60000,USc,600,0.0,9.0766
BEAN OIL,2022-07-19,110012,19889,436352,59.48,90123,3216309624.0,20.65373826635377,60000,USc,600,0.0,9.0766
BEAN OIL,2022-07-26,107486,17994,414842,57.91,89492,3109489032.0,21.57255051320744,60000,USc,600,0.0,9.0766
BEAN OIL,2022-08-02,112905,18062,427708,61.41,94843,3494585178.0,22.174707978340365,60000,USc,600,0.0,9.0766
BEAN OIL,2022-08-09,117650,19029,457240,64.54,98621,3818999604.0000005,21.56876038841746,60000,USc,600,0.0,9.0766
BEAN OIL,2022-08-16,120927,18710,462872,65.82,102217,4036753763.9999995,22.083210909279455,60000,USc,600,0.0,9.0766
BEAN OIL,2022-08-23,122911,20178,472042,66.98,102733,4128633804.0000005,21.76352951644133,60000,USc,600,0.0,9.0766
BEAN OIL,2022-08-30,121340,18283,439383,66.5,103057,4111974300.0,23.454935671157052,60000,USc,600,0.0,9.0766
BEAN OIL,2022-09-06,118355,16466,439474,63.3,101889,3869744219.9999995,23.184306693911356,60000,USc,600,0.0,9.0766
BEAN OIL,2022-09-13,121540,17749,449801,66.78,103791,4158697788.0000005,23.074870887347963,60000,USc,600,0.0,9.0766
BEAN OIL,2022-09-20,123347,18703,454576,65.8,104644,4131345119.9999995,23.02013304705924,60000,USc,600,0.0,9.0766
BEAN OIL,2022-09-27,121631,19605,447185,62.41,102026,3820465595.9999995,22.815165982758813,60000,USc,600,0.0,9.0766
BEAN OIL,2022-10-04,116035,19253,452583,65.04,96782,3776820768.0,21.384364856832892,60000,USc,600,0.0,9.0766
BEAN OIL,2022-10-11,114952,19558,439056,65.37,95394,3741543468.0,21.72706898436646,60000,USc,600,0.0,9.0766
BEAN OIL,2022-10-18,119372,21346,459121,68.68,98026,4039455408.0000005,21.35079859122105,60000,USc,600,0.0,9.0766
BEAN OIL,2022-10-25,123700,21537,482923,72.18,102163,4424475204.0,21.15513239170634,60000,USc,600,0.0,9.0766
BEAN OIL,2022-11-01,127398,23148,493168,73.29,104250,4584289500.000001,21.13884112513383,60000,USc,600,0.0,9.0766
BEAN OIL,2022-11-08,127091,20323,518361,75.03,106768,4806481824.0,20.59722857236559,60000,USc,600,0.0,9.0766
BEAN OIL,2022-11-15,127514,18878,536578,77.03,108636,5020938648.0,20.24607792343331,60000,USc,600,0.0,9.0766
BEAN OIL,2022-11-22,125266,19267,520069,71.48,105999,4546085112.0,20.381718579650006,60000,USc,600,0.0,9.0766
BEAN OIL,2022-11-29,121264,15616,479986,72.92,105648,4622311296.0,22.010641977057666,60000,USc,600,0.0,9.0766
BEAN OIL,2022-12-06,119656,20379,485549,61.75,99277,3678212850.0,20.446340122212174,60000,USc,600,0.0,9.0766
BEAN OIL,2022-12-13,122865,23954,464030,64.17,98911,3808271322.0,21.315647695192123,60000,USc,600,0.0,9.0766
BEAN OIL,2022-12-20,121025,20501,445456,64.75,100524,3905357400.0,22.56653855824144,60000,USc,600,0.0,9.0766
BEAN OIL,2022-12-27,114536,14627,403106,66.24,99909,3970783295.9999995,24.784796058604933,60000,USc,600,0.0,9.0766
BEAN OIL,2023-01-03,114740,14400,406954,63.41,100340,3817535639.9999995,24.656349366267442,60000,USc,600,0.0,9.4165
BEAN OIL,2023-01-10,111555,15993,408665,62.78,95562,3599629416.0,23.383945285258097,60000,USc,600,0.0,9.4165
BEAN OIL,2023-01-17,109580,15913,412731,63.9,93667,3591192780.0,22.694442627280235,60000,USc,600,0.0,9.4165
BEAN OIL,2023-01-24,115332,19082,442965,60.98,96250,3521595000.0,21.728579007370787,60000,USc,600,0.0,9.4165
BEAN OIL,2023-01-31,124168,22927,461965,62.22,101241,3779529011.9999995,21.9152966133798,60000,USc,600,0.0,9.4165
BEAN OIL,2023-02-07,126609,21960,499140,60.94,104649,3826386035.9999995,20.965861281404017,60000,USc,600,0.0,9.4165
BEAN OIL,2023-02-14,126004,22055,505256,60.22,103949,3755885268.0,20.57353104168976,60000,USc,600,0.0,9.4165
BEAN OIL,2023-02-21,124350,22908,507077,62.8,101442,3822334560.0,20.00524575163141,60000,USc,600,0.0,9.4165
BEAN OIL,2023-02-28,121805,20042,463290,60.19,101763,3675068982.0,21.965291717930455,60000,USc,600,0.0,9.4165
BEAN OIL,2023-03-07,121689,20529,479009,58.64,101160,3559213440.0,21.118601111878903,60000,USc,600,0.0,9.4165
BEAN OIL,2023-03-14,123175,24278,501748,56.05,98897,3325906110.0,19.710492119550054,60000,USc,600,0.0,9.4165
BEAN OIL,2023-03-21,126077,25085,496457,56.24,100992,3407874048.0,20.34254729009763,60000,USc,600,0.0,9.4165
BEAN OIL,2023-03-28,127582,25237,506284,54.92,102345,3372472440.0,20.214938651033805,60000,USc,600,0.0,9.4165
BEAN OIL,2023-04-04,130294,25672,525578,55.84,104622,3505255488.0000005,19.906084349040484,60000,USc,600,0.0,9.4165
BEAN OIL,2023-04-11,129083,25964,528132,54.96,103119,3400452144.0,19.525232328281568,60000,USc,600,0.0,9.4165
BEAN OIL,2023-04-18,130377,26650,523252,55.56,103727,3457843272.0,19.823526713705824,60000,USc,600,0.0,9.4165
BEAN OIL,2023-04-25,126733,27758,495888,52.05,98975,3090989250.0,19.95914400025812,60000,USc,600,0.0,9.4165
BEAN OIL,2023-05-02,126417,29609,508660,51.78,96808,3007630944.0,19.031966342940272,60000,USc,600,0.0,9.4165
BEAN OIL,2023-05-09,126543,28534,524176,53.07,98009,3120802578.0,18.697727480846126,60000,USc,600,0.0,9.4165
BEAN OIL,2023-05-16,130200,35712,576435,47.29,94488,2681002511.9999995,16.39178745218455,60000,USc,600,0.0,9.4165
BEAN OIL,2023-05-23,134143,39636,610653,47.71,94507,2705357382.0,15.476383478014519,60000,USc,600,0.0,9.4165
BEAN OIL,2023-05-30,137327,40539,613532,46.13,96788,2678898264.0000005,15.775542270003848,60000,USc,600,0.0,9.4165
BEAN OIL,2023-06-06,144930,40253,610612,51.0,104677,3203116200.0,17.142964763221162,60000,USc,600,0.0,9.4165
BEAN OIL,2023-06-13,145808,30717,607403,55.47,115091,3830458661.9999995,18.948046025455916,60000,USc,600,0.0,9.4165
BEAN OIL,2023-06-20,143399,31224,618592,59.53,112175,4006666650.0,18.133923490766126,60000,USc,600,0.0,9.4165
BEAN OIL,2023-06-27,137828,23417,559720,57.1,114411,3919720860.0000005,20.44075609233188,60000,USc,600,0.0,9.4165
BEAN OIL,2023-07-03,139579,24580,580836,60.0,114999,4139964000.0,19.798876102720904,60000,USc,600,0.0,9.4165
BEAN OIL,2023-07-11,142111,27908,603767,59.95,114203,4107881910.0000005,18.915078167571263,60000,USc,600,0.0,9.4165
BEAN OIL,2023-07-18,143304,27878,605479,59.81,115426,4142177436.0000005,19.063584368739463,60000,USc,600,0.0,9.4165
BEAN OIL,2023-07-25,144094,29664,565754,64.1,114430,4400977799.999999,20.22610533906963,60000,USc,600,0.0,9.4165
BEAN OIL,2023-08-01,146824,32473,549860,61.02,114351,4186618812.0000005,20.796384534245078,60000,USc,600,0.0,9.4165
BEAN OIL,2023-08-08,147492,32684,552558,59.73,114808,4114489104.0,20.777547334397475,60000,USc,600,0.0,9.4165
BEAN OIL,2023-08-15,146634,32529,560046,61.83,114105,4233067289.9999995,20.37421926056074,60000,USc,600,0.0,9.4165
BEAN OIL,2023-08-22,147499,32513,560340,61.73,114986,4258851467.9999995,20.520755255737587,60000,USc,600,0.0,9.4165
BEAN OIL,2023-08-29,144827,30174,525448,63.29,114653,4353833022.0,21.820046893317702,60000,USc,600,0.0,9.4165
BEAN OIL,2023-09-05,142249,28867,512253,62.86,113382,4276315511.9999995,22.133984574028847,60000,USc,600,0.0,9.4165
BEAN OIL,2023-09-12,139881,28252,522284,60.21,111629,4032709254.0,21.373237548919743,60000,USc,600,0.0,9.4165
BEAN OIL,2023-09-19,140178,27597,509218,60.37,112581,4077908982.0,22.1086057444945,60000,USc,600,0.0,9.4165
BEAN OIL,2023-09-26,138074,28305,483878,57.51,109769,3787689113.9999995,22.68526364083509,60000,USc,600,0.0,9.4165
BEAN OIL,2023-10-03,135977,29660,467886,57.11,106317,3643058322.0,22.72284274374527,60000,USc,600,0.0,9.4165
BEAN OIL,2023-10-10,133987,27277,473052,53.49,106710,3424750740.0,22.5577737753989,60000,USc,600,0.0,9.4165
BEAN OIL,2023-10-17,137601,27807,487860,55.33,109794,3644941211.9999995,22.50522690935924,60000,USc,600,0.0,9.4165
BEAN OIL,2023-10-24,138524,31544,525697,51.26,106980,3290276880.0,20.350125642718144,60000,USc,600,0.0,9.4165
BEAN OIL,2023-10-31,143719,33912,542089,51.53,109807,3395012826.0,20.256267882211223,60000,USc,600,0.0,9.4165
BEAN OIL,2023-11-07,143506,35044,563612,49.48,108462,3220019856.0,19.244089905821735,60000,USc,600,0.0,9.4165
BEAN OIL,2023-11-14,147049,33676,577788,52.79,113373,3590976402.0,19.621902843257388,60000,USc,600,0.0,9.4165
BEAN OIL,2023-11-21,148157,32489,565166,53.44,115668,3708778752.0,20.46619931135277,60000,USc,600,0.0,9.4165
BEAN OIL,2023-11-28,144232,29086,511262,53.07,115146,3666478932.0,22.52191635599751,60000,USc,600,0.0,9.4165
BEAN OIL,2023-12-05,141007,28072,510073,50.26,112935,3405667860.0,22.14094845247641,60000,USc,600,0.0,9.4165
BEAN OIL,2023-12-12,135880,24137,496970,50.48,111743,3384471984.0,22.4848582409401,60000,USc,600,0.0,9.4165
BEAN OIL,2023-12-19,138583,24870,507402,50.74,113713,3461878572.0,22.410830071619742,60000,USc,600,0.0,9.4165
BEAN OIL,2023-12-26,138799,27990,504227,48.56,110809,3228531024.0,21.97601477112491,60000,USc,600,0.0,9.4165
BEAN OIL,2024-01-02,143884,32274,521118,48.21,111610,3228430860.0000005,21.417414098150513,60000,USc,600,0.0,9.3823
BEAN OIL,2024-01-09,152414,30188,542231,48.44,122226,3552376463.9999995,22.541315417229928,60000,USc,600,0.0,9.3823
BEAN OIL,2024-01-16,163057,32099,572643,47.27,130958,3714230796.0,22.869047556680165,60000,USc,600,0.0,9.3823
BEAN OIL,2024-01-23,163807,34200,593641,48.27,129607,3753677934.0000005,21.832555365953496,60000,USc,600,0.0,9.3823
BEAN OIL,2024-01-30,163667,37623,612939,46.03,126044,3481083192.0,20.563873403389245,60000,USc,600,0.0,9.3823
BEAN OIL,2024-02-06,178181,42471,631196,46.0,135710,3745596000.0,21.50045310806786,60000,USc,600,0.0,9.3823
BEAN OIL,2024-02-13,173750,39149,603973,47.26,134601,3816745956.0,22.285930000182127,60000,USc,600,0.0,9.3823
BEAN OIL,2024-02-20,170806,38699,604371,45.36,132107,3595424111.9999995,21.858593479832752,60000,USc,600,0.0,9.3823
BEAN OIL,2024-02-27,166082,37557,558317,45.53,128525,3511045950.0,23.020076408205377,60000,USc,600,0.0,9.3823
BEAN OIL,2024-03-05,168969,38714,582934,44.99,130255,3516103470.0,22.34472513183311,60000,USc,600,0.0,9.3823
BEAN OIL,2024-03-12,173500,40970,595795,47.68,132530,3791418240.0,22.244228300002515,60000,USc,600,0.0,9.3823
BEAN OIL,2024-03-19,175739,41571,621449,48.18,134168,3878528544.0,21.589543148351677,60000,USc,600,0.0,9.3823
BEAN OIL,2024-03-26,176314,40233,623074,48.38,136081,3950159268.0,21.840262954320032,60000,USc,600,0.0,9.3823
BEAN OIL,2024-04-02,177910,40399,638880,48.68,137511,4016421287.9999995,21.52376033057851,60000,USc,600,0.0,9.3823
BEAN OIL,2024-04-09,170525,32913,627222,47.58,137612,3928547376.0,21.939919199262782,60000,USc,600,0.0,9.3823
BEAN OIL,2024-04-16,166803,40217,650951,44.94,126586,3413264904.0,19.4463177719982,60000,USc,600,0.0,9.3823
BEAN OIL,2024-04-23,167151,45023,624397,45.83,122128,3358275744.0,19.55935086171138,60000,USc,600,0.0,9.3823
BEAN OIL,2024-04-30,168930,41290,592947,43.04,127640,3296175360.0,21.526375881824176,60000,USc,600,0.0,9.3823
BEAN OIL,2024-05-07,170093,42648,591931,44.41,127445,3395899469.9999995,21.53038107482122,60000,USc,600,0.0,9.3823
BEAN OIL,2024-05-14,167220,37975,591019,43.32,129245,3359336040.0,21.868163290858668,60000,USc,600,0.0,9.3823
BEAN OIL,2024-05-21,166961,36185,588606,45.83,130776,3596078448.0,22.217918267907567,60000,USc,600,0.0,9.3823
BEAN OIL,2024-05-28,172857,38205,597248,45.54,134652,3679231248.0,22.545408272610374,60000,USc,600,0.0,9.3823
BEAN OIL,2024-06-04,170376,44953,615280,43.59,125423,3280313142.0,20.38470289949291,60000,USc,600,0.0,9.3823
BEAN OIL,2024-06-11,159476,38038,614955,43.62,121438,3178275335.9999995,19.7474611963477,60000,USc,600,0.0,9.3823
BEAN OIL,2024-06-18,163891,39888,631320,44.38,124003,3301951884.0000005,19.641861496546916,60000,USc,600,0.0,9.3823
BEAN OIL,2024-06-25,156904,35983,618910,42.77,120921,3103074702.0,19.53773569662794,60000,USc,600,0.0,9.3823
BEAN OIL,2024-07-02,158043,32360,609149,46.74,125683,3524654052.0,20.63255459665862,60000,USc,600,0.0,9.3823
BEAN OIL,2024-07-09,153247,23484,594223,46.24,129763,3600144672.0,21.837424670536144,60000,USc,600,0.0,9.3823
BEAN OIL,2024-07-16,151446,25577,611256,44.87,125869,3388645217.9999995,20.591863310953183,60000,USc,600,0.0,9.3823
BEAN OIL,2024-07-23,150800,32167,634214,45.11,118633,3210920778.0,18.705515803813853,60000,USc,600,0.0,9.3823
BEAN OIL,2024-07-30,142939,36783,608064,41.93,106156,2670672648.0,17.45803073360699,60000,USc,600,0.0,9.3823
BEAN OIL,2024-08-06,145100,41023,601516,39.89,104077,2490978918.0,17.302449145159894,60000,USc,600,0.0,9.3823
BEAN OIL,2024-08-13,146894,43428,615765,38.99,103466,2420483604.0,16.802838745300562,60000,USc,600,0.0,9.3823
BEAN OIL,2024-08-20,151946,49720,634145,39.22,102226,2405582232.0,16.120287946762964,60000,USc,600,0.0,9.3823
BEAN OIL,2024-08-27,149822,42224,583828,40.43,107598,2610112284.0,18.429743006501916,60000,USc,600,0.0,9.3823
BEAN OIL,2024-09-03,151017,39461,583692,41.06,111556,2748293616.0,19.112134481884283,60000,USc,600,0.0,9.3823
BEAN OIL,2024-09-10,150004,40112,589366,39.56,109892,2608396512.0000005,18.645799045075556,60000,USc,600,0.0,9.3823
BEAN OIL,2024-09-17,150488,43293,605650,39.95,107195,2569464150.0,17.699166185090398,60000,USc,600,0.0,9.3823
BEAN OIL,2024-09-24,158041,40727,587272,43.4,117314,3054856560.0,19.976092849650588,60000,USc,600,0.0,9.3823
BEAN OIL,2024-10-01,162418,37076,581129,42.91,125342,3227055132.0,21.56870505515987,60000,USc,600,0.0,9.3823
BEAN OIL,2024-10-08,158834,29239,580674,43.07,129595,3348993990.0,22.31803042671103,60000,USc,600,0.0,9.3823
BEAN OIL,2024-10-15,158573,32673,568287,42.45,125900,3206673000.0,22.154298796206845,60000,USc,600,0.0,9.3823
BEAN OIL,2024-10-22,167063,37386,594104,43.73,129677,3402465126.0,21.827323162274617,60000,USc,600,0.0,9.3823
BEAN OIL,2024-10-29,172602,40545,588076,42.88,132057,3397562496.0,22.455771022792973,60000,USc,600,0.0,9.3823
BEAN OIL,2024-11-05,171829,39812,629619,45.06,132017,3569211612.0000005,20.96775986747541,60000,USc,600,0.0,9.3823
BEAN OIL,2024-11-12,185901,41372,674338,46.26,144529,4011546924.0,21.43272364897129,60000,USc,600,0.0,9.3823
BEAN OIL,2024-11-19,185026,44344,662809,44.88,140682,3788284896.0,21.22511915197289,60000,USc,600,0.0,9.3823
BEAN OIL,2024-11-26,165397,42647,611342,42.64,122750,3140436000.0,20.078777509151998,60000,USc,600,0.0,9.3823
BEAN OIL,2024-12-03,165516,46278,629553,42.23,119238,3021252443.9999995,18.940105122205754,60000,USc,600,0.0,9.3823
BEAN OIL,2024-12-10,160042,39127,630002,42.72,120915,3099293280.0,19.192796213345353,60000,USc,600,0.0,9.3823
BEAN OIL,2024-12-17,157469,43001,636951,40.63,114468,2790500904.0,17.971241115878616,60000,USc,600,0.0,9.3823
BEAN OIL,2024-12-24,149081,44202,617250,40.34,104879,2538491316.0,16.99133252328878,60000,USc,600,0.0,9.3823
BEAN OIL,2024-12-31,143282,40953,602733,40.43,102329,2482296882.0,16.97750081711139,60000,USc,600,0.0,9.3823
BEAN OIL,2025-01-07,147155,41091,609747,41.29,106064,2627629535.9999995,17.394755529752505,60000,USc,600,0.0,9.3222
BEAN OIL,2025-01-14,172343,42331,637270,46.09,130012,3595351848.0,20.401399720683543,60000,USc,600,0.0,9.3222
BEAN OIL,2025-01-21,166210,39554,628961,45.77,126656,3478227072.0,20.137337609168135,60000,USc,600,0.0,9.3222
BEAN OIL,2025-01-28,171691,41981,615973,45.11,129710,3510730860.0,21.057741167226485,60000,USc,600,0.0,9.3222
BEAN OIL,2025-02-04,178934,42904,629466,45.79,136030,3737288220.0,21.61038086250886,60000,USc,600,0.0,9.3222
BEAN OIL,2025-02-11,177264,32565,620907,46.12,144699,4004110728.0,23.30445622291261,60000,USc,600,0.0,9.3222
BEAN OIL,2025-02-18,177515,30761,626102,47.32,146754,4166639568.0,23.439311805424676,60000,USc,600,0.0,9.3222
BEAN OIL,2025-02-25,170708,26739,586870,45.98,143969,3971816771.9999995,24.531668001431324,60000,USc,600,0.0,9.3222
BEAN OIL,2025-03-04,160847,34554,606136,42.91,126293,3251539578.0,20.835753032322778,60000,USc,600,0.0,9.3222
BEAN OIL,2025-03-11,164810,37654,612554,41.87,127156,3194413032.0,20.758333142873933,60000,USc,600,0.0,9.3222
BEAN OIL,2025-03-18,168794,38374,631798,42.54,130420,3328840080.0,20.642673765982163,60000,USc,600,0.0,9.3222
BEAN OIL,2025-03-25,173567,42718,636576,42.26,130849,3317807243.9999995,20.555126175036445,60000,USc,600,0.0,9.3222
BEAN OIL,2025-04-01,170896,30256,656680,47.42,140640,4001489280.0,21.416824023877687,60000,USc,600,0.0,9.3222
BEAN OIL,2025-04-08,157211,22402,634724,44.99,134809,3639034146.0,21.238995216818648,60000,USc,600,0.0,9.3222
BEAN OIL,2025-04-15,157014,23113,637441,47.8,133901,3840280680.0,21.006022518162464,60000,USc,600,0.0,9.3222
BEAN OIL,2025-04-22,159874,21974,633127,48.0,137900,3971520000.0,21.780780159430886,60000,USc,600,0.0,9.3222
BEAN OIL,2025-04-29,161762,21229,612387,49.32,140533,4158652535.9999995,22.94839701038722,60000,USc,600,0.0,9.3222
BEAN OIL,2025-05-06,166818,23692,644033,48.3,143126,4147791480.0,22.22339538501909,60000,USc,600,0.0,9.3222
BEAN OIL,2025-05-13,165047,28140,669739,51.65,136907,4242747930.0,20.44184376301813,60000,USc,600,0.0,9.3222
BEAN OIL,2025-05-20,168707,30310,679602,49.57,138397,4116203574.0,20.364419174752282,60000,USc,600,0.0,9.3222
BEAN OIL,2025-05-27,167148,36335,673852,49.68,130813,3899273904.0,19.412719706997976,60000,USc,600,0.0,9.3222
BEAN OIL,2025-06-03,165103,43983,662589,46.81,121120,3401776320.0,18.27980844837448,60000,USc,600,0.0,9.3222
BEAN OIL,2025-06-10,157624,38753,644852,47.77,118871,3407080602.0,18.433842183942982,60000,USc,600,0.0,9.3222
BEAN OIL,2025-06-17,160065,34737,721860,54.69,125328,4112512991.9999995,17.36181531044801,60000,USc,600,0.0,9.3222
BEAN OIL,2025-06-24,151623,27440,651302,52.66,124183,3923686067.9999995,19.066884486766508,60000,USc,600,0.0,9.3222
BEAN OIL,2025-07-01,154563,30096,665352,53.65,124467,4006592730.0,18.706940085849293,60000,USc,600,0.0,9.3222
BEAN OIL,2025-07-08,154928,29472,672105,53.97,125456,4062516192.0,18.66613103607323,60000,USc,600,0.0,9.3222
BEAN OIL,2025-07-15,160083,30781,687886,54.36,129302,4217314032.0,18.79700996967521,60000,USc,600,0.0,9.3222
BEAN OIL,2025-07-22,165345,34681,716564,55.48,130664,4349543232.0,18.234798287382564,60000,USc,600,0.0,9.3222
BEAN OIL,2025-07-29,165231,34733,708172,56.73,130498,4441890924.0,18.427444180227404,60000,USc,600,0.0,9.3222
BEAN OIL,2025-08-05,162769,34676,687956,53.38,128093,4102562604.0000005,18.619359377634616,60000,USc,600,0.0,9.3222
BEAN OIL,2025-08-12,159696,35459,687786,53.07,124237,3955954554.0,18.063322021675347,60000,USc,600,0.0,9.3222
BEAN OIL,2025-08-19,157811,33478,693898,51.84,124333,3867253632.0000005,17.91805135625121,60000,USc,600,0.0,9.3222
BEAN OIL,2025-08-26,156378,31766,676484,53.46,124612,3997054512.0000005,18.4205391406153,60000,USc,600,0.0,9.3222
BEAN OIL,2025-09-02,156680,33119,674605,52.5,123561,3892171500.0,18.316051615389746,60000,USc,600,0.0,9.3222
BEAN OIL,2025-09-09,160795,33278,703104,50.39,127517,3855348978.0,18.13629278172219,60000,USc,600,0.0,9.3222
BEAN OIL,2025-09-16,173194,41205,730404,53.19,131989,4212296946.0,18.07068416930904,60000,USc,600,0.0,9.3222
BEAN OIL,2025-09-23,163991,35396,726878,49.84,128595,3845504880.0000005,17.69141451522814,60000,USc,600,0.0,9.3222
BEAN OIL,2025-09-30,172181,46120,689671,49.44,126061,3739473504.0,18.27842551013454,60000,USc,600,0.0,9.3222
BEAN OIL,2025-10-07,170591,47518,692261,51.06,123073,3770464428.0,17.778410166107868,60000,USc,600,0.0,9.3222
BEAN OIL,2025-10-14,165378,47472,709059,50.57,117906,3577503852.0,16.628517514057364,60000,USc,600,0.0,9.3222
BEAN OIL,2025-10-21,168303,52999,752530,50.62,115304,3502013087.9999995,15.322179846650632,60000,USc,600,0.0,9.3222
BEAN OIL,2025-10-28,166325,55230,763096,50.16,111095,3343515119.9999995,14.558456603101053,60000,USc,600,0.0,9.3222
BEAN OIL,2025-11-04,164128,58740,789779,49.49,105388,3129391272.0,13.343986102441315,60000,USc,600,0.0,9.3222
BEAN OIL,2025-11-10,168956,60364,814965,50.53,108592,3292292256.0,13.32474400741136,60000,USc,600,0.0,9.3222
BEAN OIL,2025-11-18,171052,52631,847647,52.13,118421,3703972038.0000005,13.970556139525062,60000,USc,600,0.0,9.3222
BEAN OIL,2025-11-25,166286,42853,771211,50.63,123433,3749647674.0,16.005088101699794,60000,USc,600,0.0,9.3222
BEAN OIL,2025-12-02,173099,41294,768564,52.58,131805,4158184139.9999995,17.149515199775163,60000,USc,600,0.0,9.3222
BEAN OIL,2025-12-09,164646,33753,737824,50.99,130893,4004540442.0,17.7404096369866,60000,USc,600,0.0,9.3222
BEAN OIL,2025-12-16,163094,39792,749039,48.4,123302,3580690080.0,16.461359154863768,60000,USc,600,0.0,9.3222
BEAN OIL,2025-12-23,157755,37579,742127,48.77,120176,3516590112.0000005,16.1934547590911,60000,USc,600,0.0,9.3222
BEAN OIL,2025-12-30,156353,35418,689350,49.39,120935,3583787790.0,17.543337927032713,60000,USc,600,0.0,9.3222
BEAN OIL,2026-01-06,159652,40823,701858,49.39,118829,3521378586.0000005,16.930632692083016,60000,USc,600,0.0,7.8521
BEAN OIL,2026-01-13,153182,45575,731473,51.18,107607,3304395756.0,14.711000952871808,60000,USc,600,0.0,7.8521
BEAN OIL,2026-01-20,151027,41045,749677,52.52,109982,3465752784.0000005,14.670584798519895,60000,USc,600,0.0,7.8521
BEAN OIL,2026-01-27,159335,44272,764733,54.4,115063,3755656320.0,15.046166439790095,60000,USc,600,0.0,7.8521
BEAN OIL,2026-02-03,151864,48104,778141,54.52,103760,3394197120.0,13.334344289788097,60000,USc,600,0.0,7.8521
BEAN OIL,2026-02-10,155005,41979,841432,57.25,113026,3882443100.0,13.432576845187727,60000,USc,600,0.0,7.8521
BEAN OIL,2026-02-17,161692,47881,864090,57.35,113811,3916236510.0000005,13.17119744471062,60000,USc,600,0.0,7.8521
BEAN OIL,2026-02-24,165613,46599,853616,60.51,119014,4320922284.0,13.942334726621809,60000,USc,600,0.0,7.8521
BEAN OIL,2026-03-03,169267,48818,877183,62.91,120449,4546467954.0,13.73134226267495,60000,USc,600,0.0,7.8521
BEAN OIL,2026-03-10,161417,49893,915257,65.88,111524,4408320671.999999,12.184992849003066,60000,USc,600,0.0,7.8521
BEAN OIL,2026-03-17,155188,48859,923568,65.89,106329,4203610686.0000005,11.512850163712905,60000,USc,600,0.0,7.8521
BEAN OIL,2026-03-24,151266,50500,935870,65.64,100766,3968568144.0,10.767093720281663,60000,USc,600,0.0,7.8521
BEAN OIL,2026-03-31,156558,54043,937512,68.97,102515,4242275730.0,10.934793367978223,60000,USc,600,0.0,7.8521
BEAN OIL,2026-04-07,154282,52227,923157,69.61,102055,4262429130.0,11.054999312143005,60000,USc,600,0.0,7.8521
BEAN OIL,2026-04-14,154334,49489,892433,66.37,104845,4175137590.0,11.748220874844387,60000,USc,600,0.0,7.8521
BEAN OIL,2026-04-21,159710,51935,946660,71.64,107775,4632600600.0,11.384763272980795,60000,USc,600,0.0,7.8521
BEAN OIL,2026-04-28,155002,39872,841298,72.43,115130,5003319540.0,13.684806097244973,60000,USc,600,0.0,7.8521
BEAN OIL,2026-05-05,163207,41168,861776,76.78,122039,5622092652.0,14.161336588626277,60000,USc,600,0.0,7.8521
BEAN OIL,2026-05-12,163959,46307,859167,75.29,117652,5314811448.0,13.69372892580837,60000,USc,600,0.0,7.8521
BEAN OIL,2026-05-19,162109,47284,871317,75.37,114825,5192616150.0,13.17832660214365,60000,USc,600,0.0,7.8521
BEAN OIL,2026-05-26,155262,45599,845469,74.29,109663,4888118562.0,12.970670716489902,60000,USc,600,0.0,7.8521
BEAN OIL,2026-06-02,161393,51437,879979,78.38,109956,5171010768.0,12.4952981832521,60000,USc,600,0.0,7.8521
BEAN OIL,2026-06-09,147902,49058,834358,74.98,98844,4446793872.0,11.846713281349253,60000,USc,600,0.0,7.8521
BEAN OIL,2026-06-16,144976,47332,825370,72.9,97644,4270948560.0000005,11.83033063959194,60000,USc,600,0.0,7.8521
BEAN OIL,2026-06-23,138183,48047,805184,70.61,90136,3818701776.0,11.194459899848978,60000,USc,600,0.0,7.8521
BEAN OIL,2026-06-30,127650,35580,722118,65.21,92070,3602330819.9999995,12.74999376833149,60000,USc,600,0.0,7.8521
BEAN OIL,2026-07-07,122072,33823,737817,67.25,88249,3560847150.0,11.960824974214473,60000,USc,600,0.0,7.8521
BEAN OIL,2026-07-14,123892,33106,747953,70.69,90786,3850597404.0,12.137928452723635,60000,USc,600,0.0,7.8521
BEAN OIL,2026-07-21,129248,31545,779213,71.56,97703,4194976008.0000005,12.538676844457164,60000,USc,600,0.0,7.8521
BEAN OIL,2026-07-28,127990,30289,738946,69.07,97701,4048924841.9999995,13.221669783718973,60000,USc,600,0.0,7.8521
BEAN OIL,2026-08-04,126958,31916,713493,67.44,95042,3845779487.9999995,13.320663272099376,60000,USc,600,0.0,7.8521
BEAN OIL,2026-08-11,123747,28245,711680,68.18,95502,3906795816.0,13.419233363309353,60000,USc,600,0.0,7.8521
BEAN OIL,2026-08-18,132901,31500,724383,69.61,101401,4235114166.0,13.998257827696122,60000,USc,600,0.0,7.8521
BEAN OIL,2026-08-25,130246,28516,688220,67.75,101730,4135324500.0,14.781610531516085,60000,USc,600,0.0,7.8521
COCOA,2016-01-05,26689,12635,266620,3052.0,14054,428928080.0,5.271172455179656,10,USD,10,1.4584,0.0
COCOA,2016-01-12,27967,13311,272864,2863.0,14656,419601280.0,5.371173918142371,10,USD,10,1.4584,0.0
COCOA,2016-01-19,29149,13749,281338,2924.0,15400,450296000.0,5.47384285094797,10,USD,10,1.4584,0.0
COCOA,2016-01-26,30978,14095,304053,2820.0,16883,476100600.0,5.552650360299027,10,USD,10,1.4584,0.0
COCOA,2016-02-02,37635,13483,308279,2766.0,24152,668044320.0,7.8344616402674205,10,USD,10,1.4584,0.0
COCOA,2016-02-09,35182,15069,278925,2818.0,20113,566784340.0,7.210898987182935,10,USD,10,1.4584,0.0
COCOA,2016-02-16,33825,20076,280346,2789.0,13749,383459610.0,4.904296833198975,10,USD,10,1.4584,0.0
COCOA,2016-02-23,34587,20265,290532,2868.0,14322,410754960.0,4.929577464788732,10,USD,10,1.4584,0.0
COCOA,2016-03-01,34910,20933,294447,2868.0,13977,400860360.0,4.746864461176375,10,USD,10,1.4584,0.0
COCOA,2016-03-08,35484,22328,293289,2994.0,13156,393890640.0,4.485677949053664,10,USD,10,1.4584,0.0
COCOA,2016-03-15,36699,22488,295891,3005.0,14211,427040550.0,4.8027821055726605,10,USD,10,1.4584,0.0
COCOA,2016-03-22,36294,22224,297913,3044.0,14070,428290800.0,4.722855330247421,10,USD,10,1.4584,0.0
COCOA,2016-03-29,37128,23770,288477,2984.0,13358,398602720.0,4.6305251371859795,10,USD,10,1.4584,0.0
COCOA,2016-04-05,36833,20924,269758,2888.0,15909,459451920.0,5.897508136922723,10,USD,10,1.4584,0.0
COCOA,2016-04-12,35907,19500,264444,2933.0,16407,481217310.0,6.204338158551527,10,USD,10,1.4584,0.0
COCOA,2016-04-19,35897,19293,277732,3060.0,16604,508082400.0,5.978425244480291,10,USD,10,1.4584,0.0
COCOA,2016-04-26,37487,21789,294176,3197.0,15698,501865060.0,5.336261285760905,10,USD,10,1.4584,0.0
COCOA,2016-05-03,38427,21431,306243,3178.0,16996,540132880.0,5.549841139226039,10,USD,10,1.4584,0.0
COCOA,2016-05-10,35471,18996,295519,3105.0,16475,511548750.0,5.574937652062981,10,USD,10,1.4584,0.0
COCOA,2016-05-17,32741,18505,289251,2905.0,14236,413555800.0,4.921677020995606,10,USD,10,1.4584,0.0
COCOA,2016-05-24,34825,17594,286310,2965.0,17231,510899150.0,6.018301840662219,10,USD,10,1.4584,0.0
COCOA,2016-05-31,37091,18864,270030,3054.0,18227,556652580.0,6.749990741769434,10,USD,10,1.4584,0.0
COCOA,2016-06-07,32710,15456,246959,3098.0,17254,534528920.0,6.98658481772278,10,USD,10,1.4584,0.0
COCOA,2016-06-14,32547,13663,242083,3148.0,18884,594468320.0,7.800630362313751,10,USD,10,1.4584,0.0
COCOA,2016-06-21,31792,13561,237374,3166.0,18231,577193460.0,7.680285119684549,10,USD,10,1.4584,0.0
COCOA,2016-06-28,31673,14223,245042,3040.0,17450,530480000.0,7.121228197615102,10,USD,10,1.4584,0.0
COCOA,2016-07-05,32422,15166,249524,3104.0,17256,535626240.0,6.915567240025007,10,USD,10,1.4584,0.0
COCOA,2016-07-12,33300,16543,260347,3155.0,16757,528683350.0,6.436409868367986,10,USD,10,1.4584,0.0
COCOA,2016-07-19,32484,15920,258337,3004.0,16564,497582560.0,6.4117799618328,10,USD,10,1.4584,0.0
COCOA,2016-07-26,33912,18168,263143,2843.0,15744,447601920.0,5.983058641119087,10,USD,10,1.4584,0.0
COCOA,2016-08-02,35494,12668,283712,2884.0,22826,658301840.0,8.045482743063388,10,USD,10,1.4584,0.0
COCOA,2016-08-09,32037,19434,246679,2981.0,12603,375695430.0,5.1090688708807805,10,USD,10,1.4584,0.0
COCOA,2016-08-16,32822,20029,243763,3063.0,12793,391849590.0,5.248130356124596,10,USD,10,1.4584,0.0
COCOA,2016-08-23,32617,19720,239190,3006.0,12897,387683820.0,5.3919478239056815,10,USD,10,1.4584,0.0
COCOA,2016-08-30,32008,18560,230172,2918.0,13448,392412640.0,5.842587282553916,10,USD,10,1.4584,0.0
COCOA,2016-09-06,31777,17358,235534,2932.0,14419,422765080.0,6.121833790450635,10,USD,10,1.4584,0.0
COCOA,2016-09-13,32952,17794,248379,2813.0,15158,426394540.0,6.102770363033912,10,USD,10,1.4584,0.0
COCOA,2016-09-20,32934,17759,258237,2852.0,15175,432791000.0,5.876384871261671,10,USD,10,1.4584,0.0
COCOA,2016-09-27,33426,18175,263970,2865.0,15251,436941150.0,5.777550479221124,10,USD,10,1.4584,0.0
COCOA,2016-10-04,34958,20149,283049,2809.0,14809,415984810.0,5.23195630438546,10,USD,10,1.4584,0.0
COCOA,2016-10-11,35113,22937,305723,2676.0,12176,325829760.0,3.982690213035984,10,USD,10,1.4584,0.0
COCOA,2016-10-18,38071,26254,316538,2692.0,11817,318113640.0,3.733201069065957,10,USD,10,1.4584,0.0
COCOA,2016-10-25,39094,26926,330024,2742.0,12168,333646560.0,3.6870045814849832,10,USD,10,1.4584,0.0
COCOA,2016-11-01,40398,26474,326122,2692.0,13924,374834080.0,4.269567830443822,10,USD,10,1.4584,0.0
COCOA,2016-11-08,33575,19305,284124,2485.0,14270,354609500.0,5.022454984443412,10,USD,10,1.4584,0.0
COCOA,2016-11-15,33123,18228,289867,2374.0,14895,353607300.0,5.138563548109995,10,USD,10,1.4584,0.0
COCOA,2016-11-22,36690,21788,299128,2452.0,14902,365397040.0,4.981813805461207,10,USD,10,1.4584,0.0
COCOA,2016-11-29,36185,20597,303315,2426.0,15588,378164880.0,5.139211710597894,10,USD,10,1.4584,0.0
COCOA,2016-12-06,37483,23092,307576,2322.0,14391,334159020.0,4.67884360288189,10,USD,10,1.4584,0.0
COCOA,2016-12-13,34868,20592,316267,2280.0,14276,325492800.0,4.513907552795581,10,USD,10,1.4584,0.0
COCOA,2016-12-20,37421,21693,312133,2265.0,15728,356239200.0,5.038877657921463,10,USD,10,1.4584,0.0
COCOA,2016-12-27,39303,22099,315527,2248.0,17204,386745920.0,5.452465240692556,10,USD,10,1.4584,0.0
COCOA,2017-01-03,43346,25345,340976,2168.0,18001,390261680.0,5.279257191121955,10,USD,10,1.4584,0.0
COCOA,2017-01-10,42098,21581,338223,2196.0,20517,450553320.0,6.066116142308477,10,USD,10,1.4584,0.0
COCOA,2017-01-17,42872,20147,340010,2251.0,22725,511539750.0,6.683626952148466,10,USD,10,1.4584,0.0
COCOA,2017-01-24,44464,33507,335656,2202.0,10957,241273140.0,3.264353981457206,10,USD,10,1.4584,0.0
COCOA,2017-01-31,47628,26446,334919,2091.0,21182,442915620.0,6.3245142855436685,10,USD,10,1.4584,0.0
COCOA,2017-02-07,45324,25950,288418,2002.0,19374,387867480.0,6.71733386959205,10,USD,10,1.4584,0.0
COCOA,2017-02-14,42939,26915,297821,1936.0,16024,310224640.0,5.380413066909318,10,USD,10,1.4584,0.0
COCOA,2017-02-21,44324,26478,309196,2033.0,17846,362809180.0,5.7717434895664885,10,USD,10,1.4584,0.0
COCOA,2017-02-28,46085,27117,326324,2016.0,18968,382394880.0,5.812627940329243,10,USD,10,1.4584,0.0
COCOA,2017-03-07,49617,30713,340735,1989.0,18904,376000560.0,5.5480065153271605,10,USD,10,1.4584,0.0
COCOA,2017-03-14,52970,30718,335417,2020.0,22252,449490400.0,6.634130053038456,10,USD,10,1.4584,0.0
COCOA,2017-03-21,49532,35847,337601,2158.0,13685,295322300.0,4.05360173696168,10,USD,10,1.4584,0.0
COCOA,2017-03-28,49930,36900,336622,2115.0,13030,275584500.0,3.870810582790192,10,USD,10,1.4584,0.0
COCOA,2017-04-04,46452,34449,336610,2100.0,12003,252063000.0,3.565847716942456,10,USD,10,1.4584,0.0
COCOA,2017-04-11,43119,29575,311190,1959.0,13544,265326960.0,4.352324946174363,10,USD,10,1.4584,0.0
COCOA,2017-04-18,43163,28644,314131,1930.0,14519,280216700.0,4.621957081599715,10,USD,10,1.4584,0.0
COCOA,2017-04-25,45262,27933,335501,1866.0,17329,323359140.0,5.165111281337462,10,USD,10,1.4584,0.0
COCOA,2017-05-02,46401,27346,352116,1866.0,19055,355566300.0,5.411568914789444,10,USD,10,1.4584,0.0
COCOA,2017-05-09,46910,26867,343682,1985.0,20043,397853550.0,5.8318445539772235,10,USD,10,1.4584,0.0
COCOA,2017-05-16,45914,24871,333443,2034.0,21043,428014620.0,6.310823738989872,10,USD,10,1.4584,0.0
COCOA,2017-05-23,49212,26807,325682,1996.0,22405,447203800.0,6.879409976602944,10,USD,10,1.4584,0.0
COCOA,2017-05-30,52617,31675,327645,2031.0,20942,425332020.0,6.391673915365716,10,USD,10,1.4584,0.0
COCOA,2017-06-06,54364,22361,295319,1953.0,32003,625018590.0,10.836756185683956,10,USD,10,1.4584,0.0
COCOA,2017-06-13,43580,14313,276511,2010.0,29267,588266700.0,10.58438904781365,10,USD,10,1.4584,0.0
COCOA,2017-06-20,42817,14444,271217,1878.0,28373,532844940.0,10.461364884944528,10,USD,10,1.4584,0.0
COCOA,2017-06-27,43524,15181,294111,1814.0,28343,514142020.0,9.636837792534111,10,USD,10,1.4584,0.0
COCOA,2017-07-03,44574,16550,294083,1929.0,28024,540582960.0,9.529282549484329,10,USD,10,1.4584,0.0
COCOA,2017-07-11,44265,19952,306350,1843.0,24313,448088590.0,7.936347315162395,10,USD,10,1.4584,0.0
COCOA,2017-07-18,46599,21244,309659,1900.0,25355,481745000.0,8.188039101075699,10,USD,10,1.4584,0.0
COCOA,2017-07-25,52914,27538,309154,1923.0,25376,487980480.0,8.208206913059511,10,USD,10,1.4584,0.0
COCOA,2017-08-01,52497,26054,296986,2009.0,26443,531239870.0,8.903786710484669,10,USD,10,1.4584,0.0
COCOA,2017-08-08,42266,20588,268577,2014.0,21678,436594920.0,8.07142830547664,10,USD,10,1.4584,0.0
COCOA,2017-08-15,37358,16280,250987,1850.0,21078,389943000.0,8.398044520234116,10,USD,10,1.4584,0.0
COCOA,2017-08-22,37559,16020,264461,1919.0,21539,413333410.0,8.144490113854216,10,USD,10,1.4584,0.0
COCOA,2017-08-29,35400,14500,272659,1994.0,20900,416746000.0,7.6652522014677675,10,USD,10,1.4584,0.0
COCOA,2017-09-05,34999,14507,274184,1940.0,20492,397544800.0,7.473813205730459,10,USD,10,1.4584,0.0
COCOA,2017-09-12,35726,16521,288497,1975.0,19205,379298750.0,6.656914976585545,10,USD,10,1.4584,0.0
COCOA,2017-09-19,35927,16694,289230,1960.0,19233,376966800.0,6.649725132247693,10,USD,10,1.4584,0.0
COCOA,2017-09-26,36364,17821,286724,1972.0,18543,365667960.0,6.467194933106402,10,USD,10,1.4584,0.0
COCOA,2017-10-03,37695,17545,289043,2071.0,20150,417306500.0,6.971281089664859,10,USD,10,1.4584,0.0
COCOA,2017-10-10,36734,17158,281692,2045.0,19576,400329200.0,6.949434133734718,10,USD,10,1.4584,0.0
COCOA,2017-10-17,38033,17276,287874,2063.0,20757,428216910.0,7.210446236895309,10,USD,10,1.4584,0.0
COCOA,2017-10-24,39873,18873,301349,2086.0,21000,438060000.0,6.968664239801692,10,USD,10,1.4584,0.0
COCOA,2017-10-31,44700,22681,308104,2094.0,22019,461077860.0,7.146612832030742,10,USD,10,1.4584,0.0
COCOA,2017-11-07,47223,16880,277770,2181.0,30343,661780830.0,10.923785866004248,10,USD,10,1.4584,0.0
COCOA,2017-11-14,43658,11035,267253,2147.0,32623,700415810.0,12.206785330754006,10,USD,10,1.4584,0.0
COCOA,2017-11-21,44258,12085,260233,2119.0,32173,681745870.0,12.363151483478267,10,USD,10,1.4584,0.0
COCOA,2017-11-28,43725,11777,263874,2042.0,31948,652378160.0,12.107293632567059,10,USD,10,1.4584,0.0
COCOA,2017-12-05,44105,11856,271903,1935.0,32249,624018150.0,11.860479656348035,10,USD,10,1.4584,0.0
COCOA,2017-12-12,45422,14135,285151,1800.0,31287,563166000.0,10.972081458595621,10,USD,10,1.4584,0.0
COCOA,2017-12-19,44510,15266,292425,1902.0,29244,556220880.0,10.000512952038983,10,USD,10,1.4584,0.0
COCOA,2017-12-26,43908,15433,304987,1866.0,28475,531343500.0,9.336463521395993,10,USD,10,1.4584,0.0
COCOA,2018-01-02,46103,15794,311039,1942.0,30309,588600780.0,9.744437192763607,10,USD,10,1.416,0.0
COCOA,2018-01-09,47770,18088,318816,1895.0,29682,562473900.0,9.31007226738934,10,USD,10,1.416,0.0
COCOA,2018-01-16,50402,20512,320696,1933.0,29890,577773700.0,9.320353231721008,10,USD,10,1.416,0.0
COCOA,2018-01-23,52333,23466,314337,1935.0,28867,558576450.0,9.183455972411775,10,USD,10,1.416,0.0
COCOA,2018-01-30,56840,30152,324953,1965.0,26688,524419200.0,8.212880016494694,10,USD,10,1.416,0.0
COCOA,2018-02-06,51511,28196,298033,2043.0,23315,476325450.0,7.82295920250442,10,USD,10,1.416,0.0
COCOA,2018-02-13,49912,26308,282118,2009.0,23604,474204360.0,8.366711801444787,10,USD,10,1.416,0.0
COCOA,2018-02-20,49715,25359,294659,2132.0,24356,519269920.0,8.265825920810157,10,USD,10,1.416,0.0
COCOA,2018-02-27,52424,24995,304531,2242.0,27429,614958180.0,9.006964808180449,10,USD,10,1.416,0.0
COCOA,2018-03-06,52879,19577,334704,2451.0,33302,816232020.0,9.949686887518522,10,USD,10,1.416,0.0
COCOA,2018-03-13,53704,22430,361480,2587.0,31274,809058380.0,8.651654310058648,10,USD,10,1.416,0.0
COCOA,2018-03-20,54153,24474,361678,2494.0,29679,740194260.0,8.205917971234081,10,USD,10,1.416,0.0
COCOA,2018-03-27,55884,26418,370917,2567.0,29466,756392220.0,7.944095309732366,10,USD,10,1.416,0.0
COCOA,2018-04-03,51208,23591,365766,2485.0,27617,686282450.0,7.550455755865772,10,USD,10,1.416,0.0
COCOA,2018-04-10,49722,23295,335734,2485.0,26427,656710950.0,7.87141010442791,10,USD,10,1.416,0.0
COCOA,2018-04-17,49979,20667,338369,2700.0,29312,791424000.0,8.662732106073546,10,USD,10,1.416,0.0
COCOA,2018-04-24,49988,20779,358440,2875.0,29209,839758750.0,8.148923111259904,10,USD,10,1.416,0.0
COCOA,2018-05-01,50867,18807,381962,2914.0,32060,934228400.0,8.393505113074076,10,USD,10,1.416,0.0
COCOA,2018-05-08,49316,17857,373854,2750.0,31459,865122500.0,8.414782241195761,10,USD,10,1.416,0.0
COCOA,2018-05-15,50998,18474,375229,2725.0,32524,886279000.0,8.667773546287734,10,USD,10,1.416,0.0
COCOA,2018-05-22,50623,19790,373094,2612.0,30833,805357960.0,8.264137187947274,10,USD,10,1.416,0.0
COCOA,2018-05-29,61100,31494,379809,2495.0,29606,738669700.0,7.79497062997454,10,USD,10,1.416,0.0
COCOA,2018-06-05,65339,34898,342867,2293.0,30441,698012130.0,8.878369746869778,10,USD,10,1.416,0.0
COCOA,2018-06-12,58683,31050,303605,2405.0,27633,664573650.0,9.101628761054661,10,USD,10,1.416,0.0
COCOA,2018-06-19,61565,32770,300876,2433.0,28795,700582350.0,9.570387800954546,10,USD,10,1.416,0.0
COCOA,2018-06-26,64122,34479,310663,2385.0,29643,706985550.0,9.54185081583581,10,USD,10,1.416,0.0
COCOA,2018-07-03,62242,30154,305120,2385.0,32088,765298800.0,10.516518091242789,10,USD,10,1.416,0.0
COCOA,2018-07-10,61593,28306,301182,2468.0,33287,821523160.0,11.052121308710348,10,USD,10,1.416,0.0
COCOA,2018-07-17,67919,26613,297854,2406.0,41306,993822360.0,13.867868150167531,10,USD,10,1.416,0.0
COCOA,2018-07-24,61374,21734,290473,2247.0,39640,890710800.0,13.646707267112607,10,USD,10,1.416,0.0
COCOA,2018-07-31,61121,26674,302604,2157.0,34447,743021790.0,11.383524342044387,10,USD,10,1.416,0.0
COCOA,2018-08-07,48592,23756,285753,2098.0,24836,521059280.0,8.691422312276686,10,USD,10,1.416,0.0
COCOA,2018-08-14,46392,24293,275249,2101.0,22099,464299990.0,8.028730349610717,10,USD,10,1.416,0.0
COCOA,2018-08-21,44676,22489,275327,2218.0,22187,492107660.0,8.058417808642087,10,USD,10,1.416,0.0
COCOA,2018-08-28,52941,21047,279560,2326.0,31894,741854440.0,11.40864215195307,10,USD,10,1.416,0.0
COCOA,2018-09-04,56713,21200,282441,2290.0,35513,813247700.0,12.573599442007358,10,USD,10,1.416,0.0
COCOA,2018-09-11,58302,20812,278567,2340.0,37490,877266000.0,13.458162668227033,10,USD,10,1.416,0.0
COCOA,2018-09-18,60513,21582,280947,2254.0,38931,877504740.0,13.857062008136767,10,USD,10,1.416,0.0
COCOA,2018-09-25,58511,23668,286988,2193.0,34843,764106990.0,12.140925752993157,10,USD,10,1.416,0.0
COCOA,2018-10-02,61929,28854,314626,2093.0,33075,692259750.0,10.512481485954753,10,USD,10,1.416,0.0
COCOA,2018-10-09,57879,23751,317184,2115.0,34128,721807200.0,10.759685230024212,10,USD,10,1.416,0.0
COCOA,2018-10-16,62949,20297,316979,2215.0,42652,944741800.0,13.455780982336368,10,USD,10,1.416,0.0
COCOA,2018-10-23,63551,18453,309402,2200.0,45098,992156000.0,14.575859238143257,10,USD,10,1.416,0.0
COCOA,2018-10-30,63999,20497,313972,2218.0,43502,964874360.0,13.855375638591976,10,USD,10,1.416,0.0
COCOA,2018-11-06,67498,17565,302695,2381.0,49933,1188904730.0,16.496142982209815,10,USD,10,1.416,0.0
COCOA,2018-11-13,64955,16680,279235,2206.0,48275,1064946500.0,17.28830554908948,10,USD,10,1.416,0.0
COCOA,2018-11-20,63132,17927,270687,2162.0,45205,977332100.0,16.70010011563171,10,USD,10,1.416,0.0
COCOA,2018-11-27,59738,16080,275380,2083.0,43658,909396140.0,15.853729392112717,10,USD,10,1.416,0.0
COCOA,2018-12-04,59521,20260,278498,2120.0,39261,832333200.0,14.097408239915547,10,USD,10,1.416,0.0
COCOA,2018-12-11,58762,21097,275297,2230.0,37665,839929500.0,13.681587521840049,10,USD,10,1.416,0.0
COCOA,2018-12-18,60781,21999,277665,2294.0,38782,889659080.0,13.967190679415841,10,USD,10,1.416,0.0
COCOA,2018-12-24,62001,20708,274090,2325.0,41293,960062250.0,15.065489437775915,10,USD,10,1.416,0.0
COCOA,2018-12-31,64424,20627,290032,2429.0,43797,1063829130.0,15.100747503723728,10,USD,10,1.416,0.0
COCOA,2019-01-08,66166,20632,298067,2381.0,45534,1084164540.0,15.276431137965627,10,USD,10,1.4413,0.0
COCOA,2019-01-15,66234,20805,299958,2267.0,45429,1029875430.0,15.145120316844357,10,USD,10,1.4413,0.0
COCOA,2019-01-22,64559,19793,295810,2249.0,44766,1006787340.0,15.133362631418818,10,USD,10,1.4413,0.0
COCOA,2019-01-29,61980,18960,293879,2218.0,43020,954183600.0,14.638677823185734,10,USD,10,1.4413,0.0
COCOA,2019-02-05,60612,18388,278578,2229.0,42224,941172960.0,15.15697578416099,10,USD,10,1.4413,0.0
COCOA,2019-02-12,54327,16473,268455,2226.0,37854,842630040.0,14.100687266022238,10,USD,10,1.4413,0.0
COCOA,2019-02-19,55022,15880,264588,2348.0,39142,919054160.0,14.793565845767759,10,USD,10,1.4413,0.0
COCOA,2019-02-26,54934,14018,261005,2250.0,40916,920610000.0,15.676328039692727,10,USD,10,1.4413,0.0
COCOA,2019-03-05,55161,15040,274819,2244.0,40121,900315240.0,14.599063383536073,10,USD,10,1.4413,0.0
COCOA,2019-03-12,54653,16403,286559,2314.0,38250,885105000.0,13.348036529999058,10,USD,10,1.4413,0.0
COCOA,2019-03-19,55240,18746,292678,2199.0,36494,802503060.0,12.468993228052671,10,USD,10,1.4413,0.0
COCOA,2019-03-26,60543,25978,299836,2230.0,34565,770799500.0,11.527968622847157,10,USD,10,1.4413,0.0
COCOA,2019-04-02,63032,27378,290138,2369.0,35654,844643260.0,12.288635063314699,10,USD,10,1.4413,0.0
COCOA,2019-04-09,63224,17816,275305,2439.0,45408,1107501120.0,16.49370697953179,10,USD,10,1.4413,0.0
COCOA,2019-04-16,64093,17125,269083,2361.0,46968,1108914480.0,17.454837355016853,10,USD,10,1.4413,0.0
COCOA,2019-04-23,62934,18336,271562,2300.0,44598,1025754000.0,16.422769017756533,10,USD,10,1.4413,0.0
COCOA,2019-04-30,64754,21915,270176,2386.0,42839,1022138540.0,15.855960559042995,10,USD,10,1.4413,0.0
COCOA,2019-05-07,61919,22193,279148,2316.0,39726,920054160.0,14.23116053133105,10,USD,10,1.4413,0.0
COCOA,2019-05-14,57580,23355,277353,2375.0,34225,812843750.0,12.33987012940188,10,USD,10,1.4413,0.0
COCOA,2019-05-21,57729,22079,290463,2447.0,35650,872355500.0,12.273508157665521,10,USD,10,1.4413,0.0
COCOA,2019-05-28,60299,22469,305364,2456.0,37830,929104800.0,12.388493732070579,10,USD,10,1.4413,0.0
COCOA,2019-06-04,57702,20901,302774,2359.0,36801,868135590.0,12.154610369450483,10,USD,10,1.4413,0.0
COCOA,2019-06-11,59826,19966,291313,2562.0,39860,1021213200.0,13.682877180215094,10,USD,10,1.4413,0.0
COCOA,2019-06-18,60739,18111,292254,2520.0,42628,1074225600.0,14.585942365202872,10,USD,10,1.4413,0.0
COCOA,2019-06-25,61145,18326,295024,2484.0,42819,1063623960.0,14.513734475839254,10,USD,10,1.4413,0.0
COCOA,2019-07-02,62615,18408,304211,2469.0,44207,1091470830.0,14.531690175568931,10,USD,10,1.4413,0.0
COCOA,2019-07-09,63442,20351,316649,2502.0,43091,1078136820.0,13.608443418422292,10,USD,10,1.4413,0.0
COCOA,2019-07-16,62779,20882,317718,2419.0,41897,1013488430.0,13.186851232854291,10,USD,10,1.4413,0.0
COCOA,2019-07-23,61650,21004,323019,2485.0,40646,1010053100.0,12.58316074286652,10,USD,10,1.4413,0.0
COCOA,2019-07-30,61206,22949,312138,2364.0,38257,904395480.0,12.25643785761426,10,USD,10,1.4413,0.0
COCOA,2019-08-06,56069,21169,285107,2256.0,34900,787344000.0,12.241018284363413,10,USD,10,1.4413,0.0
COCOA,2019-08-13,52060,19731,292424,2156.0,32329,697013240.0,11.05552211856756,10,USD,10,1.4413,0.0
COCOA,2019-08-20,46317,18500,291454,2129.0,27817,592223930.0,9.544216239955533,10,USD,10,1.4413,0.0
COCOA,2019-08-27,49254,21200,302793,2160.0,28054,605966400.0,9.265075480608864,10,USD,10,1.4413,0.0
COCOA,2019-09-03,49954,22770,310410,2160.0,27184,587174400.0,8.75744982442576,10,USD,10,1.4413,0.0
COCOA,2019-09-10,52151,23368,310393,2336.0,28783,672370880.0,9.273082833697925,10,USD,10,1.4413,0.0
COCOA,2019-09-17,53798,19575,304102,2402.0,34223,822036460.0,11.25378984682771,10,USD,10,1.4413,0.0
COCOA,2019-09-24,56307,18566,328565,2440.0,37741,920880400.0,11.486616042487787,10,USD,10,1.4413,0.0
COCOA,2019-10-01,59689,21632,343822,2466.0,38057,938485620.0,11.068808860398695,10,USD,10,1.4413,0.0
COCOA,2019-10-08,64189,25690,341073,2451.0,38499,943610490.0,11.287612915710127,10,USD,10,1.4413,0.0
COCOA,2019-10-15,62882,25365,347024,2515.0,37517,943552550.0,10.811067822398451,10,USD,10,1.4413,0.0
COCOA,2019-10-22,61417,22650,342102,2455.0,38767,951729850.0,11.332000397542254,10,USD,10,1.4413,0.0
COCOA,2019-10-29,65248,27063,347896,2486.0,38185,949279100.0,10.975981327753122,10,USD,10,1.4413,0.0
COCOA,2019-11-05,64930,27440,335153,2493.0,37490,934625700.0,11.185935975509691,10,USD,10,1.4413,0.0
COCOA,2019-11-12,59985,20823,346103,2644.0,39162,1035443280.0,11.315128733353944,10,USD,10,1.4413,0.0
COCOA,2019-11-19,62150,25671,363969,2674.0,36479,975448460.0,10.02255686610673,10,USD,10,1.4413,0.0
COCOA,2019-11-26,63397,24795,369700,2640.0,38602,1019092800.0,10.441439004598323,10,USD,10,1.4413,0.0
COCOA,2019-12-03,64807,24535,362674,2604.0,40272,1048682880.0,11.104187231508186,10,USD,10,1.4413,0.0
COCOA,2019-12-10,65380,24226,369235,2629.0,41154,1081938660.0,11.145747288312322,10,USD,10,1.4413,0.0
COCOA,2019-12-17,65645,24152,361925,2534.0,41493,1051432620.0,11.46452994404918,10,USD,10,1.4413,0.0
COCOA,2019-12-24,63674,22766,325604,2431.0,40908,994473480.0,12.563727718332698,10,USD,10,1.4413,0.0
COCOA,2019-12-31,65304,21699,318552,2538.0,43605,1106694900.0,13.688502975966246,10,USD,10,1.4413,0.0
COCOA,2020-01-07,69278,22008,321445,2537.0,47270,1199239900.0,14.705470609279969,10,USD,10,1.4782,0.0
COCOA,2020-01-14,72201,22616,334664,2649.0,49585,1313506650.0,14.816353118351541,10,USD,10,1.4782,0.0
COCOA,2020-01-21,78186,24985,382712,2811.0,53201,1495480110.0,13.901053533727712,10,USD,10,1.4782,0.0
COCOA,2020-01-28,75534,27068,393290,2693.0,48466,1305189380.0,12.323222049886851,10,USD,10,1.4782,0.0
COCOA,2020-02-04,78326,27882,402534,2738.0,50444,1381156720.0,12.531612236481887,10,USD,10,1.4782,0.0
COCOA,2020-02-11,75005,25462,391089,2940.0,49543,1456564200.0,12.667960489811783,10,USD,10,1.4782,0.0
COCOA,2020-02-18,78459,28778,390321,2920.0,49681,1450685200.0,12.728241626763612,10,USD,10,1.4782,0.0
COCOA,2020-02-25,76241,26957,391178,2830.0,49284,1394737200.0,12.598868034500917,10,USD,10,1.4782,0.0
COCOA,2020-03-03,75012,26145,376626,2712.0,48867,1325273040.0,12.974940657309904,10,USD,10,1.4782,0.0
COCOA,2020-03-10,72965,26444,347775,2786.0,46521,1296075060.0,13.376752210480912,10,USD,10,1.4782,0.0
COCOA,2020-03-17,58377,25057,320821,2316.0,33320,771691200.0,10.385853793860129,10,USD,10,1.4782,0.0
COCOA,2020-03-24,50780,21109,299509,2263.0,29671,671454730.0,9.906547048669657,10,USD,10,1.4782,0.0
COCOA,2020-03-31,49985,23142,290950,2239.0,26843,601014770.0,9.225983846021652,10,USD,10,1.4782,0.0
COCOA,2020-04-07,48611,21381,246257,2407.0,27230,655426100.0,11.057553693905147,10,USD,10,1.4782,0.0
COCOA,2020-04-14,46789,19711,239399,2256.0,27078,610879680.0,11.310824188906386,10,USD,10,1.4782,0.0
COCOA,2020-04-21,46862,18624,241007,2365.0,28238,667828700.0,11.71667212985515,10,USD,10,1.4782,0.0
COCOA,2020-04-28,47269,19746,246401,2372.0,27523,652845560.0,11.170003368492823,10,USD,10,1.4782,0.0
COCOA,2020-05-05,45858,18218,248981,2372.0,27640,655620800.0,11.10124868965905,10,USD,10,1.4782,0.0
COCOA,2020-05-12,47675,19486,257182,2406.0,28189,678227340.0,10.960720423668842,10,USD,10,1.4782,0.0
COCOA,2020-05-19,49086,19523,264798,2423.0,29563,716311490.0,11.16435924742634,10,USD,10,1.4782,0.0
COCOA,2020-05-26,49178,19654,265469,2413.0,29524,712414120.0,11.121449208758838,10,USD,10,1.4782,0.0
COCOA,2020-06-02,55296,21289,273368,2417.0,34007,821949190.0,12.44000760879108,10,USD,10,1.4782,0.0
COCOA,2020-06-09,53255,18326,247550,2492.0,34929,870430680.0,14.109876792567158,10,USD,10,1.4782,0.0
COCOA,2020-06-16,52609,17853,233367,2314.0,34756,804253840.0,14.893279683931318,10,USD,10,1.4782,0.0
COCOA,2020-06-23,52571,19295,234022,2314.0,33276,770006640.0,14.21917597490834,10,USD,10,1.4782,0.0
COCOA,2020-06-30,54425,19819,245322,2314.0,34606,800782840.0,14.106358174154785,10,USD,10,1.4782,0.0
COCOA,2020-07-07,55242,21120,248509,2250.0,34122,767745000.0,13.730689834170995,10,USD,10,1.4782,0.0
COCOA,2020-07-14,57472,22618,252543,2167.0,34854,755286180.0,13.801214050676519,10,USD,10,1.4782,0.0
COCOA,2020-07-21,58524,24900,255974,2184.0,33624,734348160.0,13.135709095455006,10,USD,10,1.4782,0.0
COCOA,2020-07-28,58829,24673,254335,2304.0,34156,786954240.0,13.429531916566734,10,USD,10,1.4782,0.0
COCOA,2020-08-04,60790,26701,258393,2451.0,34089,835521390.0,13.192694848544658,10,USD,10,1.4782,0.0
COCOA,2020-08-11,58068,15670,232192,2449.0,42398,1038327020.0,18.25988836824697,10,USD,10,1.4782,0.0
COCOA,2020-08-18,59812,15387,227183,2499.0,44425,1110180750.0,19.554720203536355,10,USD,10,1.4782,0.0
COCOA,2020-08-25,60891,15783,231831,2680.0,45108,1208894400.0,19.45727706820917,10,USD,10,1.4782,0.0
COCOA,2020-09-01,62558,16765,250142,2731.0,45793,1250606830.0,18.306801736613604,10,USD,10,1.4782,0.0
COCOA,2020-09-08,61369,15765,246300,2664.0,45604,1214890560.0,18.515631343889567,10,USD,10,1.4782,0.0
COCOA,2020-09-15,62229,16900,256879,2598.0,45329,1177647420.0,17.646051253703103,10,USD,10,1.4782,0.0
COCOA,2020-09-22,61244,17610,264922,2554.0,43634,1114412360.0,16.470508300556393,10,USD,10,1.4782,0.0
COCOA,2020-09-29,60796,17930,267149,2599.0,42866,1114087340.0,16.04572729076283,10,USD,10,1.4782,0.0
COCOA,2020-10-06,60733,20156,258783,2433.0,40577,987238410.0,15.679932607628785,10,USD,10,1.4782,0.0
COCOA,2020-10-13,56899,20907,255522,2374.0,35992,854450080.0,14.08567559740453,10,USD,10,1.4782,0.0
COCOA,2020-10-20,54702,20669,247337,2398.0,34033,816111340.0,13.759769060027413,10,USD,10,1.4782,0.0
COCOA,2020-10-27,53218,19746,238792,2436.0,33472,815377920.0,14.017220007370431,10,USD,10,1.4782,0.0
COCOA,2020-11-03,54784,19302,241037,2283.0,35482,810054060.0,14.720561573534354,10,USD,10,1.4782,0.0
COCOA,2020-11-10,51569,14503,205810,2365.0,37066,876610900.0,18.00981487779991,10,USD,10,1.4782,0.0
COCOA,2020-11-17,50816,14737,205897,2638.0,36079,951764020.0,17.522839089447636,10,USD,10,1.4782,0.0
COCOA,2020-11-24,53371,14531,236361,2638.0,38840,1024599200.0,16.432490977783985,10,USD,10,1.4782,0.0
COCOA,2020-12-01,54522,14369,243510,2870.0,40153,1152391100.0,16.489261221305078,10,USD,10,1.4782,0.0
COCOA,2020-12-08,60626,14035,242824,2686.0,46591,1251434260.0,19.187147893124237,10,USD,10,1.4782,0.0
COCOA,2020-12-15,63290,14104,248904,2520.0,49186,1239487200.0,19.76103236589207,10,USD,10,1.4782,0.0
COCOA,2020-12-21,63977,14365,249368,2576.0,49612,1278005120.0,19.895094799653524,10,USD,10,1.4782,0.0
COCOA,2020-12-29,63104,14554,250617,2504.0,48550,1215692000.0,19.37218943647079,10,USD,10,1.4782,0.0
COCOA,2021-01-05,64107,14013,254195,2523.0,50094,1263871620.0,19.70691791734692,10,USD,10,1.6493,0.0
COCOA,2021-01-12,62259,13755,250130,2489.0,48504,1207264560.0,19.391516411466036,10,USD,10,1.6493,0.0
COCOA,2021-01-19,62861,13545,253516,2600.0,49316,1282216000.0,19.452815601382163,10,USD,10,1.6493,0.0
COCOA,2021-01-26,65042,15339,258752,2543.0,49703,1263947290.0,19.208740415533022,10,USD,10,1.6493,0.0
COCOA,2021-02-02,65416,15013,260497,2587.0,50403,1303925610.0,19.348783287331525,10,USD,10,1.6493,0.0
COCOA,2021-02-09,62211,12124,229657,2595.0,50087,1299757650.0,21.809481095721008,10,USD,10,1.6493,0.0
COCOA,2021-02-16,62349,12687,229387,2457.0,49662,1220195340.0,21.649875537846523,10,USD,10,1.6493,0.0
COCOA,2021-02-23,62724,14871,230262,2457.0,47853,1175748210.0,20.781978789379053,10,USD,10,1.6493,0.0
COCOA,2021-03-02,61342,13441,232224,2637.0,47901,1263149370.0,20.62706696982224,10,USD,10,1.6493,0.0
COCOA,2021-03-09,59982,13388,220455,2727.0,46594,1270618380.0,21.13537910231113,10,USD,10,1.6493,0.0
COCOA,2021-03-16,60512,12944,224247,1900.0,47568,903792000.0,21.21232391068777,10,USD,10,1.6493,0.0
COCOA,2021-03-23,59729,11686,221587,2446.0,48043,1175131780.0,21.68132607057273,10,USD,10,1.6493,0.0
COCOA,2021-03-30,58462,12250,218450,2337.0,46212,1079974440.0,21.15449759670405,10,USD,10,1.6493,0.0
COCOA,2021-04-06,56427,16128,205292,2405.0,40299,969190950.0,19.630087874831947,10,USD,10,1.6493,0.0
COCOA,2021-04-13,53155,17265,213527,2387.0,35890,856694300.0,16.808178825160283,10,USD,10,1.6493,0.0
COCOA,2021-04-20,49717,16756,214794,2417.0,32961,796667370.0,15.345400709517026,10,USD,10,1.6493,0.0
COCOA,2021-04-27,49492,19173,216665,2324.0,30319,704613560.0,13.99349225763275,10,USD,10,1.6493,0.0
COCOA,2021-05-04,52652,21365,227253,2324.0,31287,727109880.0,13.76747501683146,10,USD,10,1.6493,0.0
COCOA,2021-05-11,50864,19106,227312,2485.0,31758,789186300.0,13.971105792918983,10,USD,10,1.6493,0.0
COCOA,2021-05-18,51897,16856,228767,2512.0,35041,880229920.0,15.317331608142783,10,USD,10,1.6493,0.0
COCOA,2021-05-25,51742,16334,232500,2390.0,35408,846251200.0,15.229247311827956,10,USD,10,1.6493,0.0
COCOA,2021-06-01,50622,13723,235652,2436.0,36899,898859640.0,15.65825878838287,10,USD,10,1.6493,0.0
COCOA,2021-06-08,51873,15940,231137,2373.0,35933,852690090.0,15.546191219925845,10,USD,10,1.6493,0.0
COCOA,2021-06-15,51585,16235,238827,2366.0,35350,836381000.0,14.801509042109979,10,USD,10,1.6493,0.0
COCOA,2021-06-22,51041,17940,247074,2360.0,33101,781183600.0,13.397200838615152,10,USD,10,1.6493,0.0
COCOA,2021-06-29,50906,18298,258863,2360.0,32608,769548800.0,12.596624469313882,10,USD,10,1.6493,0.0
COCOA,2021-07-06,50887,24881,268986,2297.0,26006,597357820.0,9.668161168239239,10,USD,10,1.6493,0.0
COCOA,2021-07-13,50794,25496,275842,2601.0,25298,658000980.0,9.171192204232858,10,USD,10,1.6493,0.0
COCOA,2021-07-20,51377,28304,289403,2253.0,23073,519834690.0,7.972619495996931,10,USD,10,1.6493,0.0
COCOA,2021-07-27,51300,30256,294713,2385.0,21044,501899400.0,7.1405061873755145,10,USD,10,1.6493,0.0
COCOA,2021-08-03,49978,25591,287911,2431.0,24387,592847970.0,8.470325899323054,10,USD,10,1.6493,0.0
COCOA,2021-08-10,49331,25386,259626,2471.0,23945,591680950.0,9.222882145855962,10,USD,10,1.6493,0.0
COCOA,2021-08-17,49972,24184,253830,2573.0,25788,663525240.0,10.159555608084151,10,USD,10,1.6493,0.0
COCOA,2021-08-24,48050,24439,257759,2593.0,23611,612233230.0,9.160106921581788,10,USD,10,1.6493,0.0
COCOA,2021-08-31,49405,26172,262031,2574.0,23233,598017420.0,8.866508161248095,10,USD,10,1.6493,0.0
COCOA,2021-09-07,50136,22420,267032,2750.0,27716,762190000.0,10.379280385871356,10,USD,10,1.6493,0.0
COCOA,2021-09-14,50339,19806,266374,2647.0,30533,808208510.0,11.462455044411241,10,USD,10,1.6493,0.0
COCOA,2021-09-21,50564,20640,271891,2611.0,29924,781315640.0,11.00588103320816,10,USD,10,1.6493,0.0
COCOA,2021-09-28,49766,20268,264352,2559.0,29498,754853820.0,11.158606706209902,10,USD,10,1.6493,0.0
COCOA,2021-10-05,53594,19675,296461,2767.0,33919,938538730.0,11.44130256593616,10,USD,10,1.6493,0.0
COCOA,2021-10-12,54734,19380,294591,2673.0,35354,945012420.0,12.001045517344386,10,USD,10,1.6493,0.0
COCOA,2021-10-19,55036,17352,285591,2539.0,37684,956796760.0,13.195093682924181,10,USD,10,1.6493,0.0
COCOA,2021-10-26,55462,16953,281229,2590.0,38509,997383100.0,13.693111307866543,10,USD,10,1.6493,0.0
COCOA,2021-11-02,58435,24029,288949,2461.0,34406,846731660.0,11.907291598171303,10,USD,10,1.6493,0.0
COCOA,2021-11-09,56508,30744,267691,2435.0,25764,627353400.0,9.624529775001776,10,USD,10,1.6493,0.0
COCOA,2021-11-16,55822,29577,264781,2510.0,26245,658749500.0,9.911964982381665,10,USD,10,1.6493,0.0
COCOA,2021-11-23,56240,30657,267887,2469.0,25583,631644270.0,9.549922168675598,10,USD,10,1.6493,0.0
COCOA,2021-11-30,55914,33877,282692,2320.0,22037,511258400.0,7.795409845344049,10,USD,10,1.6493,0.0
COCOA,2021-12-07,56211,30334,276441,2569.0,25877,664780130.0,9.360767758762268,10,USD,10,1.6493,0.0
COCOA,2021-12-14,56899,30407,272565,2625.0,26492,695415000.0,9.719516445618476,10,USD,10,1.6493,0.0
COCOA,2021-12-21,55699,31734,271727,2470.0,23965,591935500.0,8.819513703091705,10,USD,10,1.6493,0.0
COCOA,2021-12-28,56672,30260,272006,2482.0,26412,655545840.0,9.710079924707543,10,USD,10,1.6493,0.0
COCOA,2022-01-04,60897,32191,271934,2472.0,28706,709612320.0,10.556237910669502,10,USD,10,1.2786,0.0
COCOA,2022-01-11,61790,32575,274768,2587.0,29215,755792050.0,10.63260641705002,10,USD,10,1.2786,0.0
COCOA,2022-01-18,62723,32327,292065,2640.0,30396,802454400.0,10.40727235375687,10,USD,10,1.2786,0.0
COCOA,2022-01-25,64680,34420,295133,2496.0,30260,755289600.0,10.253004577597219,10,USD,10,1.2786,0.0
COCOA,2022-02-01,62145,33842,298596,2605.0,28303,737293150.0,9.478693619472464,10,USD,10,1.2786,0.0
COCOA,2022-02-08,59680,29523,303453,2666.0,30157,803985620.0,9.937947556952805,10,USD,10,1.2786,0.0
COCOA,2022-02-15,60297,24931,317673,2681.0,35366,948162460.0,11.132831559496715,10,USD,10,1.2786,0.0
COCOA,2022-02-22,59955,24180,313134,2600.0,35775,930150000.0,11.42482132250091,10,USD,10,1.2786,0.0
COCOA,2022-03-01,61687,26167,312016,2491.0,35520,884803200.0,11.384031588123685,10,USD,10,1.2786,0.0
COCOA,2022-03-08,60100,22701,301944,2629.0,37399,983219710.0,12.386071589433802,10,USD,10,1.2786,0.0
COCOA,2022-03-15,61380,27592,296167,2447.0,33788,826792360.0,11.408428352922506,10,USD,10,1.2786,0.0
COCOA,2022-03-22,59112,28002,299227,2582.0,31110,803260200.0,10.396789059810779,10,USD,10,1.2786,0.0
COCOA,2022-03-29,59542,27591,294837,2629.0,31951,839991790.0,10.83683526830079,10,USD,10,1.2786,0.0
COCOA,2022-04-05,60094,24369,273333,2549.0,35725,910630250.0,13.070137890412061,10,USD,10,1.2786,0.0
COCOA,2022-04-12,59198,23554,279449,2585.0,35644,921397400.0,12.755100215066076,10,USD,10,1.2786,0.0
COCOA,2022-04-19,57797,21384,278758,2521.0,36413,917971730.0,13.062584750930913,10,USD,10,1.2786,0.0
COCOA,2022-04-26,56349,22772,290934,2577.0,33577,865279290.0,11.541105542837894,10,USD,10,1.2786,0.0
COCOA,2022-05-03,56474,23670,299076,2637.0,32804,865041480.0,10.968449491099253,10,USD,10,1.2786,0.0
COCOA,2022-05-10,59636,27974,323909,2637.0,31662,834926940.0,9.774967660670127,10,USD,10,1.2786,0.0
COCOA,2022-05-17,63149,30602,334761,2515.0,32547,818557050.0,9.722458709347864,10,USD,10,1.2786,0.0
COCOA,2022-05-24,63577,29866,343225,2433.0,33711,820188630.0,9.821836987398937,10,USD,10,1.2786,0.0
COCOA,2022-05-31,65868,30874,352970,2499.0,34994,874500060.0,9.91415701051081,10,USD,10,1.2786,0.0
COCOA,2022-06-07,64926,29265,319176,2469.0,35661,880470090.0,11.172832543800286,10,USD,10,1.2786,0.0
COCOA,2022-06-14,66497,32679,356156,2317.0,33818,783563060.0,9.495277350374556,10,USD,10,1.2786,0.0
COCOA,2022-06-21,67297,33858,356545,2419.0,33439,808889410.0,9.378619809561206,10,USD,10,1.2786,0.0
COCOA,2022-06-28,65720,33972,354839,2371.0,31748,752745080.0,8.947156315963015,10,USD,10,1.2786,0.0
COCOA,2022-07-05,63556,37000,368440,2323.0,26556,616895880.0,7.207686461839105,10,USD,10,1.2786,0.0
COCOA,2022-07-12,62271,36482,360109,2328.0,25789,600367920.0,7.161442785378871,10,USD,10,1.2786,0.0
COCOA,2022-07-19,60530,37490,368451,2354.0,23040,542361600.0,6.253205989398862,10,USD,10,1.2786,0.0
COCOA,2022-07-26,59875,36331,374733,2398.0,23544,564585120.0,6.282873405864977,10,USD,10,1.2786,0.0
COCOA,2022-08-02,61995,38653,378597,2325.0,23342,542701500.0,6.1653948657807645,10,USD,10,1.2786,0.0
COCOA,2022-08-09,63121,40932,355359,2353.0,22189,522107170.0,6.244108070992996,10,USD,10,1.2786,0.0
COCOA,2022-08-16,59206,36568,344224,2336.0,22638,528823680.0,6.576531560844101,10,USD,10,1.2786,0.0
COCOA,2022-08-23,59133,35700,342271,2317.0,23433,542942610.0,6.846329370586465,10,USD,10,1.2786,0.0
COCOA,2022-08-30,58130,33932,345237,2430.0,24198,588011400.0,7.009098097828447,10,USD,10,1.2786,0.0
COCOA,2022-09-06,59631,35767,347208,2438.0,23864,581804320.0,6.873113522729891,10,USD,10,1.2786,0.0
COCOA,2022-09-13,61749,38797,357833,2347.0,22952,538683440.0,6.414165267037976,10,USD,10,1.2786,0.0
COCOA,2022-09-20,60334,38916,356082,2344.0,21418,502037920.0,6.014906678798704,10,USD,10,1.2786,0.0
COCOA,2022-09-27,59595,41543,377227,2275.0,18052,410683000.0,4.785447489177604,10,USD,10,1.2786,0.0
COCOA,2022-10-04,59284,40064,384309,2371.0,19220,455706200.0,5.001183943129097,10,USD,10,1.2786,0.0
COCOA,2022-10-11,55388,29673,360838,2350.0,25715,604302500.0,7.126466724679774,10,USD,10,1.2786,0.0
COCOA,2022-10-18,55927,37515,362998,2310.0,18412,425317200.0,5.072204254568895,10,USD,10,1.2786,0.0
COCOA,2022-10-25,53672,41505,370420,2290.0,12167,278624300.0,3.284649856919173,10,USD,10,1.2786,0.0
COCOA,2022-11-01,55353,44668,377101,2352.0,10685,251311200.0,2.8334584103463,10,USD,10,1.2786,0.0
COCOA,2022-11-08,56162,35114,345141,2528.0,21048,532093440.0,6.098377184976575,10,USD,10,1.2786,0.0
COCOA,2022-11-15,54966,31445,322469,2502.0,23521,588495420.0,7.29403446532845,10,USD,10,1.2786,0.0
COCOA,2022-11-22,51569,32150,310495,2364.0,19419,459065160.0,6.2542069920610635,10,USD,10,1.2786,0.0
COCOA,2022-11-29,52437,33049,317134,2446.0,19388,474230480.0,6.113504070834411,10,USD,10,1.2786,0.0
COCOA,2022-12-06,52696,32549,310041,2456.0,20147,494810320.0,6.498172822304146,10,USD,10,1.2786,0.0
COCOA,2022-12-13,54582,33018,321471,2520.0,21564,543412800.0,6.707914555278703,10,USD,10,1.2786,0.0
COCOA,2022-12-20,53923,33648,318275,2495.0,20275,505861250.0,6.370277275940617,10,USD,10,1.2786,0.0
COCOA,2022-12-27,53030,30651,336702,2636.0,22379,589910440.0,6.6465301661409795,10,USD,10,1.2786,0.0
COCOA,2023-01-03,53695,31283,341622,2568.0,22412,575540160.0,6.560467417203809,10,USD,10,1.0697,0.0
COCOA,2023-01-10,60020,34618,361665,2606.0,25402,661976120.0,7.023626836990032,10,USD,10,1.0697,0.0
COCOA,2023-01-17,65146,36661,379299,2646.0,28485,753713100.0,7.509906432656031,10,USD,10,1.0697,0.0
COCOA,2023-01-24,63615,40111,363326,2594.0,23504,609693760.0,6.469121395110728,10,USD,10,1.0697,0.0
COCOA,2023-01-31,63200,40205,369971,2577.0,22995,592581150.0,6.215352014076779,10,USD,10,1.0697,0.0
COCOA,2023-02-07,55390,38695,330133,2582.0,16695,431064900.0,5.057052763583162,10,USD,10,1.0697,0.0
COCOA,2023-02-14,57774,40316,338141,2660.0,17458,464382800.0,5.162934988658577,10,USD,10,1.0697,0.0
COCOA,2023-02-21,64992,40748,364506,2757.0,24244,668407080.0,6.651193670337388,10,USD,10,1.0697,0.0
COCOA,2023-02-28,67761,42807,400240,2831.0,24954,706447740.0,6.2347591445132915,10,USD,10,1.0697,0.0
COCOA,2023-03-07,73640,45349,414934,2705.0,28291,765271550.0,6.818192772826522,10,USD,10,1.0697,0.0
COCOA,2023-03-14,68958,44346,417504,2600.0,24612,639912000.0,5.895033340997931,10,USD,10,1.0697,0.0
COCOA,2023-03-21,67243,44171,427114,2817.0,23072,649938240.0,5.401836512031917,10,USD,10,1.0697,0.0
COCOA,2023-03-28,73069,45504,465489,2906.0,27565,801038900.0,5.921729621967437,10,USD,10,1.0697,0.0
COCOA,2023-04-04,70341,43569,496475,2913.0,26772,779868360.0,5.3924165365829095,10,USD,10,1.0697,0.0
COCOA,2023-04-11,67188,40248,409583,2977.0,26940,802003800.0,6.577421426182239,10,USD,10,1.0697,0.0
COCOA,2023-04-18,64747,37384,407178,3067.0,27363,839223210.0,6.720156786466852,10,USD,10,1.0697,0.0
COCOA,2023-04-25,62147,35991,397587,3117.0,26156,815282520.0,6.578685922829469,10,USD,10,1.0697,0.0
COCOA,2023-05-02,60780,36289,399857,3125.0,24491,765343750.0,6.124939665930571,10,USD,10,1.0697,0.0
COCOA,2023-05-09,61683,35534,415733,3240.0,26149,847227600.0,6.289854305527827,10,USD,10,1.0697,0.0
COCOA,2023-05-16,61472,34095,419903,2984.0,27377,816929680.0,6.51983910569822,10,USD,10,1.0697,0.0
COCOA,2023-05-23,63449,35040,425866,3018.0,28409,857383620.0,6.670877693922502,10,USD,10,1.0697,0.0
COCOA,2023-05-30,63203,34433,426886,3010.0,28770,865977000.0,6.739504223610051,10,USD,10,1.0697,0.0
COCOA,2023-06-06,63964,33166,408645,3045.0,30798,937799100.0,7.536614910252175,10,USD,10,1.0697,0.0
COCOA,2023-06-13,62777,33027,423179,3185.0,29750,947537500.0,7.030122005108949,10,USD,10,1.0697,0.0
COCOA,2023-06-20,65767,34168,442261,3131.0,31599,989364690.0,7.144875989517502,10,USD,10,1.0697,0.0
COCOA,2023-06-27,65993,32841,448855,3209.0,33152,1063847680.0,7.38590413385169,10,USD,10,1.0697,0.0
COCOA,2023-07-03,69323,33428,474518,3306.0,35895,1186688700.0,7.56451810047248,10,USD,10,1.0697,0.0
COCOA,2023-07-11,70029,34634,470448,3305.0,35395,1169804750.0,7.523679556507839,10,USD,10,1.0697,0.0
COCOA,2023-07-18,69491,33408,485826,3414.0,36083,1231873620.0,7.4271446978959546,10,USD,10,1.0697,0.0
COCOA,2023-07-25,68017,33398,499097,3470.0,34619,1201279300.0,6.9363270065738725,10,USD,10,1.0697,0.0
COCOA,2023-08-01,68210,33863,507457,3552.0,34347,1220005440.0,6.768455258278042,10,USD,10,1.0697,0.0
COCOA,2023-08-08,60485,33774,412778,3328.0,26711,888942080.0,6.471032855433187,10,USD,10,1.0697,0.0
COCOA,2023-08-15,59788,34331,402174,3340.0,25457,850263800.0,6.32984728003302,10,USD,10,1.0697,0.0
COCOA,2023-08-22,59102,34408,401849,3329.0,24694,822063260.0,6.1450943015908965,10,USD,10,1.0697,0.0
COCOA,2023-08-29,60758,33752,431329,3549.0,27006,958442940.0,6.261113906090246,10,USD,10,1.0697,0.0
COCOA,2023-09-05,60665,33396,434680,3595.0,27269,980320550.0,6.27335051072053,10,USD,10,1.0697,0.0
COCOA,2023-09-12,63869,25401,443495,3808.0,38468,1464861440.0,8.673829468201445,10,USD,10,1.0697,0.0
COCOA,2023-09-19,60637,22688,440791,3639.0,37949,1380964110.0,8.609295561842234,10,USD,10,1.0697,0.0
COCOA,2023-09-26,56660,20973,431863,3491.0,35687,1245833170.0,8.26350023039714,10,USD,10,1.0697,0.0
COCOA,2023-10-03,54846,20022,419539,3436.0,34824,1196552640.0,8.30053940158126,10,USD,10,1.0697,0.0
COCOA,2023-10-10,52307,18917,415245,3478.0,33390,1161304200.0,8.04103601488278,10,USD,10,1.0697,0.0
COCOA,2023-10-17,52888,18861,428707,3635.0,34027,1236881450.0,7.937122556897834,10,USD,10,1.0697,0.0
COCOA,2023-10-24,56522,19733,466832,3732.0,36789,1372965480.0,7.880565171196491,10,USD,10,1.0697,0.0
COCOA,2023-10-31,55727,17875,465679,3820.0,37852,1445946400.0,8.128345920687856,10,USD,10,1.0697,0.0
COCOA,2023-11-07,53892,17625,420974,3889.0,36267,1410423630.0,8.61502135523809,10,USD,10,1.0697,0.0
COCOA,2023-11-14,50919,18114,416317,3934.0,32805,1290548700.0,7.879812738850443,10,USD,10,1.0697,0.0
COCOA,2023-11-21,49193,17780,402379,4251.0,31413,1335366630.0,7.806818944328605,10,USD,10,1.0697,0.0
COCOA,2023-11-28,48410,16600,418391,4381.0,31810,1393596100.0,7.602936009617797,10,USD,10,1.0697,0.0
COCOA,2023-12-05,45140,17627,406152,4240.0,27513,1166551200.0,6.774064882113101,10,USD,10,1.0697,0.0
COCOA,2023-12-12,44285,16170,424305,4465.0,28115,1255334750.0,6.626129788713307,10,USD,10,1.0697,0.0
COCOA,2023-12-19,43293,14770,432306,4302.0,28523,1227059460.0,6.5978728030607945,10,USD,10,1.0697,0.0
COCOA,2023-12-26,42895,14333,443406,4296.0,28562,1227023520.0,6.441500566072629,10,USD,10,1.0697,0.0
COCOA,2024-01-02,44021,15918,455299,4286.0,28103,1204494580.0,6.17242734993927,10,USD,10,1.2683,0.0
COCOA,2024-01-09,44245,17698,455103,4150.0,26547,1101700500.0,5.833185015260281,10,USD,10,1.2683,0.0
COCOA,2024-01-16,46161,18276,476440,4439.0,27885,1237815150.0,5.852783141633784,10,USD,10,1.2683,0.0
COCOA,2024-01-23,47134,19077,492495,4668.0,28057,1309700760.0,5.6969106285343,10,USD,10,1.2683,0.0
COCOA,2024-01-30,45761,18196,494203,4800.0,27565,1323120000.0,5.577667476725151,10,USD,10,1.2683,0.0
COCOA,2024-02-06,41626,16443,455688,5236.0,25183,1318581880.0,5.526368919084988,10,USD,10,1.2683,0.0
COCOA,2024-02-13,37074,15192,424748,5995.0,21882,1311825900.0,5.151760573328185,10,USD,10,1.2683,0.0
COCOA,2024-02-20,35250,14401,407268,6039.0,20849,1259071110.0,5.119233526817722,10,USD,10,1.2683,0.0
COCOA,2024-02-27,34799,14058,396177,6743.0,20741,1398565630.0,5.235286248318302,10,USD,10,1.2683,0.0
COCOA,2024-03-05,35092,13193,369829,7000.0,21899,1532930000.0,5.921385288876751,10,USD,10,1.2683,0.0
COCOA,2024-03-12,33788,12271,374405,7974.0,21517,1715765580.0,5.746985216543583,10,USD,10,1.2683,0.0
COCOA,2024-03-19,32108,11692,382910,8080.0,20416,1649612800.0,5.331801206549842,10,USD,10,1.2683,0.0
COCOA,2024-03-26,33450,11759,383874,9624.0,21691,2087541840.0,5.650552004042994,10,USD,10,1.2683,0.0
COCOA,2024-04-02,32274,11607,335236,9855.0,20667,2036732850.0,6.164910689782721,10,USD,10,1.2683,0.0
COCOA,2024-04-09,29026,9382,296777,10211.0,19644,2005848840.0,6.619111319273394,10,USD,10,1.2683,0.0
COCOA,2024-04-16,30225,10669,286000,10038.0,19556,1963031280.0,6.837762237762238,10,USD,10,1.2683,0.0
COCOA,2024-04-23,30697,11660,287967,10531.0,19037,2004786470.0,6.61082693503075,10,USD,10,1.2683,0.0
COCOA,2024-04-30,29086,12139,268254,10050.0,16947,1703173500.0,6.317519962423673,10,USD,10,1.2683,0.0
COCOA,2024-05-07,28567,14020,261708,8570.0,14547,1246677900.0,5.55848502911642,10,USD,10,1.2683,0.0
COCOA,2024-05-14,28209,13408,253271,9000.0,14801,1332090000.0,5.84393791630309,10,USD,10,1.2683,0.0
COCOA,2024-05-21,27752,12464,246433,7318.0,15288,1118775840.0,6.203714599911538,10,USD,10,1.2683,0.0
COCOA,2024-05-28,33005,15927,271237,8611.0,17078,1470586580.0,6.296338626367347,10,USD,10,1.2683,0.0
COCOA,2024-06-04,34987,17302,281380,9400.0,17685,1662390000.0,6.28509488947331,10,USD,10,1.2683,0.0
COCOA,2024-06-11,33626,16104,237463,9997.0,17522,1751674340.0,7.378833755153434,10,USD,10,1.2683,0.0
COCOA,2024-06-18,32698,15368,236770,9914.0,17330,1718096200.0,7.319339443341639,10,USD,10,1.2683,0.0
COCOA,2024-06-25,30459,13010,220653,8015.0,17449,1398537350.0,7.907891576366512,10,USD,10,1.2683,0.0
COCOA,2024-07-02,31596,14649,226827,7497.0,16947,1270516590.0,7.471332777843907,10,USD,10,1.2683,0.0
COCOA,2024-07-09,31904,14874,230014,8430.0,17030,1435629000.0,7.403897154086272,10,USD,10,1.2683,0.0
COCOA,2024-07-16,31096,13406,225398,7766.0,17690,1373805400.0,7.8483393818933616,10,USD,10,1.2683,0.0
COCOA,2024-07-23,30871,15784,227773,8318.0,15087,1254936660.0,6.6236999117542465,10,USD,10,1.2683,0.0
COCOA,2024-07-30,29761,14911,222610,8139.0,14850,1208641500.0,6.670859350433493,10,USD,10,1.2683,0.0
COCOA,2024-08-06,28605,14456,192544,8285.0,14149,1172244650.0,7.348450224364302,10,USD,10,1.2683,0.0
COCOA,2024-08-13,28584,13931,187537,8997.0,14653,1318330410.0,7.813391490745826,10,USD,10,1.2683,0.0
COCOA,2024-08-20,29770,14841,185389,9486.0,14929,1416164940.0,8.052797091521072,10,USD,10,1.2683,0.0
COCOA,2024-08-27,31266,15241,193370,9802.0,16025,1570770500.0,8.287221389046904,10,USD,10,1.2683,0.0
COCOA,2024-09-03,29832,14449,187463,9730.0,15383,1496765900.0,8.205885961496403,10,USD,10,1.2683,0.0
COCOA,2024-09-10,28624,13794,185941,9726.0,14830,1442365800.0,7.975648189479459,10,USD,10,1.2683,0.0
COCOA,2024-09-17,30808,13496,195612,7637.0,17312,1322117440.0,8.850172791035314,10,USD,10,1.2683,0.0
COCOA,2024-09-24,31155,12340,199499,7874.0,18815,1481493100.0,9.431124968044953,10,USD,10,1.2683,0.0
COCOA,2024-10-01,30391,10941,200652,7093.0,19450,1379588500.0,9.693399517572713,10,USD,10,1.2683,0.0
COCOA,2024-10-08,29486,10156,186801,7093.0,19330,1371076900.0,10.347910343092382,10,USD,10,1.2683,0.0
COCOA,2024-10-15,29840,9886,194838,8003.0,19954,1596918620.0,10.241328693581334,10,USD,10,1.2683,0.0
COCOA,2024-10-22,29265,8749,188567,7180.0,20516,1473048800.0,10.879952483732573,10,USD,10,1.2683,0.0
COCOA,2024-10-29,28521,9176,180966,7231.0,19345,1398836950.0,10.689853342616845,10,USD,10,1.2683,0.0
COCOA,2024-11-05,28282,8407,156572,7223.0,19875,1435571250.0,12.69384053342871,10,USD,10,1.2683,0.0
COCOA,2024-11-12,27453,7920,161633,7924.0,19533,1547794920.0,12.08478466649756,10,USD,10,1.2683,0.0
COCOA,2024-11-19,26137,11076,181052,8575.0,15061,1291480750.0,8.318604599783487,10,USD,10,1.2683,0.0
COCOA,2024-11-26,24998,9887,185770,8964.0,15111,1354550040.0,8.134252032082683,10,USD,10,1.2683,0.0
COCOA,2024-12-03,23843,9055,181889,9624.0,14788,1423197120.0,8.130233274139723,10,USD,10,1.2683,0.0
COCOA,2024-12-10,22501,8076,183179,10350.0,14425,1492987500.0,7.874810977240841,10,USD,10,1.2683,0.0
COCOA,2024-12-17,22681,8276,182864,11933.0,14405,1718948650.0,7.877438971038586,10,USD,10,1.2683,0.0
COCOA,2024-12-24,21184,8488,179639,11845.0,12696,1503841200.0,7.067507612489493,10,USD,10,1.2683,0.0
COCOA,2024-12-31,20301,8270,179573,11545.0,12031,1388978950.0,6.699782261253083,10,USD,10,1.2683,0.0
COCOA,2025-01-07,20898,8322,178592,11223.0,12576,1411404480.0,7.04174879053933,10,USD,10,3.1541,0.0
COCOA,2025-01-14,21570,8085,174637,10929.0,13485,1473775650.0,7.7217313627696305,10,USD,10,3.1541,0.0
COCOA,2025-01-21,22478,7732,175201,11540.0,14746,1701688400.0,8.416618626606013,10,USD,10,3.1541,0.0
COCOA,2025-01-28,22222,7726,173579,11404.0,14496,1653123840.0,8.351240645469787,10,USD,10,3.1541,0.0
COCOA,2025-02-04,21966,7754,175975,10839.0,14212,1540438680.0,8.07614717999716,10,USD,10,3.1541,0.0
COCOA,2025-02-11,20045,7791,150791,10111.0,12254,1239001940.0,8.126479697064148,10,USD,10,3.1541,0.0
COCOA,2025-02-18,20815,8086,146734,10312.0,12729,1312614480.0,8.674881077323594,10,USD,10,3.1541,0.0
COCOA,2025-02-25,18895,8769,141263,8390.0,10126,849571400.0,7.168189830316502,10,USD,10,3.1541,0.0
COCOA,2025-03-04,17157,11479,133991,8390.0,5678,476384200.0,4.2375980476300645,10,USD,10,3.1541,0.0
COCOA,2025-03-11,16662,11507,136425,8415.0,5155,433793250.0,3.7786329485065053,10,USD,10,3.1541,0.0
COCOA,2025-03-18,16125,12341,137103,8054.0,3784,304763360.0,2.759968782594108,10,USD,10,3.1541,0.0
COCOA,2025-03-25,15045,12027,135985,8043.0,3018,242737740.0,2.219362429679744,10,USD,10,3.1541,0.0
COCOA,2025-04-01,16509,13338,142253,8327.0,3171,264049170.0,2.229126977989919,10,USD,10,3.1541,0.0
COCOA,2025-04-08,16569,10773,122292,7766.0,5796,450117360.0,4.739476008242567,10,USD,10,3.1541,0.0
COCOA,2025-04-15,15591,9569,116339,7991.0,6022,481218020.0,5.176252159636923,10,USD,10,3.1541,0.0
COCOA,2025-04-22,16589,9754,115443,9252.0,6835,632374200.0,5.920670807238205,10,USD,10,3.1541,0.0
COCOA,2025-04-29,17128,9272,117634,9343.0,7856,733986080.0,6.678341295883842,10,USD,10,3.1541,0.0
COCOA,2025-05-06,17775,9281,117735,9157.0,8494,777795580.0,7.2145071559009635,10,USD,10,3.1541,0.0
COCOA,2025-05-13,17657,9284,126282,9689.0,8373,811259970.0,6.630398631633962,10,USD,10,3.1541,0.0
COCOA,2025-05-20,18325,10006,138774,10911.0,8319,907686090.0,5.994638765186562,10,USD,10,3.1541,0.0
COCOA,2025-05-27,18473,10355,133059,9801.0,8118,795645180.0,6.101052916375442,10,USD,10,3.1541,0.0
COCOA,2025-06-03,19118,10144,131020,9769.0,8974,876670060.0,6.849335979239811,10,USD,10,3.1541,0.0
COCOA,2025-06-10,19584,9166,130445,9573.0,10418,997315140.0,7.986507723561655,10,USD,10,3.1541,0.0
COCOA,2025-06-17,18943,8900,107662,9949.0,10043,999178070.0,9.328268098307667,10,USD,10,3.1541,0.0
COCOA,2025-06-24,19395,8141,108490,9410.0,11254,1059001400.0,10.373306295511107,10,USD,10,3.1541,0.0
COCOA,2025-07-01,20398,8413,111207,9165.0,11985,1098425250.0,10.777199277023929,10,USD,10,3.1541,0.0
COCOA,2025-07-08,20312,9177,115892,9080.0,11135,1011058000.0,9.608083387981914,10,USD,10,3.1541,0.0
COCOA,2025-07-15,20187,9732,119006,7349.0,10455,768337950.0,8.785271330857269,10,USD,10,3.1541,0.0
COCOA,2025-07-22,20505,5323,114895,8129.0,15182,1234144780.0,13.213803907915922,10,USD,10,3.1541,0.0
COCOA,2025-07-29,23763,5831,116109,8344.0,17932,1496246080.0,15.444108553169865,10,USD,10,3.1541,0.0
COCOA,2025-08-05,22628,5291,116323,8400.0,17337,1456308000.0,14.904189197321251,10,USD,10,3.1541,0.0
COCOA,2025-08-12,21591,4732,115185,8722.0,16859,1470441980.0,14.636454399444371,10,USD,10,3.1541,0.0
COCOA,2025-08-19,23165,5466,109516,8015.0,17699,1418574850.0,16.161108879067896,10,USD,10,3.1541,0.0
COCOA,2025-08-26,24546,6762,107225,7610.0,17784,1353362400.0,16.585684308696667,10,USD,10,3.1541,0.0
COCOA,2025-09-02,24517,7262,108081,7610.0,17255,1313105500.0,15.964878193206946,10,USD,10,3.1541,0.0
COCOA,2025-09-09,25495,7885,111777,7610.0,17610,1340121000.0,15.754582785367294,10,USD,10,3.1541,0.0
COCOA,2025-09-16,25851,8236,114583,7364.0,17615,1297168600.0,15.373135630940018,10,USD,10,3.1541,0.0
COCOA,2025-09-23,24879,9859,122853,7003.0,15020,1051850600.0,12.225993667228312,10,USD,10,3.1541,0.0
COCOA,2025-09-30,26198,11528,134587,6707.0,14670,983916900.0,10.900012631234816,10,USD,10,3.1541,0.0
COCOA,2025-10-07,30511,14117,150788,6146.0,16394,1007575240.0,10.872217948377855,10,USD,10,3.1541,0.0
COCOA,2025-10-14,30199,14150,152160,5884.0,16049,944323160.0,10.547450052576234,10,USD,10,3.1541,0.0
COCOA,2025-10-21,30536,13880,155730,5944.0,16656,990032640.0,10.695434405702176,10,USD,10,3.1541,0.0
COCOA,2025-10-28,30035,12986,157367,6005.0,17049,1023792450.0,10.833910540329295,10,USD,10,3.1541,0.0
COCOA,2025-11-04,29532,13618,157289,6586.0,15914,1048096040.0,10.117681465328154,10,USD,10,3.1541,0.0
COCOA,2025-11-10,27403,12761,155124,6088.0,14642,891404960.0,9.438900492509218,10,USD,10,3.1541,0.0
COCOA,2025-11-18,23555,11354,147561,5238.0,12201,639088380.0,8.268444914306626,10,USD,10,3.1541,0.0
COCOA,2025-11-25,23316,12678,155286,5068.0,10638,539133840.0,6.850585371508055,10,USD,10,3.1541,0.0
COCOA,2025-12-02,22577,12403,154270,5500.0,10174,559570000.0,6.594930965190899,10,USD,10,3.1541,0.0
COCOA,2025-12-09,22633,11893,156575,5754.0,10740,617979600.0,6.85933258821651,10,USD,10,3.1541,0.0
COCOA,2025-12-16,22480,11249,153399,5998.0,11231,673635380.0,7.321429735526307,10,USD,10,3.1541,0.0
COCOA,2025-12-23,21720,11407,157724,5943.0,10313,612901590.0,6.5386371129314504,10,USD,10,3.1541,0.0
COCOA,2025-12-30,22885,10527,158522,6089.0,12358,752478620.0,7.795763364075649,10,USD,10,3.1541,0.0
COCOA,2026-01-06,24045,10804,162817,5989.0,13241,793003490.0,8.132443172396004,10,USD,10,4.1769,4.7657
COCOA,2026-01-13,38697,11045,176859,5213.0,27652,1441498760.0,15.635053913004143,10,USD,10,4.1769,4.7657
COCOA,2026-01-20,46195,13227,199088,4653.0,32968,1534001040.0,16.559511371855663,10,USD,10,4.1769,4.7657
COCOA,2026-01-27,48409,13828,214424,4420.0,34581,1528480200.0,16.12739245606835,10,USD,10,4.1769,4.7657
COCOA,2026-02-03,52317,14264,229531,4265.0,38053,1622960450.0,16.57858851309845,10,USD,10,4.1769,4.7657
COCOA,2026-02-10,50207,13093,239572,3778.0,37114,1402166920.0,15.491793698762793,10,USD,10,4.1769,4.7657
COCOA,2026-02-17,46751,10692,215270,3415.0,36059,1231414850.0,16.750592279463,10,USD,10,4.1769,4.7657
COCOA,2026-02-24,47913,11934,241934,3027.0,35979,1089084330.0,14.871411211322098,10,USD,10,4.1769,4.7657
COCOA,2026-03-03,50564,12831,255382,2941.0,37733,1109727530.0,14.775121191000148,10,USD,10,4.1769,4.7657
COCOA,2026-03-10,49834,10219,254334,3360.0,39615,1331064000.0,15.575974899148365,10,USD,10,4.1769,4.7657
COCOA,2026-03-17,50407,10087,246189,3325.0,40320,1340640000.0,16.377661065279113,10,USD,10,4.1769,4.7657
COCOA,2026-03-24,51565,12428,251484,3233.0,39137,1265299210.0,15.562421466176774,10,USD,10,4.1769,4.7657
COCOA,2026-03-31,53192,14727,259317,3271.0,38465,1258190150.0,14.833196435251065,10,USD,10,4.1769,4.7657
COCOA,2026-04-07,54345,15339,263756,3001.0,39006,1170570060.0,14.788668314654455,10,USD,10,4.1769,4.7657
COCOA,2026-04-14,53622,12045,234377,3540.0,41577,1471825800.0,17.739368624054407,10,USD,10,4.1769,4.7657
COCOA,2026-04-21,53457,14756,234039,3217.0,38701,1245011170.0,16.53613286674443,10,USD,10,4.1769,4.7657
COCOA,2026-04-28,53961,15332,237661,3244.0,38629,1253124760.0,16.2538237237073,10,USD,10,4.1769,4.7657
COCOA,2026-05-05,55272,16913,253222,4225.0,38359,1620667750.0,15.148367835338162,10,USD,10,4.1769,4.7657
COCOA,2026-05-12,53296,14877,251422,4467.0,38419,1716176730.0,15.280683472408937,10,USD,10,4.1769,4.7657
COCOA,2026-05-19,55357,15356,246811,3909.0,40001,1563639090.0,16.207138255588287,10,USD,10,4.1769,4.7657
COCOA,2026-05-26,57409,16421,258176,4152.0,40988,1701821760.0,15.875991571641052,10,USD,10,4.1769,4.7657
COCOA,2026-06-02,56419,16725,262323,4074.0,39694,1617133560.0,15.131726916816291,10,USD,10,4.1769,4.7657
COCOA,2026-06-09,54332,16042,259304,3808.0,38290,1458083200.0,14.766451732329621,10,USD,10,4.1769,4.7657
COCOA,2026-06-16,51930,15834,235318,4136.0,36096,1492930560.0,15.339243066828717,10,USD,10,4.1769,4.7657
COCOA,2026-06-23,51941,15285,231281,4581.0,36656,1679211360.0,15.849118604641108,10,USD,10,4.1769,4.7657
COCOA,2026-06-30,51300,14108,243087,4800.0,37192,1785216000.0,15.299872062265774,10,USD,10,4.1769,4.7657
COCOA,2026-07-07,50320,13757,267273,5058.0,36563,1849356540.0,13.680020054401304,10,USD,10,4.1769,4.7657
COCOA,2026-07-14,49163,15422,272953,5610.0,33741,1892870100.0,12.361468824303085,10,USD,10,4.1769,4.7657
COCOA,2026-07-21,50341,19626,269255,5606.0,30715,1721882900.0,11.4074019052571,10,USD,10,4.1769,4.7657
COCOA,2026-07-28,50157,20509,262836,5206.0,29648,1543474880.0,11.280037742166217,10,USD,10,4.1769,4.7657
COCOA,2026-08-04,50208,21574,277024,6089.0,28634,1743524260.0,10.336288552616379,10,USD,10,4.1769,4.7657
COCOA,2026-08-11,48551,19612,258272,5527.0,28939,1599458530.0,11.204853797546772,10,USD,10,4.1769,4.7657
COCOA,2026-08-18,48759,19423,229991,5920.0,29336,1736691200.0,12.75528172841546,10,USD,10,4.1769,4.7657
COCOA,2026-08-25,49324,20362,228066,5819.0,28962,1685298780.0,12.698955565494199,10,USD,10,4.1769,4.7657
COFFEE,2016-01-05,31559,4591,203823,125.2,26968,1266147600.0,13.231087757515098,37500,USc,375,3.9811,6.4677
COFFEE,2016-01-12,33944,5513,227878,116.5,28431,1242079312.5,12.476412817384741,37500,USc,375,3.9811,6.4677
COFFEE,2016-01-19,35664,5973,238170,117.45,29691,1307702981.25,12.466305580047866,37500,USc,375,3.9811,6.4677
COFFEE,2016-01-26,36187,6292,242648,118.4,29895,1327338000.0,12.32031584847186,37500,USc,375,3.9811,6.4677
COFFEE,2016-02-02,37223,6405,240553,121.25,30818,1401255937.5,12.811313930817741,37500,USc,375,3.9811,6.4677
COFFEE,2016-02-09,37360,7046,238285,116.85,30314,1328321587.5,12.721740772604234,37500,USc,375,3.9811,6.4677
COFFEE,2016-02-16,37511,4257,218216,116.9,33254,1457772225.0,15.239029218755729,37500,USc,375,3.9811,6.4677
COFFEE,2016-02-23,36453,3371,213875,119.35,33082,1480626262.5,15.467913500876682,37500,USc,375,3.9811,6.4677
COFFEE,2016-03-01,36291,3575,231456,115.0,32716,1410877500.0,14.134867966265727,37500,USc,375,3.9811,6.4677
COFFEE,2016-03-08,36216,3678,236324,121.65,32538,1484342887.5,13.768385775460809,37500,USc,375,3.9811,6.4677
COFFEE,2016-03-15,36537,3470,236448,125.5,33067,1556215687.5,13.984893084314521,37500,USc,375,3.9811,6.4677
COFFEE,2016-03-22,37804,4790,254701,136.7,33014,1692380175.0,12.96186508886891,37500,USc,375,3.9811,6.4677
COFFEE,2016-03-29,37904,5201,250158,129.7,32703,1590592162.4999998,13.07293790324515,37500,USc,375,3.9811,6.4677
COFFEE,2016-04-05,38576,4375,247318,123.1,34201,1578803662.4999998,13.828754882378153,37500,USc,375,3.9811,6.4677
COFFEE,2016-04-12,37949,3485,233874,126.05,34464,1629070200.0,14.73613997280587,37500,USc,375,3.9811,6.4677
COFFEE,2016-04-19,37366,3759,227310,127.75,33607,1609985343.75,14.78465531652809,37500,USc,375,3.9811,6.4677
COFFEE,2016-04-26,38524,4561,221075,125.65,33963,1600294106.25,15.362659730860567,37500,USc,375,3.9811,6.4677
COFFEE,2016-05-03,37375,4795,237502,119.9,32580,1464878250.0,13.717779218701317,37500,USc,375,3.9811,6.4677
COFFEE,2016-05-10,38140,4867,238412,128.8,33273,1607085900.0000002,13.956092814120094,37500,USc,375,3.9811,6.4677
COFFEE,2016-05-17,38240,5469,237114,132.7,32771,1630766887.4999998,13.820778191081084,37500,USc,375,3.9811,6.4677
COFFEE,2016-05-24,38065,6245,231392,123.85,31820,1477840125.0,13.751555801410593,37500,USc,375,3.9811,6.4677
COFFEE,2016-05-31,40204,8980,244037,123.5,31224,1446061500.0,12.794781119256507,37500,USc,375,3.9811,6.4677
COFFEE,2016-06-07,37154,4505,241218,133.75,32649,1637551406.25,13.535059572668706,37500,USc,375,3.9811,6.4677
COFFEE,2016-06-14,35928,3207,226804,137.3,32721,1684722487.5000002,14.426994232905946,37500,USc,375,3.9811,6.4677
COFFEE,2016-06-21,35204,1831,222253,141.5,33373,1770854812.5,15.015770315811261,37500,USc,375,3.9811,6.4677
COFFEE,2016-06-28,35056,2012,218830,140.85,33044,1745342774.9999998,15.100306173742176,37500,USc,375,3.9811,6.4677
COFFEE,2016-07-05,36553,1926,228420,145.7,34627,1891932712.4999998,15.159355573067156,37500,USc,375,3.9811,6.4677
COFFEE,2016-07-12,36107,1934,229321,147.5,34173,1890194062.5,14.901818847815942,37500,USc,375,3.9811,6.4677
COFFEE,2016-07-19,35937,2926,238381,147.0,33011,1819731375.0,13.847999630843061,37500,USc,375,3.9811,6.4677
COFFEE,2016-07-26,36105,3494,232572,144.6,32611,1768331474.9999998,14.021894295100012,37500,USc,375,3.9811,6.4677
COFFEE,2016-08-02,36791,4102,236998,144.45,32689,1770722268.75,13.792943400366248,37500,USc,375,3.9811,6.4677
COFFEE,2016-08-09,36577,3277,230633,144.5,33300,1804443750.0,14.438523541730802,37500,USc,375,3.9811,6.4677
COFFEE,2016-08-16,37260,2520,201626,140.55,34740,1831015125.0,17.229920744348448,37500,USc,375,3.9811,6.4677
COFFEE,2016-08-23,37307,1224,197230,147.35,36083,1993811268.75,18.294884145413985,37500,USc,375,3.9811,6.4677
COFFEE,2016-08-30,40959,1488,198454,145.85,39471,2158817006.25,19.889243854999144,37500,USc,375,3.9811,6.4677
COFFEE,2016-09-06,42164,1959,215377,153.5,40205,2314300312.5,18.667267164089015,37500,USc,375,3.9811,6.4677
COFFEE,2016-09-13,41572,1406,211508,148.8,40166,2241262800.0000005,18.990298239310096,37500,USc,375,3.9811,6.4677
COFFEE,2016-09-20,41164,1361,221337,157.0,39803,2343401625.0,17.982985221630365,37500,USc,375,3.9811,6.4677
COFFEE,2016-09-27,41048,2926,225155,156.8,38122,2241573600.0,16.93144722524483,37500,USc,375,3.9811,6.4677
COFFEE,2016-10-04,40872,2616,222978,150.9,38256,2164811400.0,17.156849554664586,37500,USc,375,3.9811,6.4677
COFFEE,2016-10-11,42295,3920,224681,154.35,38375,2221192968.75,17.07977087515188,37500,USc,375,3.9811,6.4677
COFFEE,2016-10-18,44005,5021,233858,161.8,38984,2365354200.0,16.669945009364657,37500,USc,375,3.9811,6.4677
COFFEE,2016-10-25,44177,5388,252986,167.45,38789,2435706768.75,15.332468990378914,37500,USc,375,3.9811,6.4677
COFFEE,2016-11-01,46032,5145,265143,164.8,40887,2526816600.0,15.42073522589697,37500,USc,375,3.9811,6.4677
COFFEE,2016-11-08,46455,4939,279072,171.75,41516,2673889875.0,14.876447655085427,37500,USc,375,3.9811,6.4677
COFFEE,2016-11-15,46104,4575,232722,164.85,41529,2567270868.75,17.844896485936008,37500,USc,375,3.9811,6.4677
COFFEE,2016-11-22,44978,3833,219703,161.4,41145,2490301125.0,18.727554926423398,37500,USc,375,3.9811,6.4677
COFFEE,2016-11-29,44637,3999,217890,152.7,40638,2327033475.0,18.650695304970398,37500,USc,375,3.9811,6.4677
COFFEE,2016-12-06,43075,4496,223980,142.25,38579,2057948531.25,17.22430574158407,37500,USc,375,3.9811,6.4677
COFFEE,2016-12-13,40154,4415,214889,142.9,35739,1915163662.5000002,16.631377129587836,37500,USc,375,3.9811,6.4677
COFFEE,2016-12-20,40954,5043,218739,145.75,35911,1962760593.75,16.417282697644225,37500,USc,375,3.9811,6.4677
COFFEE,2016-12-27,40778,5703,225314,137.0,35075,1801978125.0,15.567164046619384,37500,USc,375,3.9811,6.4677
COFFEE,2017-01-03,39379,5950,229982,139.9,33429,1753768912.5000002,14.535485385812802,37500,USc,375,3.9811,6.4677
COFFEE,2017-01-10,39962,5778,221799,149.6,34184,1917722399.9999998,15.412152444330227,37500,USc,375,3.9811,6.4677
COFFEE,2017-01-17,39458,4740,210926,152.3,34718,1982831775.0000002,16.459801067673023,37500,USc,375,3.9811,6.4677
COFFEE,2017-01-24,41927,6868,212781,154.6,35059,2032545524.9999998,16.476565106846948,37500,USc,375,3.9811,6.4677
COFFEE,2017-01-31,43614,7483,216814,152.0,36131,2059467000.0,16.664514284132945,37500,USc,375,3.9811,6.4677
COFFEE,2017-02-07,42825,7401,215740,145.15,35424,1928172600.0000002,16.419764531380366,37500,USc,375,3.9811,6.4677
COFFEE,2017-02-14,42352,6144,197783,145.8,36208,1979672400.0000002,18.30693234504482,37500,USc,375,3.9811,6.4677
COFFEE,2017-02-21,42174,8682,199637,151.85,33492,1907160075.0,16.77644925539855,37500,USc,375,3.9811,6.4677
COFFEE,2017-02-28,42075,10316,204621,142.6,31759,1698312524.9999998,15.520889840241225,37500,USc,375,3.9811,6.4677
COFFEE,2017-03-07,42484,10686,205724,140.55,31798,1675953337.5000002,15.456631214637087,37500,USc,375,3.9811,6.4677
COFFEE,2017-03-14,40565,9953,212704,141.25,30612,1621479375.0,14.391830901158418,37500,USc,375,3.9811,6.4677
COFFEE,2017-03-21,40761,9782,217710,144.45,30979,1678093706.25,14.229479582931424,37500,USc,375,3.9811,6.4677
COFFEE,2017-03-28,37873,6843,227604,141.4,31030,1645365750.0,13.63332806101826,37500,USc,375,3.9811,6.4677
COFFEE,2017-04-04,38133,8447,238154,140.0,29686,1558515000.0,12.465043627232799,37500,USc,375,3.9811,6.4677
COFFEE,2017-04-11,40047,9635,244321,142.5,30412,1625141250.0,12.44755874443867,37500,USc,375,3.9811,6.4677
COFFEE,2017-04-18,41242,9064,223442,145.25,32178,1752695437.5,14.401052622156978,37500,USc,375,3.9811,6.4677
COFFEE,2017-04-25,43347,11887,240824,132.3,31460,1560809250.0000002,13.063482044978905,37500,USc,375,3.9811,6.4677
COFFEE,2017-05-02,44441,12313,246039,136.3,32128,1642142400.0000002,13.058092416242953,37500,USc,375,3.9811,6.4677
COFFEE,2017-05-09,43803,10131,246535,135.4,33672,1709695800.0,13.658101283793375,37500,USc,375,3.9811,6.4677
COFFEE,2017-05-16,42971,9204,248628,131.35,33767,1663235793.75,13.581334362984057,37500,USc,375,3.9811,6.4677
COFFEE,2017-05-23,44142,10214,256003,132.6,33928,1687069800.0,13.252969691761423,37500,USc,375,3.9811,6.4677
COFFEE,2017-05-30,45011,10659,258314,134.45,34352,1731984899.9999998,13.298543632942852,37500,USc,375,3.9811,6.4677
COFFEE,2017-06-06,43651,10817,275537,127.9,32834,1574800725.0000002,11.916366948903415,37500,USc,375,3.9811,6.4677
COFFEE,2017-06-13,42670,9580,257027,128.7,33090,1597006125.0,12.874133845860552,37500,USc,375,3.9811,6.4677
COFFEE,2017-06-20,40135,7744,254581,124.15,32391,1508003493.7500002,12.7232590020465,37500,USc,375,3.9811,6.4677
COFFEE,2017-06-27,41314,8502,267306,125.65,32812,1546060425.0,12.27507051843206,37500,USc,375,3.9811,6.4677
COFFEE,2017-07-03,42986,10391,270794,127.6,32595,1559670750.0,12.036825040436643,37500,USc,375,3.9811,6.4677
COFFEE,2017-07-11,43938,10928,271284,126.9,33010,1570863375.0,12.168060040400466,37500,USc,375,3.9811,6.4677
COFFEE,2017-07-18,44517,11970,266276,134.65,32547,1643420081.25,12.223031741501298,37500,USc,375,3.9811,6.4677
COFFEE,2017-07-25,47531,14305,264958,134.4,33226,1674590400.0000002,12.540100695204522,37500,USc,375,3.9811,6.4677
COFFEE,2017-08-01,46663,13252,257929,142.2,33411,1781641574.9999998,12.95356474068445,37500,USc,375,3.9811,6.4677
COFFEE,2017-08-08,44523,10585,254646,146.1,33938,1859378175.0,13.32752134335509,37500,USc,375,3.9811,6.4677
COFFEE,2017-08-15,45353,11128,219011,135.75,34225,1742266406.25,15.627068960006573,37500,USc,375,3.9811,6.4677
COFFEE,2017-08-22,45429,11455,214970,129.3,33974,1647314325.0,15.804065683583756,37500,USc,375,3.9811,6.4677
COFFEE,2017-08-29,45488,11786,227489,128.55,33702,1624647037.5000002,14.814782253207849,37500,USc,375,3.9811,6.4677
COFFEE,2017-09-05,45736,12416,243182,128.05,33320,1599984750.0,13.701671998749907,37500,USc,375,3.9811,6.4677
COFFEE,2017-09-12,43870,8613,238749,134.9,35257,1783563487.5,14.767391695881448,37500,USc,375,3.9811,6.4677
COFFEE,2017-09-19,43313,7579,226543,134.95,35734,1808363737.5,15.773605893803824,37500,USc,375,3.9811,6.4677
COFFEE,2017-09-26,42979,8249,224494,135.55,34730,1765369312.5,15.470346646235534,37500,USc,375,3.9811,6.4677
COFFEE,2017-10-03,43330,8554,247485,129.1,34776,1683593099.9999998,14.05176071277047,37500,USc,375,3.9811,6.4677
COFFEE,2017-10-10,45459,10963,254430,134.65,34496,1741832400.0000002,13.558149589277994,37500,USc,375,3.9811,6.4677
COFFEE,2017-10-17,47466,13156,266030,128.1,34310,1648166625.0,12.89704168702778,37500,USc,375,3.9811,6.4677
COFFEE,2017-10-24,47697,13740,276489,126.95,33957,1616565431.2500002,12.281501253214413,37500,USc,375,3.9811,6.4677
COFFEE,2017-10-31,47838,14114,277011,128.8,33724,1628869200.0,12.174245788073398,37500,USc,375,3.9811,6.4677
COFFEE,2017-11-07,45797,12671,279467,128.25,33126,1593153562.5,11.853277846758294,37500,USc,375,3.9811,6.4677
COFFEE,2017-11-14,46135,9479,243209,130.5,36656,1793853000.0,15.071810664901381,37500,USc,375,3.9811,6.4677
COFFEE,2017-11-21,42875,4493,227813,126.7,38382,1823624775.0000002,16.848028865780268,37500,USc,375,3.9811,6.4677
COFFEE,2017-11-28,42256,4673,222326,129.7,37583,1827943162.4999998,16.90445561922582,37500,USc,375,3.9811,6.4677
COFFEE,2017-12-05,42755,4384,220200,127.25,38371,1831016156.25,17.42552225249773,37500,USc,375,3.9811,6.4677
COFFEE,2017-12-12,43018,4245,248848,118.8,38773,1727337149.9999998,15.580997235260078,37500,USc,375,3.9811,6.4677
COFFEE,2017-12-19,41202,5470,252035,124.1,35732,1662877950.0,14.177395996587775,37500,USc,375,3.9811,6.4677
COFFEE,2017-12-26,41024,5899,255194,124.45,35125,1639239843.75,13.764038339459391,37500,USc,375,3.9811,6.4677
COFFEE,2018-01-02,41515,6662,252096,132.25,34853,1728490968.75,13.825288778877887,37500,USc,375,3.926,7.1515
COFFEE,2018-01-09,44540,6786,253806,127.5,37754,1805113125.0,14.87514085561413,37500,USc,375,3.926,7.1515
COFFEE,2018-01-16,51265,9443,271591,123.1,41822,1930608075.0,15.39889024304929,37500,USc,375,3.926,7.1515
COFFEE,2018-01-23,52320,9454,281894,123.25,42866,1981212937.5,15.206425110147787,37500,USc,375,3.926,7.1515
COFFEE,2018-01-30,53604,9153,273505,124.5,44451,2075306062.5,16.252353704685472,37500,USc,375,3.926,7.1515
COFFEE,2018-02-06,54871,13401,287125,125.1,41470,1945461375.0,14.443186765346102,37500,USc,375,3.926,7.1515
COFFEE,2018-02-13,49294,9195,259082,124.9,40099,1878136912.5000002,15.477339220787242,37500,USc,375,3.926,7.1515
COFFEE,2018-02-20,48969,7356,254798,119.8,41613,1869464024.9999998,16.331760845846514,37500,USc,375,3.926,7.1515
COFFEE,2018-02-27,48850,8049,266317,121.2,40801,1854405450.0,15.320463958365407,37500,USc,375,3.926,7.1515
COFFEE,2018-03-06,49334,8814,281227,120.95,40520,1837835250.0,14.408289388998924,37500,USc,375,3.926,7.1515
COFFEE,2018-03-13,49170,9162,289429,121.25,40008,1819113750.0,13.823079235321961,37500,USc,375,3.926,7.1515
COFFEE,2018-03-20,51355,10400,305647,120.95,40955,1857565218.75,13.399444457167908,37500,USc,375,3.926,7.1515
COFFEE,2018-03-27,52095,12027,316408,121.0,40068,1818085500.0,12.663396627139642,37500,USc,375,3.926,7.1515
COFFEE,2018-04-03,51033,12320,323696,118.75,38713,1723938281.25,11.95967821659829,37500,USc,375,3.926,7.1515
COFFEE,2018-04-10,51876,12430,318356,119.4,39446,1766194650.0000002,12.390531354835467,37500,USc,375,3.926,7.1515
COFFEE,2018-04-17,51129,9842,305172,115.85,41287,1793662106.25,13.529091790858924,37500,USc,375,3.926,7.1515
COFFEE,2018-04-24,47388,12094,297863,120.45,35294,1594185862.5,11.849071553029413,37500,USc,375,3.926,7.1515
COFFEE,2018-05-01,47032,11393,301577,124.85,35639,1668573431.2499998,11.817545767747541,37500,USc,375,3.926,7.1515
COFFEE,2018-05-08,44831,8941,287382,119.65,35890,1610339437.5,12.48860401834492,37500,USc,375,3.926,7.1515
COFFEE,2018-05-15,46313,11618,300829,117.05,34695,1522893656.25,11.533130117109721,37500,USc,375,3.926,7.1515
COFFEE,2018-05-22,47037,12735,314820,123.0,34302,1582179750.0,10.895749952353725,37500,USc,375,3.926,7.1515
COFFEE,2018-05-29,52007,17449,316715,122.25,34558,1584268312.5,10.911387209320683,37500,USc,375,3.926,7.1515
COFFEE,2018-06-05,56715,21809,314824,121.6,34906,1591713599.9999998,11.087464742205169,37500,USc,375,3.926,7.1515
COFFEE,2018-06-12,55031,21633,323275,119.55,33398,1497274087.5,10.331142216379243,37500,USc,375,3.926,7.1515
COFFEE,2018-06-19,64937,25434,321229,116.4,39503,1724305950.0,12.297457576993361,37500,USc,375,3.926,7.1515
COFFEE,2018-06-26,63747,25190,317874,117.6,38557,1700363700.0,12.1296488545776,37500,USc,375,3.926,7.1515
COFFEE,2018-07-03,68340,24854,344593,111.95,43486,1825596637.5,12.61952506290029,37500,USc,375,3.926,7.1515
COFFEE,2018-07-10,69509,25279,348362,114.5,44230,1899125625.0,12.696562770910718,37500,USc,375,3.926,7.1515
COFFEE,2018-07-17,74175,26506,360712,109.05,47669,1949364168.75,13.215252057042736,37500,USc,375,3.926,7.1515
COFFEE,2018-07-24,80689,32874,383062,114.2,47815,2047677375.0,12.482313568038595,37500,USc,375,3.926,7.1515
COFFEE,2018-07-31,76323,29083,389722,113.2,47240,2005338000.0,12.12146093882306,37500,USc,375,3.926,7.1515
COFFEE,2018-08-07,77218,29212,395258,112.05,48006,2017152112.5,12.145484721371863,37500,USc,375,3.926,7.1515
COFFEE,2018-08-14,70477,22508,376762,108.75,47969,1956235781.25,12.731910330659673,37500,USc,375,3.926,7.1515
COFFEE,2018-08-21,66908,24452,371301,101.85,42456,1621553849.9999998,11.434388811234014,37500,USc,375,3.926,7.1515
COFFEE,2018-08-28,71879,27408,372462,103.1,44471,1719360037.4999998,11.939741503831264,37500,USc,375,3.926,7.1515
COFFEE,2018-09-04,71947,28297,385063,101.45,43650,1660609687.5,11.335807387362587,37500,USc,375,3.926,7.1515
COFFEE,2018-09-11,72847,27187,388442,100.25,45660,1716530625.0,11.754650629952478,37500,USc,375,3.926,7.1515
COFFEE,2018-09-18,72448,27152,402854,95.95,45296,1629806700.0,11.243775660661184,37500,USc,375,3.926,7.1515
COFFEE,2018-09-25,72440,28402,407647,100.5,44038,1659682125.0,10.802974141843311,37500,USc,375,3.926,7.1515
COFFEE,2018-10-02,72631,28194,405420,111.4,44437,1856355675.0,10.960732080311777,37500,USc,375,3.926,7.1515
COFFEE,2018-10-09,71601,25652,393895,116.85,45949,2013427743.7499998,11.66529151169728,37500,USc,375,3.926,7.1515
COFFEE,2018-10-16,71516,24109,366393,121.1,47407,2152870387.5,12.93883889703133,37500,USc,375,3.926,7.1515
COFFEE,2018-10-23,70439,22343,357230,125.1,48096,2256303600.0,13.463594882848584,37500,USc,375,3.926,7.1515
COFFEE,2018-10-30,73903,27274,352671,116.3,46629,2033607262.5,13.221671189295407,37500,USc,375,3.926,7.1515
COFFEE,2018-11-06,77104,31282,343467,117.9,45822,2025905175.0,13.341019661277503,37500,USc,375,3.926,7.1515
COFFEE,2018-11-13,66396,22658,286834,112.85,43738,1850937487.5,15.248540967946617,37500,USc,375,3.926,7.1515
COFFEE,2018-11-20,66432,22370,279919,114.95,44062,1899347587.5000002,15.740982212711534,37500,USc,375,3.926,7.1515
COFFEE,2018-11-27,66521,23142,281974,113.35,43379,1843878618.7499998,15.384042500372374,37500,USc,375,3.926,7.1515
COFFEE,2018-12-04,67424,25184,292219,107.2,42240,1698048000.0,14.454912240477178,37500,USc,375,3.926,7.1515
COFFEE,2018-12-11,66483,25476,313327,102.5,41007,1576206562.5,13.08760496222796,37500,USc,375,3.926,7.1515
COFFEE,2018-12-18,65965,26874,318487,99.25,39091,1454918156.25,12.273970366137393,37500,USc,375,3.926,7.1515
COFFEE,2018-12-24,65103,26966,322908,105.1,38137,1503074512.5,11.810484720106036,37500,USc,375,3.926,7.1515
COFFEE,2018-12-31,65323,26930,325676,104.9,38393,1510284637.5,11.788710251906803,37500,USc,375,3.926,7.1515
COFFEE,2019-01-08,63623,25548,333495,108.4,38075,1547748750.0,11.416962773055069,37500,USc,375,3.2724,6.9058
COFFEE,2019-01-15,67072,27416,341403,104.15,39656,1548814650.0000002,11.615597988301216,37500,USc,375,3.2724,6.9058
COFFEE,2019-01-22,69186,28250,349787,106.15,40936,1629508650.0000002,11.70312218578735,37500,USc,375,3.2724,6.9058
COFFEE,2019-01-29,72722,31686,369574,106.2,41036,1634258700.0,11.103594949861192,37500,USc,375,3.2724,6.9058
COFFEE,2019-02-05,73055,31101,365123,107.85,41954,1696777087.4999998,11.49037447654626,37500,USc,375,3.2724,6.9058
COFFEE,2019-02-12,66000,22470,342512,103.85,43530,1695221437.5,12.7090437707292,37500,USc,375,3.2724,6.9058
COFFEE,2019-02-19,65296,25490,334120,101.3,39806,1512130425.0,11.91368370645277,37500,USc,375,3.2724,6.9058
COFFEE,2019-02-26,67331,30528,370731,96.7,36803,1334568787.5,9.927143939945674,37500,USc,375,3.2724,6.9058
COFFEE,2019-03-05,70353,33474,378418,99.75,36879,1379505093.75,9.74557235649467,37500,USc,375,3.2724,6.9058
COFFEE,2019-03-12,66423,31269,384338,96.0,35154,1265544000.0,9.146636554282948,37500,USc,375,3.2724,6.9058
COFFEE,2019-03-19,68483,34391,394244,96.65,34092,1235621925.0,8.64743661285904,37500,USc,375,3.2724,6.9058
COFFEE,2019-03-26,72036,36771,415293,97.95,35265,1295327531.25,8.491595090695004,37500,USc,375,3.2724,6.9058
COFFEE,2019-04-02,76207,41399,434125,94.1,34808,1228287300.0,8.017967175352721,37500,USc,375,3.2724,6.9058
COFFEE,2019-04-09,72314,36798,421042,96.15,35516,1280573775.0000002,8.435262990390507,37500,USc,375,3.2724,6.9058
COFFEE,2019-04-16,71163,33824,397332,93.0,37339,1302197625.0,9.39743086386196,37500,USc,375,3.2724,6.9058
COFFEE,2019-04-23,69912,31397,392435,93.7,38515,1353320812.5,9.814364162217947,37500,USc,375,3.2724,6.9058
COFFEE,2019-04-30,69423,30483,387062,93.0,38940,1358032500.0,10.060403759604403,37500,USc,375,3.2724,6.9058
COFFEE,2019-05-07,72262,34166,413606,88.1,38096,1258596599.9999998,9.210698103992689,37500,USc,375,3.2724,6.9058
COFFEE,2019-05-14,72676,34125,405610,90.65,38551,1310493056.2500002,9.504450087522496,37500,USc,375,3.2724,6.9058
COFFEE,2019-05-21,70548,32112,407100,95.15,38436,1371444525.0000002,9.441414885777451,37500,USc,375,3.2724,6.9058
COFFEE,2019-05-28,73673,34067,416512,98.25,39606,1459233562.5,9.508969729563614,37500,USc,375,3.2724,6.9058
COFFEE,2019-06-04,74585,32572,401659,107.7,42013,1696800037.5000002,10.45986769871956,37500,USc,375,3.2724,6.9058
COFFEE,2019-06-11,69493,28757,367686,99.85,40736,1525308599.9999998,11.079018510359383,37500,USc,375,3.2724,6.9058
COFFEE,2019-06-18,68838,28327,333118,96.5,40511,1465991812.5,12.161156106845022,37500,USc,375,3.2724,6.9058
COFFEE,2019-06-25,69083,26707,337398,106.4,42376,1690802400.0000002,12.55964765647692,37500,USc,375,3.2724,6.9058
COFFEE,2019-07-02,66802,23503,331337,110.4,43299,1792578600.0000002,13.06796403661529,37500,USc,375,3.2724,6.9058
COFFEE,2019-07-09,69868,24021,329448,108.0,45847,1856803500.0,13.91630849178019,37500,USc,375,3.2724,6.9058
COFFEE,2019-07-16,70866,24106,325889,106.0,46760,1858710000.0,14.348443795279989,37500,USc,375,3.2724,6.9058
COFFEE,2019-07-23,72177,26448,331032,106.2,45729,1821157425.0,13.814072355542667,37500,USc,375,3.2724,6.9058
COFFEE,2019-07-30,73631,30719,343729,102.65,42912,1651843800.0,12.484253583491647,37500,USc,375,3.2724,6.9058
COFFEE,2019-08-06,77660,35441,356788,100.0,42219,1583212500.0,11.833077345650638,37500,USc,375,3.2724,6.9058
COFFEE,2019-08-13,65438,23279,307523,99.2,42159,1568314800.0,13.709218497478236,37500,USc,375,3.2724,6.9058
COFFEE,2019-08-20,63351,22736,309232,95.55,40615,1455286218.75,13.134151704868835,37500,USc,375,3.2724,6.9058
COFFEE,2019-08-27,65374,24788,305301,97.45,40586,1483164637.5,13.293765824546922,37500,USc,375,3.2724,6.9058
COFFEE,2019-09-03,66133,26390,317910,95.55,39743,1424041368.75,12.50133685634299,37500,USc,375,3.2724,6.9058
COFFEE,2019-09-10,65220,26074,322341,101.8,39146,1494398550.0,12.144281987088208,37500,USc,375,3.2724,6.9058
COFFEE,2019-09-17,64474,22219,304078,100.45,42255,1591693031.25,13.896105604483061,37500,USc,375,3.2724,6.9058
COFFEE,2019-09-24,63461,21935,314184,102.25,41526,1592262562.5,13.217095714613091,37500,USc,375,3.2724,6.9058
COFFEE,2019-10-01,63013,21531,314876,104.45,41482,1624798087.5000002,13.174074873918624,37500,USc,375,3.2724,6.9058
COFFEE,2019-10-08,68954,27491,327985,99.25,41463,1543201031.25,12.6417366647865,37500,USc,375,3.2724,6.9058
COFFEE,2019-10-15,72492,31187,360385,98.0,41305,1517958750.0,11.461353829931879,37500,USc,375,3.2724,6.9058
COFFEE,2019-10-22,74903,31573,371646,102.2,43330,1660622250.0,11.658944264165362,37500,USc,375,3.2724,6.9058
COFFEE,2019-10-29,75102,31457,368630,102.3,43645,1674331312.5,11.839785150421832,37500,USc,375,3.2724,6.9058
COFFEE,2019-11-05,77565,27975,376077,109.55,49590,2037219187.5,13.186129436259064,37500,USc,375,3.2724,6.9058
COFFEE,2019-11-12,71714,21863,335383,109.15,49851,2040463743.7500002,14.863901867417251,37500,USc,375,3.2724,6.9058
COFFEE,2019-11-19,70916,17572,312876,106.0,53344,2120424000.0,17.04956596223424,37500,USc,375,3.2724,6.9058
COFFEE,2019-11-26,76075,18487,331999,116.65,57588,2519115075.0,17.345835379022226,37500,USc,375,3.2724,6.9058
COFFEE,2019-12-03,78205,15914,347548,124.0,62291,2896531500.0,17.922991932049673,37500,USc,375,3.2724,6.9058
COFFEE,2019-12-10,77305,15096,364471,133.9,62209,3123669412.5,17.06829898675066,37500,USc,375,3.2724,6.9058
COFFEE,2019-12-17,75935,13683,353833,133.4,62252,3114156300.0000005,17.593610545087653,37500,USc,375,3.2724,6.9058
COFFEE,2019-12-24,77190,12836,355400,132.05,64354,3186729637.5000005,18.10748452447946,37500,USc,375,3.2724,6.9058
COFFEE,2019-12-31,77049,12776,358238,131.5,64273,3169462312.5,17.941424416170257,37500,USc,375,3.2724,6.9058
COFFEE,2020-01-07,77352,13345,364175,125.5,64007,3012329437.5,17.575890711883023,37500,USc,375,2.8094,7.7037
COFFEE,2020-01-14,81496,19623,361765,117.6,61873,2728599300.0,17.103091786104237,37500,USc,375,2.8094,7.7037
COFFEE,2020-01-21,81112,21916,354775,113.4,59196,2517309900.0,16.685504897470228,37500,USc,375,2.8094,7.7037
COFFEE,2020-01-28,79611,23214,371430,107.55,56397,2274561506.25,15.18374929327195,37500,USc,375,2.8094,7.7037
COFFEE,2020-02-04,81615,31965,407087,100.45,49650,1870253437.5,12.196410103982688,37500,USc,375,2.8094,7.7037
COFFEE,2020-02-11,76839,31914,396440,103.0,44925,1735228125.0,11.332105741095752,37500,USc,375,2.8094,7.7037
COFFEE,2020-02-18,74294,27710,355760,108.55,46584,1896259950.0,13.09422082302676,37500,USc,375,2.8094,7.7037
COFFEE,2020-02-25,74695,26950,359025,108.25,47745,1938148593.75,13.29851681637769,37500,USc,375,2.8094,7.7037
COFFEE,2020-03-03,73105,22244,363773,120.45,50861,2297327793.75,13.981521443317673,37500,USc,375,2.8094,7.7037
COFFEE,2020-03-10,70539,19544,351438,114.0,50995,2180036250.0,14.51038305476357,37500,USc,375,2.8094,7.7037
COFFEE,2020-03-17,65944,19371,335706,102.8,46573,1795389149.9999998,13.87315091180974,37500,USc,375,2.8094,7.7037
COFFEE,2020-03-24,63998,17000,334638,124.9,46998,2201268825.0,14.044430100586306,37500,USc,375,2.8094,7.7037
COFFEE,2020-03-31,62784,15401,325245,118.9,47383,2112689512.5,14.568402281357132,37500,USc,375,2.8094,7.7037
COFFEE,2020-04-07,63067,15337,327644,121.55,47730,2175593062.5,14.567640487846564,37500,USc,375,2.8094,7.7037
COFFEE,2020-04-14,62045,14458,291760,118.45,47587,2113755056.2500002,16.310323553605706,37500,USc,375,2.8094,7.7037
COFFEE,2020-04-21,62488,14727,283318,112.4,47761,2013126150.0000002,16.857735830409645,37500,USc,375,2.8094,7.7037
COFFEE,2020-04-28,63420,18466,292386,107.55,44954,1813051012.5,15.374881150260272,37500,USc,375,2.8094,7.7037
COFFEE,2020-05-05,63248,18217,305125,110.1,45031,1859217412.4999998,14.758213846784104,37500,USc,375,2.8094,7.7037
COFFEE,2020-05-12,61758,18534,303153,107.3,43224,1739225700.0,14.258146876329775,37500,USc,375,2.8094,7.7037
COFFEE,2020-05-19,61570,19106,310573,108.15,42464,1722180600.0000002,13.672791903996806,37500,USc,375,2.8094,7.7037
COFFEE,2020-05-26,62643,19875,317849,106.6,42768,1709650800.0,13.455445824904277,37500,USc,375,2.8094,7.7037
COFFEE,2020-06-02,65235,22304,347008,99.55,42931,1602667893.75,12.371760881593508,37500,USc,375,2.8094,7.7037
COFFEE,2020-06-09,64076,21088,345849,99.65,42988,1606407825.0,12.429701979765737,37500,USc,375,2.8094,7.7037
COFFEE,2020-06-16,62690,19288,322767,95.5,43402,1554334125.0,13.446851753741864,37500,USc,375,2.8094,7.7037
COFFEE,2020-06-23,63284,19167,321408,98.0,44117,1621299750.0,13.726167363600158,37500,USc,375,2.8094,7.7037
COFFEE,2020-06-30,62551,17417,325889,101.15,45134,1711989037.5000002,13.849500903681927,37500,USc,375,2.8094,7.7037
COFFEE,2020-07-07,64386,17393,324076,100.0,46993,1762237500.0,14.500610967797678,37500,USc,375,2.8094,7.7037
COFFEE,2020-07-14,64221,17610,322686,97.7,46611,1707710512.5,14.44469236347409,37500,USc,375,2.8094,7.7037
COFFEE,2020-07-21,65228,18965,329603,101.75,46263,1765222593.75,14.035976614290524,37500,USc,375,2.8094,7.7037
COFFEE,2020-07-28,65163,15142,331035,112.8,50021,2115888300.0,15.110486806531032,37500,USc,375,2.8094,7.7037
COFFEE,2020-08-04,69481,18627,343345,122.4,50854,2334198600.0,14.811341362186722,37500,USc,375,2.8094,7.7037
COFFEE,2020-08-11,67506,12395,336405,113.3,55111,2341528612.5,16.38233676669491,37500,USc,375,2.8094,7.7037
COFFEE,2020-08-18,70263,11692,316930,120.65,58571,2649971681.25,18.48073707127757,37500,USc,375,2.8094,7.7037
COFFEE,2020-08-25,71198,12223,320904,124.2,58975,2746760625.0,18.37777029890559,37500,USc,375,2.8094,7.7037
COFFEE,2020-09-01,74507,12700,336286,130.6,61807,3026997824.9999995,18.379296194310797,37500,USc,375,2.8094,7.7037
COFFEE,2020-09-08,76276,12539,338190,131.6,63737,3145420949.9999995,18.846506401726838,37500,USc,375,2.8094,7.7037
COFFEE,2020-09-15,77713,13669,331236,121.6,64044,2920406400.0,19.334854907075318,37500,USc,375,2.8094,7.7037
COFFEE,2020-09-22,75063,12624,333265,112.3,62439,2629462387.5,18.7355407858611,37500,USc,375,2.8094,7.7037
COFFEE,2020-09-29,74287,15462,336841,111.45,58825,2458517343.75,17.463729177861364,37500,USc,375,2.8094,7.7037
COFFEE,2020-10-06,74725,17284,339249,109.95,57441,2368364231.25,16.93181114756418,37500,USc,375,2.8094,7.7037
COFFEE,2020-10-13,73074,17010,327476,112.5,56064,2365200000.0,17.12003322380877,37500,USc,375,2.8094,7.7037
COFFEE,2020-10-20,70888,17147,330493,107.6,53741,2168449350.0,16.26085877764431,37500,USc,375,2.8094,7.7037
COFFEE,2020-10-27,72132,17970,331189,109.65,54162,2227073737.5000005,16.35380402126882,37500,USc,375,2.8094,7.7037
COFFEE,2020-11-03,74702,20697,342440,106.05,54005,2147711343.75,15.770645952575634,37500,USc,375,2.8094,7.7037
COFFEE,2020-11-10,75329,18111,338800,110.25,57218,2365606687.5,16.888429752066116,37500,USc,375,2.8094,7.7037
COFFEE,2020-11-17,74737,14955,296252,119.7,59782,2683464525.0,20.179441826553067,37500,USc,375,2.8094,7.7037
COFFEE,2020-11-24,73490,13632,293903,116.65,59858,2618413387.5,20.366583532662137,37500,USc,375,2.8094,7.7037
COFFEE,2020-12-01,76047,14801,306652,118.15,61246,2713580587.5,19.972476944549523,37500,USc,375,2.8094,7.7037
COFFEE,2020-12-08,73893,13621,302555,119.1,60272,2691898199.9999995,19.921006098064815,37500,USc,375,2.8094,7.7037
COFFEE,2020-12-15,73259,12816,302788,124.85,60443,2829865706.25,19.962151736528526,37500,USc,375,2.8094,7.7037
COFFEE,2020-12-21,72452,12072,304654,125.45,60380,2840501625.0,19.819204737177255,37500,USc,375,2.8094,7.7037
COFFEE,2020-12-29,72505,12019,307485,127.4,60486,2889718650.0,19.671203473340164,37500,USc,375,2.8094,7.7037
COFFEE,2021-01-05,75111,12415,310911,126.6,62696,2976492600.0,20.165256295209883,37500,USc,375,3.0604,7.7181
COFFEE,2021-01-12,80919,12473,305452,122.75,68446,3150654937.5,22.408103400861673,37500,USc,375,3.0604,7.7181
COFFEE,2021-01-19,84454,12616,318323,128.95,71838,3473816287.5,22.567643557015987,37500,USc,375,3.0604,7.7181
COFFEE,2021-01-26,85472,12822,324371,126.65,72650,3450420937.5,22.39719333725888,37500,USc,375,3.0604,7.7181
COFFEE,2021-02-02,86668,13839,325964,125.15,72829,3417956006.25,22.342651335730327,37500,USc,375,3.0604,7.7181
COFFEE,2021-02-09,88963,14126,326154,125.0,74837,3507984375.0,22.94529578052086,37500,USc,375,3.0604,7.7181
COFFEE,2021-02-16,88719,14055,293289,126.7,74664,3547473300.0000005,25.45748391518264,37500,USc,375,3.0604,7.7181
COFFEE,2021-02-23,90593,17036,311794,137.85,73557,3802437168.7499995,23.5915380026556,37500,USc,375,3.0604,7.7181
COFFEE,2021-03-02,88689,16086,317849,133.75,72603,3641494218.75,22.84197842371692,37500,USc,375,3.0604,7.7181
COFFEE,2021-03-09,88543,16766,329071,131.7,71777,3544886587.4999995,21.812010174096166,37500,USc,375,3.0604,7.7181
COFFEE,2021-03-16,91120,17203,331430,134.85,73917,3737890293.7499995,22.302446972211325,37500,USc,375,3.0604,7.7181
COFFEE,2021-03-23,90734,17866,334045,129.5,72868,3538652250.0,21.813827478333756,37500,USc,375,3.0604,7.7181
COFFEE,2021-03-30,88466,19873,342904,124.55,68593,3203721806.25,20.003557847094232,37500,USc,375,3.0604,7.7181
COFFEE,2021-04-06,89769,20317,349157,127.8,69452,3328487100.0,19.891338280487002,37500,USc,375,3.0604,7.7181
COFFEE,2021-04-13,89690,18282,328633,132.1,71408,3537373799.9999995,21.728797777459963,37500,USc,375,3.0604,7.7181
COFFEE,2021-04-20,90191,16139,327081,134.7,74052,3740551649.9999995,22.64026342098746,37500,USc,375,3.0604,7.7181
COFFEE,2021-04-27,93181,15022,346038,145.65,78159,4268946881.25,22.586825724342415,37500,USc,375,3.0604,7.7181
COFFEE,2021-05-04,93057,14624,344812,140.25,78433,4125085593.75,22.74659814623621,37500,USc,375,3.0604,7.7181
COFFEE,2021-05-11,94075,14845,364404,150.55,79230,4473028687.5,21.74235189514934,37500,USc,375,3.0604,7.7181
COFFEE,2021-05-18,94195,15215,364720,153.35,78980,4541843625.0,21.654968194779556,37500,USc,375,3.0604,7.7181
COFFEE,2021-05-25,93420,14734,361733,152.1,78686,4488052725.0,21.75250806534101,37500,USc,375,3.0604,7.7181
COFFEE,2021-06-01,92788,16640,376834,163.55,76148,4670252025.0,20.207306134796752,37500,USc,375,3.0604,7.7181
COFFEE,2021-06-08,92401,16439,376094,160.2,75962,4563417149.999999,20.197610171925103,37500,USc,375,3.0604,7.7181
COFFEE,2021-06-15,90919,16798,343219,153.2,74121,4258251449.9999995,21.595832398556027,37500,USc,375,3.0604,7.7181
COFFEE,2021-06-22,88163,15540,329542,151.65,72623,4129979231.2500005,22.037555152302286,37500,USc,375,3.0604,7.7181
COFFEE,2021-06-29,88331,15547,341338,160.25,72784,4373863500.0,21.323145972613656,37500,USc,375,3.0604,7.7181
COFFEE,2021-07-06,90696,16849,348031,147.85,73847,4094354606.2499995,21.21851214403315,37500,USc,375,3.0604,7.7181
COFFEE,2021-07-13,90976,18077,336516,153.1,72899,4185313837.5,21.662862984226606,37500,USc,375,3.0604,7.7181
COFFEE,2021-07-20,91055,19616,364754,165.4,71439,4431003975.0,19.585528876996552,37500,USc,375,3.0604,7.7181
COFFEE,2021-07-27,83093,17767,402088,207.8,65326,5090528550.0,16.24669226636955,37500,USc,375,3.0604,7.7181
COFFEE,2021-08-03,85350,20389,399713,178.7,64961,4353199012.5,16.251910745960227,37500,USc,375,3.0604,7.7181
COFFEE,2021-08-10,81914,17649,389754,184.2,64265,4439104875.0,16.4886056332969,37500,USc,375,3.0604,7.7181
COFFEE,2021-08-17,78396,16360,343545,182.15,62036,4237446525.0,18.057605262774892,37500,USc,375,3.0604,7.7181
COFFEE,2021-08-24,77536,16572,344873,186.65,60964,4267098975.0,17.67723190855764,37500,USc,375,3.0604,7.7181
COFFEE,2021-08-31,77251,15949,351925,195.25,61302,4488455812.5,17.419052354905165,37500,USc,375,3.0604,7.7181
COFFEE,2021-09-07,73737,15167,357668,193.8,58570,4256574750.0,16.375521433284497,37500,USc,375,3.0604,7.7181
COFFEE,2021-09-14,73711,15581,351037,186.35,58130,4062197062.5,16.55950797209411,37500,USc,375,3.0604,7.7181
COFFEE,2021-09-21,70195,16354,350639,186.45,53841,3764495418.7499995,15.355108815619484,37500,USc,375,3.0604,7.7181
COFFEE,2021-09-28,71473,16860,367460,201.1,54613,4118502862.4999995,14.86229793719044,37500,USc,375,3.0604,7.7181
COFFEE,2021-10-05,71949,17269,377504,195.2,54680,4002576000.0,14.484614732559125,37500,USc,375,3.0604,7.7181
COFFEE,2021-10-12,72404,17354,384682,216.55,55050,4470404062.5,14.310521417690456,37500,USc,375,3.0604,7.7181
COFFEE,2021-10-19,72907,17387,378248,208.05,55520,4331601000.0,14.67820054567374,37500,USc,375,3.0604,7.7181
COFFEE,2021-10-26,73886,17699,383978,211.0,56187,4445796375.0,14.632869591487013,37500,USc,375,3.0604,7.7181
COFFEE,2021-11-02,73646,19122,388185,210.8,54524,4310122200.0,14.045880185993791,37500,USc,375,3.0604,7.7181
COFFEE,2021-11-09,74854,19103,389145,207.8,55751,4344396675.0,14.326536381040485,37500,USc,375,3.0604,7.7181
COFFEE,2021-11-16,74547,15054,340890,226.75,59493,5058764156.25,17.45225732641028,37500,USc,375,3.0604,7.7181
COFFEE,2021-11-23,72537,14710,342067,239.95,57827,5203345743.749999,16.90516770106441,37500,USc,375,3.0604,7.7181
COFFEE,2021-11-30,70855,14552,335619,232.2,56303,4902583725.0,16.775867873988066,37500,USc,375,3.0604,7.7181
COFFEE,2021-12-07,70414,15455,343309,244.05,54959,5029778981.25,16.008610318983774,37500,USc,375,3.0604,7.7181
COFFEE,2021-12-14,71112,16447,329275,236.6,54665,4850152125.0,16.60162478171741,37500,USc,375,3.0604,7.7181
COFFEE,2021-12-21,70744,16957,326513,229.05,53787,4619967131.250001,16.4731572709203,37500,USc,375,3.0604,7.7181
COFFEE,2021-12-28,71396,16872,328848,225.4,54524,4608641100.0,16.580304578407045,37500,USc,375,3.0604,7.7181
COFFEE,2022-01-04,72471,17269,332775,232.65,55202,4816029487.5,16.588385545789198,37500,USc,375,2.9918,7.8204
COFFEE,2022-01-11,66161,17856,338178,237.05,48305,4294012593.75,14.283897828953984,37500,USc,375,2.9918,7.8204
COFFEE,2022-01-18,61950,17012,329746,238.95,44938,4026725662.5,13.628065238092349,37500,USc,375,2.9918,7.8204
COFFEE,2022-01-25,63775,17613,338615,238.7,46162,4132076025.0,13.63259158631484,37500,USc,375,2.9918,7.8204
COFFEE,2022-02-01,60041,16828,340216,238.2,43213,3860001225.0,12.701636607331812,37500,USc,375,2.9918,7.8204
COFFEE,2022-02-08,60148,15488,347386,248.8,44660,4166778000.0,12.856016074338056,37500,USc,375,2.9918,7.8204
COFFEE,2022-02-15,59451,14281,297599,251.5,45170,4260095625.0,15.178142399672042,37500,USc,375,2.9918,7.8204
COFFEE,2022-02-22,59501,14276,295770,247.0,45225,4188965625.0,15.290597423673802,37500,USc,375,2.9918,7.8204
COFFEE,2022-03-01,57934,13933,302207,234.95,44001,3876763106.2499995,14.55988775905257,37500,USc,375,2.9918,7.8204
COFFEE,2022-03-08,56525,14696,284051,232.0,41829,3639123000.0,14.725876691157575,37500,USc,375,2.9918,7.8204
COFFEE,2022-03-15,57326,16892,279430,210.95,40434,3198582112.4999995,14.470171420391512,37500,USc,375,2.9918,7.8204
COFFEE,2022-03-22,56221,16745,277212,223.7,39476,3311542949.9999995,14.240364774973665,37500,USc,375,2.9918,7.8204
COFFEE,2022-03-29,56001,16753,285525,215.15,39248,3166577700.0000005,13.745906663164345,37500,USc,375,2.9918,7.8204
COFFEE,2022-04-05,54870,15244,282689,231.2,39626,3435574199.9999995,14.017524558790756,37500,USc,375,2.9918,7.8204
COFFEE,2022-04-12,54983,14865,258918,233.5,40118,3512832375.0,15.494480878115851,37500,USc,375,2.9918,7.8204
COFFEE,2022-04-19,54904,14272,255382,221.65,40632,3377281050.0000005,15.910283418565129,37500,USc,375,2.9918,7.8204
COFFEE,2022-04-26,54602,14719,252639,219.95,39883,3289599693.75,15.786557103218426,37500,USc,375,2.9918,7.8204
COFFEE,2022-05-03,55799,16078,254996,218.25,39721,3250915593.75,15.57710709187595,37500,USc,375,2.9918,7.8204
COFFEE,2022-05-10,56107,17622,271726,203.95,38485,2943380906.25,14.163164364102073,37500,USc,375,2.9918,7.8204
COFFEE,2022-05-17,55952,15452,258477,228.7,40500,3473381250.0,15.66870553279402,37500,USc,375,2.9918,7.8204
COFFEE,2022-05-24,56604,15347,260137,214.05,41257,3311647818.75,15.859720070578195,37500,USc,375,2.9918,7.8204
COFFEE,2022-05-31,57985,14526,263898,232.0,43459,3780933000.0,16.468105101213347,37500,USc,375,2.9918,7.8204
COFFEE,2022-06-07,60784,13942,273810,232.7,46842,4087550025.0,17.107483291333406,37500,USc,375,2.9918,7.8204
COFFEE,2022-06-14,60607,11227,244543,226.0,49380,4184955000.0,20.192767734099935,37500,USc,375,2.9918,7.8204
COFFEE,2022-06-21,59959,10178,238675,231.75,49781,4326280031.25,20.85723263852519,37500,USc,375,2.9918,7.8204
COFFEE,2022-06-28,56585,9508,241781,218.15,47077,3851192831.2500005,19.470926168722936,37500,USc,375,2.9918,7.8204
COFFEE,2022-07-05,54125,10081,240347,220.75,44044,3646017375.0,18.325171522839895,37500,USc,375,2.9918,7.8204
COFFEE,2022-07-12,50510,10853,244933,206.25,39657,3067221093.75,16.19095834371032,37500,USc,375,2.9918,7.8204
COFFEE,2022-07-19,49082,12537,249310,216.0,36545,2960145000.0,14.658457342264649,37500,USc,375,2.9918,7.8204
COFFEE,2022-07-26,50087,13403,250731,209.15,36684,2877171975.0,14.630819483829283,37500,USc,375,2.9918,7.8204
COFFEE,2022-08-02,52053,14669,260196,205.8,37384,2885110200.0,14.367630555427446,37500,USc,375,2.9918,7.8204
COFFEE,2022-08-09,55110,16161,259216,208.55,38949,3046055231.25,15.025692858465527,37500,USc,375,2.9918,7.8204
COFFEE,2022-08-16,53459,11580,227404,215.85,41879,3389843306.25,18.41612284744332,37500,USc,375,2.9918,7.8204
COFFEE,2022-08-23,53865,11745,227732,228.1,42120,3602839500.0,18.49542444627896,37500,USc,375,2.9918,7.8204
COFFEE,2022-08-30,57498,12205,245468,235.1,45293,3993144112.4999995,18.451692277608487,37500,USc,375,2.9918,7.8204
COFFEE,2022-09-06,57604,12309,247289,229.15,45295,3892255968.75,18.31662548677863,37500,USc,375,2.9918,7.8204
COFFEE,2022-09-13,57858,13375,245601,221.25,44483,3690698906.25,18.111896938530382,37500,USc,375,2.9918,7.8204
COFFEE,2022-09-20,57850,13981,240785,225.7,43869,3712962487.4999995,18.219158170151793,37500,USc,375,2.9918,7.8204
COFFEE,2022-09-27,55891,12173,234884,216.35,43718,3546895987.4999995,18.612591747415745,37500,USc,375,2.9918,7.8204
COFFEE,2022-10-04,54226,11802,237305,209.15,42424,3327367350.0,17.87741514085249,37500,USc,375,2.9918,7.8204
COFFEE,2022-10-11,54054,13436,242799,207.25,40618,3156780187.5,16.729063958253533,37500,USc,375,2.9918,7.8204
COFFEE,2022-10-18,52657,16069,251637,189.65,36588,2602092825.0,14.539992131522789,37500,USc,375,2.9918,7.8204
COFFEE,2022-10-25,53403,17921,268844,180.9,35482,2407010175.0,13.197988424513845,37500,USc,375,2.9918,7.8204
COFFEE,2022-11-01,53259,17905,290087,170.75,35354,2263760812.5,12.187378269277838,37500,USc,375,2.9918,7.8204
COFFEE,2022-11-08,51585,15320,298438,162.95,36265,2216018156.25,12.151602677943158,37500,USc,375,2.9918,7.8204
COFFEE,2022-11-15,53608,17082,248937,161.1,36526,2206626975.0,14.67278869754195,37500,USc,375,2.9918,7.8204
COFFEE,2022-11-22,55159,18711,253918,165.15,36448,2257270200.0,14.354240345308328,37500,USc,375,2.9918,7.8204
COFFEE,2022-11-29,55247,18644,254795,168.65,36603,2314910981.25,14.365666516218923,37500,USc,375,2.9918,7.8204
COFFEE,2022-12-06,54723,18913,263531,164.0,35810,2202315000.0,13.58853417624492,37500,USc,375,2.9918,7.8204
COFFEE,2022-12-13,52713,18381,253175,168.4,34332,2168065800.0,13.560580626049177,37500,USc,375,2.9918,7.8204
COFFEE,2022-12-20,52340,17927,242809,168.65,34413,2176407168.75,14.172868386262452,37500,USc,375,2.9918,7.8204
COFFEE,2022-12-27,50700,15869,241724,166.5,34831,2174760562.5,14.409409078122156,37500,USc,375,2.9918,7.8204
COFFEE,2023-01-03,51370,16579,243613,165.9,34791,2164435087.5,14.281257568356368,37500,USc,375,3.9223,8.2427
COFFEE,2023-01-10,55286,19123,272372,149.95,36163,2033490693.7499998,13.277062253095032,37500,USc,375,3.9223,8.2427
COFFEE,2023-01-17,62487,19838,279880,152.0,42649,2430993000.0,15.238316421323425,37500,USc,375,3.9223,8.2427
COFFEE,2023-01-24,63323,19449,288207,160.45,43874,2639843737.5,15.223086184582609,37500,USc,375,3.9223,8.2427
COFFEE,2023-01-31,66376,14968,291950,181.7,51408,3502812600.0,17.608494605240622,37500,USc,375,3.9223,8.2427
COFFEE,2023-02-07,66157,13561,290376,177.4,52596,3498948900.0,18.113067195636003,37500,USc,375,3.9223,8.2427
COFFEE,2023-02-14,65025,11345,245310,181.95,53680,3662653500.0,21.88251600016306,37500,USc,375,3.9223,8.2427
COFFEE,2023-02-21,64317,9840,240330,190.7,54477,3895786462.4999995,22.66758207464736,37500,USc,375,3.9223,8.2427
COFFEE,2023-02-28,64269,9286,238539,185.25,54983,3819600281.25,23.049899597130867,37500,USc,375,3.9223,8.2427
COFFEE,2023-03-07,65355,9630,238357,182.3,55725,3809500312.5,23.3787973501932,37500,USc,375,3.9223,8.2427
COFFEE,2023-03-14,65738,11056,233945,175.7,54682,3602860274.9999995,23.37386992669217,37500,USc,375,3.9223,8.2427
COFFEE,2023-03-21,65990,12222,237578,180.3,53768,3635388900.0,22.631725159737012,37500,USc,375,3.9223,8.2427
COFFEE,2023-03-28,67389,13558,237246,173.15,53831,3495314118.75,22.68995051549868,37500,USc,375,3.9223,8.2427
COFFEE,2023-04-04,67829,15023,239047,174.55,52806,3456482737.5000005,22.090216568289918,37500,USc,375,3.9223,8.2427
COFFEE,2023-04-11,66176,12377,238903,187.35,53799,3779715993.75,22.519181425097216,37500,USc,375,3.9223,8.2427
COFFEE,2023-04-18,67354,11733,229596,201.45,55621,4201818918.7499995,24.225596264743288,37500,USc,375,3.9223,8.2427
COFFEE,2023-04-25,68420,11796,228924,189.35,56624,4020657900.0,24.73484649927487,37500,USc,375,3.9223,8.2427
COFFEE,2023-05-02,69534,12882,232214,186.5,56652,3962099250.0,24.39646188429638,37500,USc,375,3.9223,8.2427
COFFEE,2023-05-09,71339,11370,229802,186.7,59969,4198579612.4999995,26.09594346437368,37500,USc,375,3.9223,8.2427
COFFEE,2023-05-16,72108,11827,227665,186.35,60281,4212511631.25,26.477939077152833,37500,USc,375,3.9223,8.2427
COFFEE,2023-05-23,72293,12182,232063,185.55,60111,4182598518.7500005,25.902879821427803,37500,USc,375,3.9223,8.2427
COFFEE,2023-05-30,73480,16359,236358,174.95,57121,3747494606.2499995,24.167153216730554,37500,USc,375,3.9223,8.2427
COFFEE,2023-06-06,70690,18197,237692,180.6,52493,3555088424.9999995,22.08446224525857,37500,USc,375,3.9223,8.2427
COFFEE,2023-06-13,66366,13504,210376,178.3,52862,3534485475.0000005,25.127390957143405,37500,USc,375,3.9223,8.2427
COFFEE,2023-06-20,64568,11452,201717,176.35,53116,3512627475.0,26.33194029258813,37500,USc,375,3.9223,8.2427
COFFEE,2023-06-27,65838,16222,208867,166.1,49616,3090456600.0,23.754829628423828,37500,USc,375,3.9223,8.2427
COFFEE,2023-07-03,65652,17319,217417,160.4,48333,2907229950.0,22.230552348712383,37500,USc,375,3.9223,8.2427
COFFEE,2023-07-11,64164,18620,227445,157.45,45544,2689088550.0,20.024181670293917,37500,USc,375,3.9223,8.2427
COFFEE,2023-07-18,63649,18985,224648,155.9,44664,2611169100.0,19.88177059221538,37500,USc,375,3.9223,8.2427
COFFEE,2023-07-25,66308,20327,223412,162.1,45981,2795070037.5,20.58125794496267,37500,USc,375,3.9223,8.2427
COFFEE,2023-08-01,66452,18664,224367,164.7,47788,2951506350.0,21.299032388898546,37500,USc,375,3.9223,8.2427
COFFEE,2023-08-08,64310,15207,215743,160.9,49103,2962752262.5,22.759950496655744,37500,USc,375,3.9223,8.2427
COFFEE,2023-08-15,63259,16593,205378,151.9,46666,2658212025.0,22.722005278072626,37500,USc,375,3.9223,8.2427
COFFEE,2023-08-22,65092,18927,215020,151.0,46165,2614093125.0,21.470095805041392,37500,USc,375,3.9223,8.2427
COFFEE,2023-08-29,64801,20166,216812,153.2,44635,2564280749.9999995,20.586960131358044,37500,USc,375,3.9223,8.2427
COFFEE,2023-09-05,64007,20731,221533,153.5,43276,2491074750.0,19.53478714232191,37500,USc,375,3.9223,8.2427
COFFEE,2023-09-12,65756,21263,225986,152.45,44493,2543609193.75,19.688387776233927,37500,USc,375,3.9223,8.2427
COFFEE,2023-09-19,64944,17569,222211,161.2,47375,2863818749.9999995,21.319826651245886,37500,USc,375,3.9223,8.2427
COFFEE,2023-09-26,63663,20140,224510,151.25,43523,2468570156.25,19.385773462206583,37500,USc,375,3.9223,8.2427
COFFEE,2023-10-03,64667,21066,241419,149.75,43601,2448468656.25,18.06030179894706,37500,USc,375,3.9223,8.2427
COFFEE,2023-10-10,64071,21122,249064,148.4,42949,2390111850.0,17.24416214306363,37500,USc,375,3.9223,8.2427
COFFEE,2023-10-17,64394,17717,246233,156.6,46677,2741106825.0,18.95643557118664,37500,USc,375,3.9223,8.2427
COFFEE,2023-10-24,63558,10194,237322,167.6,53364,3353927400.0,22.485905225811344,37500,USc,375,3.9223,8.2427
COFFEE,2023-10-31,64985,10162,241991,164.15,54823,3374698293.7500005,22.654974771789032,37500,USc,375,3.9223,8.2427
COFFEE,2023-11-07,65220,9631,243786,170.05,55589,3544841043.7500005,22.80237585423281,37500,USc,375,3.9223,8.2427
COFFEE,2023-11-14,62912,6126,217417,171.55,56786,3653114362.5000005,26.11847279651545,37500,USc,375,3.9223,8.2427
COFFEE,2023-11-21,63501,7204,220392,168.25,56297,3551988843.75,25.544030636320734,37500,USc,375,3.9223,8.2427
COFFEE,2023-11-28,63494,8099,228056,172.65,55395,3586480031.25,24.290086645385344,37500,USc,375,3.9223,8.2427
COFFEE,2023-12-05,68914,8694,251225,183.4,60220,4141630500.0,23.970544332769432,37500,USc,375,3.9223,8.2427
COFFEE,2023-12-12,69868,8829,246884,186.55,61039,4270059543.7500005,24.723756906077348,37500,USc,375,3.9223,8.2427
COFFEE,2023-12-19,73714,8434,270652,199.75,65280,4889880000.0,24.119533570784625,37500,USc,375,3.9223,8.2427
COFFEE,2023-12-26,73661,8463,269951,192.35,65198,4702813237.5,24.15179051012962,37500,USc,375,3.9223,8.2427
COFFEE,2024-01-02,73322,9290,273788,188.6,64032,4528663200.0,23.387438456031674,37500,USc,375,3.2333,8.3317
COFFEE,2024-01-09,68241,9019,269546,182.7,59222,4057447274.9999995,21.971017933859155,37500,USc,375,3.2333,8.3317
COFFEE,2024-01-16,63878,9091,264296,181.85,54787,3736130981.2499995,20.729409450010593,37500,USc,375,3.2333,8.3317
COFFEE,2024-01-23,63213,10200,268730,187.85,53013,3734434518.7499995,19.72723551520113,37500,USc,375,3.2333,8.3317
COFFEE,2024-01-30,64342,9461,273309,190.55,54881,3921590456.2500005,20.080202261908685,37500,USc,375,3.2333,8.3317
COFFEE,2024-02-06,64907,11320,280746,185.1,53587,3719607637.4999995,19.08736010486347,37500,USc,375,3.2333,8.3317
COFFEE,2024-02-13,61622,6288,252187,187.5,55334,3890671875.0,21.941654407245416,37500,USc,375,3.2333,8.3317
COFFEE,2024-02-20,60846,6327,235982,187.9,54519,3841545037.5,23.10303328219949,37500,USc,375,3.2333,8.3317
COFFEE,2024-02-27,59400,8991,239537,182.1,50409,3442304587.5,21.04434805478903,37500,USc,375,3.2333,8.3317
COFFEE,2024-03-05,61484,9449,247549,184.2,52035,3594317625.0,21.020080872877692,37500,USc,375,3.2333,8.3317
COFFEE,2024-03-12,61468,8449,244398,186.0,53019,3698075250.0,21.693712714506667,37500,USc,375,3.2333,8.3317
COFFEE,2024-03-19,60887,9755,248741,181.8,51132,3485924100.0000005,20.556321635757676,37500,USc,375,3.2333,8.3317
COFFEE,2024-03-26,62047,11978,267043,187.3,50069,3516721387.5000005,18.74941488823897,37500,USc,375,3.2333,8.3317
COFFEE,2024-04-02,68456,14910,282615,196.6,53546,3947678850.0,18.946623498398882,37500,USc,375,3.2333,8.3317
COFFEE,2024-04-09,66126,11706,295572,211.55,54420,4317206625.0,18.411757541309733,37500,USc,375,3.2333,8.3317
COFFEE,2024-04-16,63625,11044,286958,229.2,52581,4519336950.0,18.323587423943575,37500,USc,375,3.2333,8.3317
COFFEE,2024-04-23,63558,11051,290618,221.75,52507,4366285218.75,18.06735990200194,37500,USc,375,3.2333,8.3317
COFFEE,2024-04-30,63431,12779,289477,213.65,50652,4058174925.0000005,17.497763207439622,37500,USc,375,3.2333,8.3317
COFFEE,2024-05-07,63599,14809,288117,196.15,48790,3588809437.5,16.934092747043735,37500,USc,375,3.2333,8.3317
COFFEE,2024-05-14,62064,14219,277617,200.6,47845,3599140125.0,17.234175140571363,37500,USc,375,3.2333,8.3317
COFFEE,2024-05-21,62168,14021,276219,216.85,48147,3915253856.2499995,17.4307343086464,37500,USc,375,3.2333,8.3317
COFFEE,2024-05-28,63486,14250,291033,228.45,49236,4217986574.9999995,16.91766913030481,37500,USc,375,3.2333,8.3317
COFFEE,2024-06-04,66657,16522,309778,230.2,50135,4327903875.0,16.184170599590676,37500,USc,375,3.2333,8.3317
COFFEE,2024-06-11,61674,13230,305102,220.0,48444,3996630000.0,15.877968679326916,37500,USc,375,3.2333,8.3317
COFFEE,2024-06-18,60889,11895,241290,226.4,48994,4159590600.0,20.305027145758217,37500,USc,375,3.2333,8.3317
COFFEE,2024-06-25,60886,12802,249662,229.8,48084,4143638700.0000005,19.259639031971226,37500,USc,375,3.2333,8.3317
COFFEE,2024-07-02,62103,13091,251292,226.6,49012,4164794699.9999995,19.504003310889324,37500,USc,375,3.2333,8.3317
COFFEE,2024-07-09,63587,14381,273533,248.05,49206,4577080612.5,17.989054337136654,37500,USc,375,3.2333,8.3317
COFFEE,2024-07-16,63798,16039,276851,244.0,47759,4369948500.0,17.250795554287322,37500,USc,375,3.2333,8.3317
COFFEE,2024-07-23,64397,17938,286209,237.45,46459,4136883581.2499995,16.23254335118742,37500,USc,375,3.2333,8.3317
COFFEE,2024-07-30,64519,19999,297044,229.3,44520,3828163500.0,14.987678593070386,37500,USc,375,3.2333,8.3317
COFFEE,2024-08-06,63548,21090,289432,232.9,42458,3708175575.0000005,14.669421487603307,37500,USc,375,3.2333,8.3317
COFFEE,2024-08-13,57166,9144,229992,229.05,48022,4124789662.5,20.879856690667502,37500,USc,375,3.2333,8.3317
COFFEE,2024-08-20,59846,10678,233817,246.1,49168,4537591800.0,21.02841110783219,37500,USc,375,3.2333,8.3317
COFFEE,2024-08-27,63081,10498,237379,255.8,52583,5044024275.0,22.151496130660252,37500,USc,375,3.2333,8.3317
COFFEE,2024-09-03,63945,10777,239688,242.25,53168,4829980500.0,22.182170154534226,37500,USc,375,3.2333,8.3317
COFFEE,2024-09-10,62039,9949,239352,248.0,52090,4844370000.0,21.76292656840135,37500,USc,375,3.2333,8.3317
COFFEE,2024-09-17,64736,12448,256288,263.4,52288,5164747200.0,20.402047696341615,37500,USc,375,3.2333,8.3317
COFFEE,2024-09-24,65217,12501,261626,264.3,52716,5224814550.0,20.14937353321153,37500,USc,375,3.2333,8.3317
COFFEE,2024-10-01,65626,12008,261005,261.8,53618,5263947150.0,20.5429014769832,37500,USc,375,3.2333,8.3317
COFFEE,2024-10-08,63444,12614,256214,247.0,50830,4708128750.0,19.838884682335863,37500,USc,375,3.2333,8.3317
COFFEE,2024-10-15,64859,12996,257132,255.15,51863,4962316668.75,20.169796058055784,37500,USc,375,3.2333,8.3317
COFFEE,2024-10-22,65799,11995,258357,247.9,53804,5001754350.0,20.825446959052783,37500,USc,375,3.2333,8.3317
COFFEE,2024-10-29,65098,11448,254209,247.2,53650,4973355000.0,21.104681580903904,37500,USc,375,3.2333,8.3317
COFFEE,2024-11-05,63317,13690,257626,250.2,49627,4656253274.999999,19.263195484927763,37500,USc,375,3.2333,8.3317
COFFEE,2024-11-12,61534,9696,233389,263.1,51838,5114466675.0,22.210986807433084,37500,USc,375,3.2333,8.3317
COFFEE,2024-11-19,63211,10419,239341,284.3,52792,5628287100.000001,22.057232149945058,37500,USc,375,3.2333,8.3317
COFFEE,2024-11-26,63529,10959,260017,309.25,52570,6096477187.5,20.2179088290381,37500,USc,375,3.2333,8.3317
COFFEE,2024-12-03,61104,11050,256527,296.05,50054,5556932512.5,19.51217610621884,37500,USc,375,3.2333,8.3317
COFFEE,2024-12-10,61403,10829,278277,334.05,50574,6335341762.5,18.173977727228625,37500,USc,375,3.2333,8.3317
COFFEE,2024-12-17,60311,10656,257008,327.65,49655,6101047781.249999,19.320410259602813,37500,USc,375,3.2333,8.3317
COFFEE,2024-12-24,59639,10132,250420,324.0,49507,6015100500.0,19.769587093682613,37500,USc,375,3.2333,8.3317
COFFEE,2024-12-31,58874,10116,246893,316.05,48758,5778737212.5,19.748636048814667,37500,USc,375,3.2333,8.3317
COFFEE,2025-01-07,58926,10455,251279,317.2,48471,5765625450.0,19.289713824076028,37500,USc,375,3.9849,8.3329
COFFEE,2025-01-14,48665,9320,239166,317.9,39345,4690415812.5,16.450916936353828,37500,USc,375,3.9849,8.3329
COFFEE,2025-01-21,47896,9655,241825,324.95,38241,4659904856.25,15.813501499017885,37500,USc,375,3.9849,8.3329
COFFEE,2025-01-28,48825,10928,259850,352.25,37897,5005956843.75,14.584183182605347,37500,USc,375,3.9849,8.3329
COFFEE,2025-02-04,48631,10769,267946,377.35,37862,5357709637.5,14.130459122360476,37500,USc,375,3.9849,8.3329
COFFEE,2025-02-11,47940,10475,273504,406.0,37465,5704046250.0,13.698154323154323,37500,USc,375,3.9849,8.3329
COFFEE,2025-02-18,47894,9582,217789,409.2,38312,5878976400.0,17.59133840552094,37500,USc,375,3.9849,8.3329
COFFEE,2025-02-25,48692,10378,215766,373.8,38314,5370664950.0,17.757199929553313,37500,USc,375,3.9849,8.3329
COFFEE,2025-03-04,49450,10010,218866,401.0,39440,5930790000.0,18.020158453117432,37500,USc,375,3.9849,8.3329
COFFEE,2025-03-11,48693,10988,222380,393.35,37705,5561723156.25,16.95521179962227,37500,USc,375,3.9849,8.3329
COFFEE,2025-03-18,48248,11404,219221,383.85,36844,5303463525.0,16.806784021603768,37500,USc,375,3.9849,8.3329
COFFEE,2025-03-25,47953,11542,224472,392.5,36411,5359244062.5,16.22073131615524,37500,USc,375,3.9849,8.3329
COFFEE,2025-04-01,47026,11646,224930,385.25,35380,5111304375.0,15.72933801627173,37500,USc,375,3.9849,8.3329
COFFEE,2025-04-08,43318,11281,225149,340.35,32037,4088922356.2500005,14.229243745253143,37500,USc,375,3.9849,8.3329
COFFEE,2025-04-15,40018,8100,181481,366.9,31918,4391517825.0,17.587516048511965,37500,USc,375,3.9849,8.3329
COFFEE,2025-04-22,40172,8336,177900,374.6,31836,4472162100.000001,17.895446880269812,37500,USc,375,3.9849,8.3329
COFFEE,2025-04-29,43834,7607,196936,401.75,36227,5457823968.75,18.39531624487143,37500,USc,375,3.9849,8.3329
COFFEE,2025-05-06,42042,7835,193741,389.75,34207,4999566843.75,17.65604595826387,37500,USc,375,3.9849,8.3329
COFFEE,2025-05-13,41821,8144,189150,374.6,33677,4730776575.0,17.804388051810733,37500,USc,375,3.9849,8.3329
COFFEE,2025-05-20,41641,8547,185781,366.0,33094,4542151500.0,17.8134470155721,37500,USc,375,3.9849,8.3329
COFFEE,2025-05-27,42591,9432,190384,357.75,33159,4448487093.75,17.416904781914447,37500,USc,375,3.9849,8.3329
COFFEE,2025-06-03,40615,10681,199133,337.6,29934,3789644400.0,15.03216443281626,37500,USc,375,3.9849,8.3329
COFFEE,2025-06-10,41155,7306,198894,353.45,33849,4486473393.75,17.018612929500136,37500,USc,375,3.9849,8.3329
COFFEE,2025-06-17,40657,6517,174245,331.4,34140,4242748500.0,19.593101667192748,37500,USc,375,3.9849,8.3329
COFFEE,2025-06-24,41010,7369,183798,312.8,33641,3946089300.0000005,18.303245954798204,37500,USc,375,3.9849,8.3329
COFFEE,2025-07-01,40969,8449,192260,289.3,32520,3528013500.0,16.914594819515237,37500,USc,375,3.9849,8.3329
COFFEE,2025-07-08,41168,9907,198530,284.3,31261,3332813362.5000005,15.746234825970888,37500,USc,375,3.9849,8.3329
COFFEE,2025-07-15,42412,9175,193389,297.65,33237,3709872393.7499995,17.186603167708608,37500,USc,375,3.9849,8.3329
COFFEE,2025-07-22,43201,9941,196986,288.2,33260,3594574500.0,16.884448641020175,37500,USc,375,3.9849,8.3329
COFFEE,2025-07-29,44177,11115,200444,290.5,33062,3601691625.0,16.49438247091457,37500,USc,375,3.9849,8.3329
COFFEE,2025-08-05,44463,12894,207585,289.85,31569,3431352993.75,15.207746224438182,37500,USc,375,3.9849,8.3329
COFFEE,2025-08-12,43002,9076,176165,309.2,33926,3933719699.9999995,19.25808191184401,37500,USc,375,3.9849,8.3329
COFFEE,2025-08-19,43954,6025,188038,351.75,37929,5003072156.25,20.170922898563056,37500,USc,375,3.9849,8.3329
COFFEE,2025-08-26,45983,6329,206805,370.65,39654,5511658162.5,19.174584753753535,37500,USc,375,3.9849,8.3329
COFFEE,2025-09-02,46682,6660,218829,373.35,40022,5603330137.5,18.289166426753308,37500,USc,375,3.9849,8.3329
COFFEE,2025-09-09,47218,7052,227030,381.5,40166,5746248375.0,17.691934986565652,37500,USc,375,3.9849,8.3329
COFFEE,2025-09-16,49593,7881,227186,408.7,41712,6392885399.999999,18.36028628524645,37500,USc,375,3.9849,8.3329
COFFEE,2025-09-23,45863,8327,223356,337.0,37536,4743612000.0,16.805458550475475,37500,USc,375,3.9849,8.3329
COFFEE,2025-09-30,46453,8558,218937,358.3,37895,5091666937.5,17.30863216359044,37500,USc,375,3.9849,8.3329
COFFEE,2025-10-07,46991,9218,220299,358.7,37773,5080940662.5,17.146242152710634,37500,USc,375,3.9849,8.3329
COFFEE,2025-10-14,48534,10091,225162,377.45,38443,5441366381.25,17.073484868672335,37500,USc,375,3.9849,8.3329
COFFEE,2025-10-21,49532,9834,225856,392.35,39698,5840816362.5,17.576686030036836,37500,USc,375,3.9849,8.3329
COFFEE,2025-10-28,49775,9952,223149,367.9,39823,5494080637.5,17.84592357572743,37500,USc,375,3.9849,8.3329
COFFEE,2025-11-04,49414,9692,225229,385.35,39722,5740077262.5,17.636272416074306,37500,USc,375,3.9849,8.3329
COFFEE,2025-11-10,47751,8237,227080,394.1,39514,5839675275.0,17.400915976748283,37500,USc,375,3.9849,8.3329
COFFEE,2025-11-18,43499,6325,186600,384.5,37174,5360026125.0,19.92175777063237,37500,USc,375,3.9849,8.3329
COFFEE,2025-11-25,43001,6737,190855,381.8,36264,5192098200.0,19.000812134866784,37500,USc,375,3.9849,8.3329
COFFEE,2025-12-02,42551,6937,188517,372.8,35614,4978837200.0,18.891664942684212,37500,USc,375,3.9849,8.3329
COFFEE,2025-12-09,42725,7120,194281,367.6,35605,4908149250.0,18.32654762946454,37500,USc,375,3.9849,8.3329
COFFEE,2025-12-16,43195,7576,192007,352.5,35619,4708386562.5,18.550886165608546,37500,USc,375,3.9849,8.3329
COFFEE,2025-12-23,42077,7968,194499,332.05,34109,4247210043.7500005,17.536851089208685,37500,USc,375,3.9849,8.3329
COFFEE,2025-12-30,42362,8176,196037,335.55,34186,4301667112.5,17.43854476450874,37500,USc,375,3.9849,8.3329
COFFEE,2026-01-06,43490,8602,203506,351.2,34888,4594749600.0,17.143474885261366,37500,USc,375,6.556,8.1051
COFFEE,2026-01-13,44541,8603,201537,342.0,35938,4609048500.0,17.831961376819145,37500,USc,375,6.556,8.1051
COFFEE,2026-01-20,44556,9008,202366,329.35,35548,4390400175.0,17.566191949240483,37500,USc,375,6.556,8.1051
COFFEE,2026-01-27,43804,8555,206991,348.85,35249,4611230118.75,17.029242817320558,37500,USc,375,6.556,8.1051
COFFEE,2026-02-03,42718,9610,226490,298.7,33108,3708509850.0,14.617863923352022,37500,USc,375,6.556,8.1051
COFFEE,2026-02-10,40032,9385,226115,290.45,30647,3338032931.25,13.553722663246578,37500,USc,375,6.556,8.1051
COFFEE,2026-02-17,38507,9692,192439,283.75,28815,3066096093.75,14.973576042278333,37500,USc,375,6.556,8.1051
COFFEE,2026-02-24,37225,10564,202235,284.25,26661,2841895968.75,13.183177986006378,37500,USc,375,6.556,8.1051
COFFEE,2026-03-03,39037,11603,208591,282.5,27434,2906289375.0,13.152053540181505,37500,USc,375,6.556,8.1051
COFFEE,2026-03-10,37891,11227,206159,294.7,26664,2946705300.0,12.933706508083567,37500,USc,375,6.556,8.1051
COFFEE,2026-03-17,37213,10745,210669,294.85,26468,2926533675.0000005,12.563784894787558,37500,USc,375,6.556,8.1051
COFFEE,2026-03-24,37141,10017,217788,311.65,27124,3169947975.0,12.454313368964314,37500,USc,375,6.556,8.1051
COFFEE,2026-03-31,36088,10433,217567,290.3,25655,2792867437.5,11.791769891573631,37500,USc,375,6.556,8.1051
COFFEE,2026-04-07,36620,10731,219400,281.55,25889,2733392981.25,11.799908842297175,37500,USc,375,6.556,8.1051
COFFEE,2026-04-14,37632,10970,199432,298.9,26662,2988476925.0,13.368967868747243,37500,USc,375,6.556,8.1051
COFFEE,2026-04-21,37332,11180,196764,288.45,26152,2828829150.0,13.291049175662215,37500,USc,375,6.556,8.1051
COFFEE,2026-04-28,38143,9402,205885,292.15,28741,3148756181.2499995,13.95973480340967,37500,USc,375,6.556,8.1051
COFFEE,2026-05-05,37957,8714,213086,289.3,29243,3172499962.5,13.723567010502801,37500,USc,375,6.556,8.1051
COFFEE,2026-05-12,37972,9843,220013,281.25,28129,2966730468.75,12.785153604559731,37500,USc,375,6.556,8.1051
COFFEE,2026-05-19,37551,11393,234834,261.9,26158,2569042574.9999995,11.13893218188167,37500,USc,375,6.556,8.1051
COFFEE,2026-05-26,38287,12093,235416,264.45,26194,2597626237.5,11.126686376456995,37500,USc,375,6.556,8.1051
COFFEE,2026-06-02,38032,13436,253211,253.05,24596,2334006675.0000005,9.713638033102827,37500,USc,375,6.556,8.1051
COFFEE,2026-06-09,37759,13885,272513,241.65,23874,2163432037.5,8.760682976591943,37500,USc,375,6.556,8.1051
COFFEE,2026-06-16,38058,11456,233201,273.6,26602,2729365200.0,11.407326726729302,37500,USc,375,6.556,8.1051
COFFEE,2026-06-23,39615,12333,230587,275.75,27282,2821129312.5,11.831542975102673,37500,USc,375,6.556,8.1051
COFFEE,2026-06-30,39984,10733,234963,302.15,29251,3314321118.7499995,12.449194128437243,37500,USc,375,6.556,8.1051
COFFEE,2026-07-07,40945,7154,242253,317.4,33791,4021973774.9999995,13.94864047091264,37500,USc,375,6.556,8.1051
COFFEE,2026-07-14,40168,6630,228276,327.0,33538,4112597250.0,14.691864234523122,37500,USc,375,6.556,8.1051
COFFEE,2026-07-21,39842,5410,220681,322.8,34432,4167993600.0,15.602611914936038,37500,USc,375,6.556,8.1051
COFFEE,2026-07-28,41040,6171,225341,318.45,34869,4164012393.7499995,15.47388180579655,37500,USc,375,6.556,8.1051
COFFEE,2026-08-04,40335,6587,227092,307.7,33748,3894097350.0,14.860937417434345,37500,USc,375,6.556,8.1051
COFFEE,2026-08-11,40530,6694,234079,312.8,33836,3968962800.0000005,14.454948970219455,37500,USc,375,6.556,8.1051
COFFEE,2026-08-18,39390,5276,202264,331.6,34114,4242075900.0,16.866076019459715,37500,USc,375,6.556,8.1051
COFFEE,2026-08-25,40588,5585,203831,334.85,35003,4395282956.25,17.172559620469897,37500,USc,375,6.556,8.1051
CORN,2016-01-05,417623,50723,1664511,353.5,366900,6484957500.0,22.042509782152237,5000,USc,50,19.0382,20.1622
CORN,2016-01-12,406637,49996,1718119,355.5,356641,6339293775.0,20.757642514866546,5000,USc,50,19.0382,20.1622
CORN,2016-01-19,391729,60725,1725214,367.75,331004,6086336050.0,19.18625747298596,5000,USc,50,19.0382,20.1622
CORN,2016-01-26,391912,61782,1664876,368.75,330130,6086771875.0,19.829104389756356,5000,USc,50,19.0382,20.1622
CORN,2016-02-02,399221,61917,1690543,372.75,337304,6286503300.0,19.95240582463741,5000,USc,50,19.0382,20.1622
CORN,2016-02-09,393766,57721,1747003,361.25,336045,6069812812.5,19.23551361961027,5000,USc,50,19.0382,20.1622
CORN,2016-02-16,403267,66269,1749401,362.75,336998,6112301225.0,19.263622234124707,5000,USc,50,19.0382,20.1622
CORN,2016-02-23,393993,58425,1622002,362.0,335568,6073780800.0,20.6885071658358,5000,USc,50,19.0382,20.1622
CORN,2016-03-01,392432,61099,1630381,356.0,331333,5897727400.0,20.322427702481814,5000,USc,50,19.0382,20.1622
CORN,2016-03-08,381276,62996,1687116,359.0,318280,5713126000.0,18.86532994767402,5000,USc,50,19.0382,20.1622
CORN,2016-03-15,378639,67745,1714437,368.25,310894,5724335775.0,18.133883018156983,5000,USc,50,19.0382,20.1622
CORN,2016-03-22,382639,70983,1710319,369.5,311656,5757844600.0,18.22209774901641,5000,USc,50,19.0382,20.1622
CORN,2016-03-29,388930,72391,1699627,373.0,316539,5903452350.0,18.624027507211878,5000,USc,50,19.0382,20.1622
CORN,2016-04-05,405720,67552,1850969,357.0,338168,6036298800.0,18.269781935840093,5000,USc,50,19.0382,20.1622
CORN,2016-04-12,405303,67222,1886803,373.75,338081,6317888687.5,17.918192837302037,5000,USc,50,19.0382,20.1622
CORN,2016-04-19,406513,73443,1937677,384.5,333070,6403270750.0,17.189139366364984,5000,USc,50,19.0382,20.1622
CORN,2016-04-26,390302,61815,1850214,387.0,328487,6356223450.0,17.754000348067844,5000,USc,50,19.0382,20.1622
CORN,2016-05-03,396485,65032,1811506,379.25,331453,6285177512.5,18.297096449031912,5000,USc,50,19.0382,20.1622
CORN,2016-05-10,398920,65015,1787262,379.75,333905,6340021187.5,18.6824875144215,5000,USc,50,19.0382,20.1622
CORN,2016-05-17,407532,66060,1828693,397.75,341472,6791024400.0,18.67300853669807,5000,USc,50,19.0382,20.1622
CORN,2016-05-24,402184,63686,1840059,396.5,338498,6710722850.0,18.396040561742858,5000,USc,50,19.0382,20.1622
CORN,2016-05-31,403730,60938,1866861,405.0,342792,6941538000.0,18.36194553317039,5000,USc,50,19.0382,20.1622
CORN,2016-06-07,417394,70617,2006083,427.5,346777,7412358375.0,17.286273798242647,5000,USc,50,19.0382,20.1622
CORN,2016-06-14,422051,78809,2088225,436.5,343242,7491256650.0,16.437021872643033,5000,USc,50,19.0382,20.1622
CORN,2016-06-21,433503,79038,2045819,397.25,354465,7040561062.5,17.326312836081783,5000,USc,50,19.0382,20.1622
CORN,2016-06-28,404469,50562,1770114,394.25,353907,6976391737.5,19.993458048464674,5000,USc,50,19.0382,20.1622
CORN,2016-07-05,399526,50614,1788889,344.25,348912,6005647800.0,19.504396304074763,5000,USc,50,19.0382,20.1622
CORN,2016-07-12,380557,46348,1805645,360.0,334209,6015762000.0,18.50912000974721,5000,USc,50,19.0382,20.1622
CORN,2016-07-19,378815,53153,1826301,350.25,325662,5703155775.0,17.83178128906462,5000,USc,50,19.0382,20.1622
CORN,2016-07-26,375809,47134,1759784,339.75,328675,5583366562.5,18.677008087356175,5000,USc,50,19.0382,20.1622
CORN,2016-08-02,367143,45959,1812322,334.25,321184,5367787600.0,17.72223699761963,5000,USc,50,19.0382,20.1622
CORN,2016-08-09,361031,48385,1846059,333.25,312646,5209463975.0,16.935861746563894,5000,USc,50,19.0382,20.1622
CORN,2016-08-16,361060,50138,1885260,337.75,310922,5250695275.0,16.492261014395893,5000,USc,50,19.0382,20.1622
CORN,2016-08-23,362419,51342,1889384,337.5,311077,5249424375.0,16.46446672566297,5000,USc,50,19.0382,20.1622
CORN,2016-08-30,340139,38007,1708372,315.75,302132,4769908950.0,17.685375316383084,5000,USc,50,19.0382,20.1622
CORN,2016-09-06,338482,38460,1717881,327.0,300022,4905359700.0,17.46465558440893,5000,USc,50,19.0382,20.1622
CORN,2016-09-13,336191,30947,1698121,330.25,305244,5040341550.0,17.97539751289808,5000,USc,50,19.0382,20.1622
CORN,2016-09-20,335642,30686,1706158,339.5,304956,5176628100.0,17.873842868011053,5000,USc,50,19.0382,20.1622
CORN,2016-09-27,342197,30541,1707593,332.0,311656,5173489600.0,18.251187490227473,5000,USc,50,19.0382,20.1622
CORN,2016-10-04,350177,33966,1707470,348.0,316211,5502071400.0,18.519271202422296,5000,USc,50,19.0382,20.1622
CORN,2016-10-11,349034,35192,1705598,345.5,313842,5421620550.0,18.400701689378156,5000,USc,50,19.0382,20.1622
CORN,2016-10-18,349908,37072,1730859,353.5,312836,5529376300.0,18.074031449124394,5000,USc,50,19.0382,20.1622
CORN,2016-10-25,352785,37878,1724477,349.75,314907,5506936162.5,18.261014788831627,5000,USc,50,19.0382,20.1622
CORN,2016-11-01,361975,30774,1761458,348.75,331201,5775317437.5,18.80266233994793,5000,USc,50,19.0382,20.1622
CORN,2016-11-08,369894,33812,1751431,353.5,336082,5940249350.0,19.188994599273393,5000,USc,50,19.0382,20.1622
CORN,2016-11-15,384949,49015,1811606,342.0,335934,5744471400.0,18.543436045144475,5000,USc,50,19.0382,20.1622
CORN,2016-11-22,383295,47559,1757622,351.0,335736,5892166800.0,19.101718116864717,5000,USc,50,19.0382,20.1622
CORN,2016-11-29,370852,18484,1479941,348.0,352368,6131203200.0,23.809597815048033,5000,USc,50,19.0382,20.1622
CORN,2016-12-06,371936,23984,1482575,359.0,347952,6245738400.0,23.46943662209332,5000,USc,50,19.0382,20.1622
CORN,2016-12-13,374308,23650,1483182,361.5,350658,6338143350.0,23.64227721210209,5000,USc,50,19.0382,20.1622
CORN,2016-12-20,373856,27545,1494211,350.25,346311,6064771387.5,23.17684717887902,5000,USc,50,19.0382,20.1622
CORN,2016-12-27,368637,28946,1497392,355.0,339691,6029515250.0,22.68550920533835,5000,USc,50,19.0382,20.1622
CORN,2017-01-03,354052,34525,1525508,355.75,319527,5683586512.5,20.94561287125338,5000,USc,50,19.0382,20.1622
CORN,2017-01-10,369590,33465,1547164,357.5,336125,6008234375.0,21.725234041122985,5000,USc,50,19.0382,20.1622
CORN,2017-01-17,393688,40303,1649271,365.25,353385,6453693562.5,21.426739450338967,5000,USc,50,19.0382,20.1622
CORN,2017-01-24,407613,54927,1682765,363.5,352686,6410068050.0,20.958719726164972,5000,USc,50,19.0382,20.1622
CORN,2017-01-31,410600,49897,1650586,359.5,360703,6483636425.0,21.853026743229375,5000,USc,50,19.0382,20.1622
CORN,2017-02-07,426980,59884,1729810,368.75,367096,6768332500.0,21.221752678039785,5000,USc,50,19.0382,20.1622
CORN,2017-02-14,447911,73985,1856434,374.25,373926,6997090275.0,20.14216503253011,5000,USc,50,19.0382,20.1622
CORN,2017-02-21,449618,62705,1909551,369.75,386913,7153054087.5,20.261988289393685,5000,USc,50,19.0382,20.1622
CORN,2017-02-28,416184,30634,1685712,373.0,385550,7190507500.0,22.87164118188635,5000,USc,50,19.0382,20.1622
CORN,2017-03-07,425218,48393,1707744,376.0,376825,7084310000.0,22.065660895309836,5000,USc,50,19.0382,20.1622
CORN,2017-03-14,417477,59163,1755380,362.25,358314,6489962325.0,20.412332372477753,5000,USc,50,19.0382,20.1622
CORN,2017-03-21,413893,62333,1818223,361.25,351560,6350052500.0,19.335362054049476,5000,USc,50,19.0382,20.1622
CORN,2017-03-28,402348,87767,1814115,357.25,314581,5619203112.5,17.34074190445479,5000,USc,50,19.0382,20.1622
CORN,2017-04-04,401649,106306,1854437,363.25,295343,5364167237.5,15.926289218776374,5000,USc,50,19.0382,20.1622
CORN,2017-04-11,385245,88673,1885245,366.0,296572,5427267600.0,15.731217958408589,5000,USc,50,19.0382,20.1622
CORN,2017-04-18,380534,91466,1902704,361.25,289068,5221290750.0,15.192483959670028,5000,USc,50,19.0382,20.1622
CORN,2017-04-25,376406,93861,1839080,371.5,282545,5248273375.0,15.363388215847054,5000,USc,50,19.0382,20.1622
CORN,2017-05-02,383358,101286,1756829,372.25,282072,5250065100.0,16.055745892172773,5000,USc,50,19.0382,20.1622
CORN,2017-05-09,380682,102796,1797779,367.0,277886,5099208100.0,15.457183558157036,5000,USc,50,19.0382,20.1622
CORN,2017-05-16,376366,96746,1809949,367.0,279620,5131027000.0,15.449054089369369,5000,USc,50,19.0382,20.1622
CORN,2017-05-23,385886,105994,1834218,370.0,279892,5178002000.0,15.259472974313848,5000,USc,50,19.0382,20.1622
CORN,2017-05-30,391143,111541,1797132,366.75,279602,5127201675.0,15.558233897120525,5000,USc,50,19.0382,20.1622
CORN,2017-06-06,399339,121094,1863218,378.5,278245,5265786625.0,14.93357191697375,5000,USc,50,19.0382,20.1622
CORN,2017-06-13,397914,116273,1923781,381.25,281641,5368781562.5,14.639972013446437,5000,USc,50,19.0382,20.1622
CORN,2017-06-20,386953,108026,1866228,369.5,278927,5153176325.0,14.946030174233801,5000,USc,50,19.0382,20.1622
CORN,2017-06-27,374067,103985,1729295,359.25,270082,4851347925.0,15.618040877930023,5000,USc,50,19.0382,20.1622
CORN,2017-07-03,383909,99712,1753868,395.75,284197,5623548137.5,16.20401307281962,5000,USc,50,19.0382,20.1622
CORN,2017-07-11,392812,84775,1840817,413.5,308037,6368664975.0,16.733711172810768,5000,USc,50,19.0382,20.1622
CORN,2017-07-18,382296,61229,1807610,390.5,321067,6268833175.0,17.761961927628196,5000,USc,50,19.0382,20.1622
CORN,2017-07-25,394704,64888,1758611,382.75,329816,6311853700.0,18.75434647002663,5000,USc,50,19.0382,20.1622
CORN,2017-08-01,411609,85829,1800411,376.75,325780,6136880750.0,18.094757252649536,5000,USc,50,19.0382,20.1622
CORN,2017-08-08,386068,54191,1767900,383.25,331877,6359593012.5,18.77238531591153,5000,USc,50,19.0382,20.1622
CORN,2017-08-15,370016,33955,1792103,369.0,336061,6200325450.0,18.752326177680636,5000,USc,50,19.0382,20.1622
CORN,2017-08-22,380952,42897,1874724,360.0,338055,6084990000.0,18.032254347840002,5000,USc,50,19.0382,20.1622
CORN,2017-08-29,365642,42742,1707700,348.25,322900,5622496250.0,18.90847338525502,5000,USc,50,19.0382,20.1622
CORN,2017-09-05,364039,49055,1675001,357.5,314984,5630339000.0,18.805003698505253,5000,USc,50,19.0382,20.1622
CORN,2017-09-12,362380,41916,1736940,351.5,320464,5632154800.0,18.449917671307013,5000,USc,50,19.0382,20.1622
CORN,2017-09-19,363110,44899,1785555,348.25,318211,5540849037.5,17.821405669385708,5000,USc,50,19.0382,20.1622
CORN,2017-09-26,370390,45990,1756920,352.0,324400,5709440000.0,18.464130410035747,5000,USc,50,19.0382,20.1622
CORN,2017-10-03,378422,46658,1804698,349.25,331764,5793428850.0,18.383352782570825,5000,USc,50,19.0382,20.1622
CORN,2017-10-10,376544,47271,1833377,349.0,329273,5745813850.0,17.959917681960665,5000,USc,50,19.0382,20.1622
CORN,2017-10-17,382718,53588,1869045,350.5,329130,5768003250.0,17.6095278604849,5000,USc,50,19.0382,20.1622
CORN,2017-10-24,395273,69342,1932939,352.75,325931,5748608012.5,16.86193925416167,5000,USc,50,19.0382,20.1622
CORN,2017-10-31,400389,82904,1970091,345.5,317485,5484553375.0,16.11524543790109,5000,USc,50,19.0382,20.1622
CORN,2017-11-07,392498,72684,2009799,347.5,319814,5556768250.0,15.912735552162182,5000,USc,50,19.0382,20.1622
CORN,2017-11-14,393454,76343,2127835,337.5,317111,5351248125.0,14.9029882486189,5000,USc,50,19.0382,20.1622
CORN,2017-11-21,399396,78858,2082562,344.75,320538,5525273775.0,15.391522557311617,5000,USc,50,19.0382,20.1622
CORN,2017-11-28,395587,67722,1856263,349.75,327865,5733539187.5,17.66263724483007,5000,USc,50,19.0382,20.1622
CORN,2017-12-05,388952,61840,1792019,353.75,327112,5785793500.0,18.25382431771092,5000,USc,50,19.0382,20.1622
CORN,2017-12-12,393499,58110,1836183,348.0,335389,5835768600.0,18.265554141390048,5000,USc,50,19.0382,20.1622
CORN,2017-12-19,388128,61387,1880411,347.5,326741,5677124875.0,17.37604172704797,5000,USc,50,19.0382,20.1622
CORN,2017-12-26,389279,63453,1852922,352.5,325826,5742683250.0,17.58444230248224,5000,USc,50,19.0382,20.1622
CORN,2018-01-02,397136,68521,1851952,353.25,328615,5804162437.5,17.74425039093886,5000,USc,50,19.3118,16.8396
CORN,2018-01-09,397573,76591,1915789,348.75,320982,5597123625.0,16.754559087665708,5000,USc,50,19.3118,16.8396
CORN,2018-01-16,397660,76128,1979732,348.5,321532,5602695100.0,16.241188201231278,5000,USc,50,19.3118,16.8396
CORN,2018-01-23,407778,88680,2038080,351.5,319098,5608147350.0,15.656794630240226,5000,USc,50,19.3118,16.8396
CORN,2018-01-30,412896,96399,2093775,361.25,316497,5716727062.5,15.116094136189417,5000,USc,50,19.3118,16.8396
CORN,2018-02-06,418092,136559,2132218,363.5,281533,5116862275.0,13.203762467064811,5000,USc,50,19.3118,16.8396
CORN,2018-02-13,404930,109876,2104949,366.5,295054,5406864550.0,14.017156710210083,5000,USc,50,19.3118,16.8396
CORN,2018-02-20,409975,109576,2128714,365.5,300399,5489791725.0,14.111759494229851,5000,USc,50,19.3118,16.8396
CORN,2018-02-27,403689,82129,1986305,379.25,321560,6097581500.0,16.188853172095925,5000,USc,50,19.3118,16.8396
CORN,2018-03-06,429224,87183,2149942,387.75,342041,6631319887.5,15.909312902394577,5000,USc,50,19.3118,16.8396
CORN,2018-03-13,458811,91150,2323591,391.75,367661,7201559837.5,15.822965401398095,5000,USc,50,19.3118,16.8396
CORN,2018-03-20,466284,107099,2310613,374.5,359185,6725739125.0,15.54500905171052,5000,USc,50,19.3118,16.8396
CORN,2018-03-27,486173,130813,2315457,374.0,355360,6645232000.0,15.347294292228272,5000,USc,50,19.3118,16.8396
CORN,2018-04-03,479592,120124,2403876,388.0,359468,6973679200.0,14.953683135070195,5000,USc,50,19.3118,16.8396
CORN,2018-04-10,469743,108436,2448431,389.75,361307,7040970162.5,14.75667478479075,5000,USc,50,19.3118,16.8396
CORN,2018-04-17,455089,91508,2382243,380.25,363581,6912583762.5,15.262129010348652,5000,USc,50,19.3118,16.8396
CORN,2018-04-24,421392,61849,2259200,390.0,359543,7011088500.0,15.914615793201135,5000,USc,50,19.3118,16.8396
CORN,2018-05-01,426576,62763,2318130,405.0,363813,7367213250.0,15.694244930180792,5000,USc,50,19.3118,16.8396
CORN,2018-05-08,426256,53241,2362419,403.75,373015,7530240312.5,15.789536064516922,5000,USc,50,19.3118,16.8396
CORN,2018-05-15,429598,59462,2406162,402.0,370136,7439733600.0,15.382837897032703,5000,USc,50,19.3118,16.8396
CORN,2018-05-22,430785,65153,2488853,404.5,365632,7394907200.0,14.690783264419395,5000,USc,50,19.3118,16.8396
CORN,2018-05-29,487947,145271,2511087,399.75,342676,6849236550.0,13.646520411280056,5000,USc,50,19.3118,16.8396
CORN,2018-06-05,503127,205239,2558208,383.5,297888,5712002400.0,11.644401080756529,5000,USc,50,19.3118,16.8396
CORN,2018-06-12,480036,195202,2566347,377.0,284834,5369120900.0,11.09881087787427,5000,USc,50,19.3118,16.8396
CORN,2018-06-19,505467,206238,2635956,353.75,299229,5292612937.5,11.351820743593596,5000,USc,50,19.3118,16.8396
CORN,2018-06-26,460447,172951,2386393,352.0,287496,5059929600.0,12.04730318937409,5000,USc,50,19.3118,16.8396
CORN,2018-07-03,479375,209668,2360868,365.0,269707,4922152750.0,11.42406098096124,5000,USc,50,19.3118,16.8396
CORN,2018-07-10,476655,223538,2352719,360.25,253117,4559269962.5,10.758488370264361,5000,USc,50,19.3118,16.8396
CORN,2018-07-17,502220,228309,2409890,360.5,273911,4937245775.0,11.366120445331529,5000,USc,50,19.3118,16.8396
CORN,2018-07-24,499538,231477,2470639,366.75,268061,4915568587.5,10.849865156342146,5000,USc,50,19.3118,16.8396
CORN,2018-07-31,467549,194530,2369980,386.25,273019,5272679437.5,11.51988624376577,5000,USc,50,19.3118,16.8396
CORN,2018-08-07,441749,172464,2287244,384.75,269285,5180370187.5,11.773339442578054,5000,USc,50,19.3118,16.8396
CORN,2018-08-14,414625,141995,2227303,376.5,272630,5132259750.0,12.240364243212532,5000,USc,50,19.3118,16.8396
CORN,2018-08-21,415036,149075,2207245,373.5,265961,4966821675.0,12.049455316469174,5000,USc,50,19.3118,16.8396
CORN,2018-08-28,400837,129566,2049082,356.0,271271,4828623800.0,13.238660043863545,5000,USc,50,19.3118,16.8396
CORN,2018-09-04,401893,130261,2058661,368.5,271632,5004819600.0,13.194595904813857,5000,USc,50,19.3118,16.8396
CORN,2018-09-11,410152,128600,2085115,366.5,281552,5159440400.0,13.502948278632113,5000,USc,50,19.3118,16.8396
CORN,2018-09-18,417246,138434,2162153,342.75,278812,4778140650.0,12.89510964302711,5000,USc,50,19.3118,16.8396
CORN,2018-09-25,420454,138581,2127915,363.75,281873,5126565187.5,13.246440764786188,5000,USc,50,19.3118,16.8396
CORN,2018-10-02,419831,136412,2101050,367.5,283419,5207824125.0,13.489398158063825,5000,USc,50,19.3118,16.8396
CORN,2018-10-09,430202,141396,2069913,364.75,288806,5267099425.0,13.952567088568458,5000,USc,50,19.3118,16.8396
CORN,2018-10-16,449657,142758,2063836,375.25,306899,5758192487.5,14.870319153266054,5000,USc,50,19.3118,16.8396
CORN,2018-10-23,455387,135883,2080617,370.25,319504,5914817800.0,15.356214046121897,5000,USc,50,19.3118,16.8396
CORN,2018-10-30,447867,138232,2069827,364.75,309635,5646968312.5,14.959462795682924,5000,USc,50,19.3118,16.8396
CORN,2018-11-06,454671,151989,2139071,372.5,302682,5637452250.0,14.150161448591467,5000,USc,50,19.3118,16.8396
CORN,2018-11-13,461454,153748,2154088,366.0,307706,5631019800.0,14.284746027088957,5000,USc,50,19.3118,16.8396
CORN,2018-11-20,445672,145255,2138019,361.25,300417,5426282062.5,14.051184764962333,5000,USc,50,19.3118,16.8396
CORN,2018-11-27,422446,128516,1918320,356.0,293930,5231954000.0,15.322261145168689,5000,USc,50,19.3118,16.8396
CORN,2018-12-04,448550,135626,1883246,384.75,312924,6019875450.0,16.616204149643753,5000,USc,50,19.3118,16.8396
CORN,2018-12-11,448205,127027,1900969,384.75,321178,6178661775.0,16.89548856399026,5000,USc,50,19.3118,16.8396
CORN,2018-12-18,449251,126983,1903441,385.25,322268,6207687350.0,16.930811094223568,5000,USc,50,19.3118,16.8396
CORN,2018-12-24,438672,127334,1856868,377.75,311338,5880396475.0,16.76683533778384,5000,USc,50,19.3118,16.8396
CORN,2018-12-31,440633,132749,1880756,374.25,307884,5761279350.0,16.370225590135032,5000,USc,50,19.3118,16.8396
CORN,2019-01-08,438443,137981,1923679,380.25,300462,5712533775.0,15.619133961539323,5000,USc,50,19.7661,16.42
CORN,2019-01-15,418575,148914,1958642,371.75,269661,5012323837.5,13.767753371979158,5000,USc,50,19.7661,16.42
CORN,2019-01-22,415352,154848,1989188,379.25,260504,4939807100.0,13.095996959563399,5000,USc,50,19.7661,16.42
CORN,2019-01-29,432993,171149,2018548,377.75,261844,4945578550.0,12.971898612269811,5000,USc,50,19.7661,16.42
CORN,2019-02-05,438546,184044,2070787,380.5,254502,4841900550.0,12.290109991998213,5000,USc,50,19.7661,16.42
CORN,2019-02-12,423053,177526,2104872,377.75,245527,4637391212.5,11.664699801223067,5000,USc,50,19.7661,16.42
CORN,2019-02-19,419868,167858,2145138,370.0,252010,4662185000.0,11.747962135769354,5000,USc,50,19.7661,16.42
CORN,2019-02-26,390536,129006,1973341,375.5,261530,4910225750.0,13.25315796914978,5000,USc,50,19.7661,16.42
CORN,2019-03-05,384133,150826,2011395,375.5,233307,4380338925.0,11.599263197929794,5000,USc,50,19.7661,16.42
CORN,2019-03-12,393171,174344,2150365,365.5,218827,3999063425.0,10.176272400266932,5000,USc,50,19.7661,16.42
CORN,2019-03-19,403771,193427,2223346,371.25,210344,3904510500.0,9.460695726171275,5000,USc,50,19.7661,16.42
CORN,2019-03-26,411479,200152,2202441,376.5,211327,3978230775.0,9.595126498280772,5000,USc,50,19.7661,16.42
CORN,2019-04-02,436203,214214,2217004,361.75,221989,4015226037.5,10.013017567852831,5000,USc,50,19.7661,16.42
CORN,2019-04-09,398898,179693,2165129,360.25,219205,3948430062.5,10.124339011670898,5000,USc,50,19.7661,16.42
CORN,2019-04-16,408565,192511,2233832,358.75,216054,3875468625.0,9.671900124987017,5000,USc,50,19.7661,16.42
CORN,2019-04-23,418177,209356,2294839,351.0,208821,3664808550.0,9.099592607585977,5000,USc,50,19.7661,16.42
CORN,2019-04-30,418160,198366,2025935,363.0,219794,3989261100.0,10.849015392892666,5000,USc,50,19.7661,16.42
CORN,2019-05-07,421565,202369,2033686,367.25,219196,4024986550.0,10.778261737554372,5000,USc,50,19.7661,16.42
CORN,2019-05-14,435352,219544,2117253,368.75,215808,3978960000.0,10.192830049124975,5000,USc,50,19.7661,16.42
CORN,2019-05-21,454422,220414,2361019,393.5,234008,4604107400.0,9.911313716662171,5000,USc,50,19.7661,16.42
CORN,2019-05-28,462414,228078,2495825,420.75,234336,4929843600.0,9.389119830116293,5000,USc,50,19.7661,16.42
CORN,2019-06-04,466477,203662,2549467,425.0,262815,5584818750.0,10.30862529305145,5000,USc,50,19.7661,16.42
CORN,2019-06-11,467009,183653,2573005,426.25,283356,6039024750.0,11.012648634573194,5000,USc,50,19.7661,16.42
CORN,2019-06-18,506129,209989,2708872,448.75,296140,6644641250.0,10.932225664409392,5000,USc,50,19.7661,16.42
CORN,2019-06-25,444934,164929,2379990,446.75,280005,6254611687.5,11.764965399014283,5000,USc,50,19.7661,16.42
CORN,2019-07-02,444692,158637,2319482,426.75,286055,6103698562.5,12.332710493118721,5000,USc,50,19.7661,16.42
CORN,2019-07-09,462268,172006,2382235,436.0,290262,6327711600.0,12.184440242041612,5000,USc,50,19.7661,16.42
CORN,2019-07-16,481257,177877,2424021,441.5,303380,6697113500.0,12.515568140705053,5000,USc,50,19.7661,16.42
CORN,2019-07-23,485214,182126,2399315,431.0,303088,6531546400.0,12.632272127669772,5000,USc,50,19.7661,16.42
CORN,2019-07-30,473380,172305,2295213,420.5,301075,6330101875.0,13.11751894050792,5000,USc,50,19.7661,16.42
CORN,2019-08-06,469141,185908,2348072,413.0,283233,5848761450.0,12.062364356799963,5000,USc,50,19.7661,16.42
CORN,2019-08-13,437266,134328,2351921,376.5,302938,5702807850.0,12.880449640953076,5000,USc,50,19.7661,16.42
CORN,2019-08-20,434049,154373,2327438,369.0,279676,5160022200.0,12.016474767534087,5000,USc,50,19.7661,16.42
CORN,2019-08-27,389753,117135,2032700,366.0,272618,4988909400.0,13.41162001279087,5000,USc,50,19.7661,16.42
CORN,2019-09-03,387971,127206,1989742,361.0,260765,4706808250.0,13.105467945090368,5000,USc,50,19.7661,16.42
CORN,2019-09-10,381946,148152,2075792,362.0,233794,4231671400.0,11.262881830164101,5000,USc,50,19.7661,16.42
CORN,2019-09-17,376059,156927,2070638,368.5,219132,4037507100.0,10.582825196871688,5000,USc,50,19.7661,16.42
CORN,2019-09-24,374181,159713,2012801,375.75,214468,4029317550.0,10.655201383544624,5000,USc,50,19.7661,16.42
CORN,2019-10-01,382818,169394,2042308,391.25,213424,4175107000.0,10.450137785289975,5000,USc,50,19.7661,16.42
CORN,2019-10-08,413730,179811,2110757,395.0,233919,4619900250.0,11.082232582907459,5000,USc,50,19.7661,16.42
CORN,2019-10-15,408597,169689,2042653,393.0,238908,4694542200.0,11.695965981495632,5000,USc,50,19.7661,16.42
CORN,2019-10-22,416659,174652,2073951,388.25,242007,4697960887.5,11.668887066280737,5000,USc,50,19.7661,16.42
CORN,2019-10-29,406804,172783,2006474,386.25,234021,4519530562.5,11.663295911135654,5000,USc,50,19.7661,16.42
CORN,2019-11-05,429789,171342,2034158,382.25,258447,4939568287.5,12.705355237892041,5000,USc,50,19.7661,16.42
CORN,2019-11-12,419729,179179,2034354,377.5,240550,4540381250.0,11.82439241154686,5000,USc,50,19.7661,16.42
CORN,2019-11-19,432646,185702,2073496,370.0,246944,4568464000.0,11.909547932573778,5000,USc,50,19.7661,16.42
CORN,2019-11-26,400914,146450,1748799,377.75,254464,4806188800.0,14.55078599656107,5000,USc,50,19.7661,16.42
CORN,2019-12-03,398963,160074,1713170,381.5,238889,4556807675.0,13.944267060478527,5000,USc,50,19.7661,16.42
CORN,2019-12-10,396205,160790,1756437,376.5,235415,4431687375.0,13.402985703443962,5000,USc,50,19.7661,16.42
CORN,2019-12-17,404801,175318,1800803,389.75,229483,4472049962.5,12.74337059633952,5000,USc,50,19.7661,16.42
CORN,2019-12-24,407093,168884,1787533,388.25,238209,4624232212.5,13.326131601486518,5000,USc,50,19.7661,16.42
CORN,2019-12-31,402487,159951,1756379,387.25,242536,4696103300.0,13.808864715417343,5000,USc,50,19.7661,16.42
CORN,2020-01-07,406567,160944,1783463,384.5,245623,4722102175.0,13.772250952220483,5000,USc,50,21.1955,16.5691
CORN,2020-01-14,438994,171026,1873406,388.75,267968,5208628000.0,14.303786792611959,5000,USc,50,21.1955,16.5691
CORN,2020-01-21,450304,176527,1851616,387.75,273777,5307851587.5,14.785841124725646,5000,USc,50,21.1955,16.5691
CORN,2020-01-28,447212,165319,1823044,385.25,281893,5429963912.5,15.462764475240313,5000,USc,50,21.1955,16.5691
CORN,2020-02-04,449541,165493,1864295,382.0,284048,5425316800.0,15.23621529854449,5000,USc,50,21.1955,16.5691
CORN,2020-02-11,442940,161439,1868556,379.5,281501,5341481475.0,15.065162617550666,5000,USc,50,21.1955,16.5691
CORN,2020-02-18,457834,178895,1901283,382.5,278939,5334708375.0,14.671093151308877,5000,USc,50,21.1955,16.5691
CORN,2020-02-25,443914,148095,1815443,376.5,295819,5568792675.0,16.294590356183036,5000,USc,50,21.1955,16.5691
CORN,2020-03-03,436585,147928,1764525,380.5,288657,5491699425.0,16.358906787945767,5000,USc,50,21.1955,16.5691
CORN,2020-03-10,438288,128477,1753106,377.75,309811,5851555262.5,17.672120225474103,5000,USc,50,21.1955,16.5691
CORN,2020-03-17,424958,139982,1781773,343.0,284976,4887338400.0,15.99395658145005,5000,USc,50,21.1955,16.5691
CORN,2020-03-24,409258,135236,1747679,347.75,274022,4764557525.0,15.679195092462631,5000,USc,50,21.1955,16.5691
CORN,2020-03-31,402557,128617,1717093,341.75,273940,4680949750.0,15.953707807323191,5000,USc,50,21.1955,16.5691
CORN,2020-04-07,403637,128915,1798814,332.5,274722,4567253250.0,15.272396145460288,5000,USc,50,21.1955,16.5691
CORN,2020-04-14,404587,137049,1829281,325.75,267538,4357525175.0,14.625309069519663,5000,USc,50,21.1955,16.5691
CORN,2020-04-21,412120,150909,1908967,317.75,261211,4149989762.5,13.683369068192377,5000,USc,50,21.1955,16.5691
CORN,2020-04-28,401428,130810,1789803,311.75,270618,4218258075.0,15.11998806572567,5000,USc,50,21.1955,16.5691
CORN,2020-05-05,411938,127283,1775306,317.25,284655,4515339937.5,16.03413721352826,5000,USc,50,21.1955,16.5691
CORN,2020-05-12,412639,132195,1814501,322.25,280444,4518653950.0,15.455709310714075,5000,USc,50,21.1955,16.5691
CORN,2020-05-19,409081,135330,1834951,321.25,273751,4397125437.5,14.918709000948798,5000,USc,50,21.1955,16.5691
CORN,2020-05-26,410263,141823,1840617,319.5,268440,4288329000.0,14.584239958666034,5000,USc,50,21.1955,16.5691
CORN,2020-06-02,423826,148636,1905933,324.0,275190,4458078000.0,14.438597789114308,5000,USc,50,21.1955,16.5691
CORN,2020-06-09,428794,150262,1938786,327.25,278532,4557479850.0,14.366309639124689,5000,USc,50,21.1955,16.5691
CORN,2020-06-16,431565,154447,2012716,328.25,277118,4548199175.0,13.768360762273465,5000,USc,50,21.1955,16.5691
CORN,2020-06-23,455134,168325,2034732,324.5,286809,4653476025.0,14.095664687044781,5000,USc,50,21.1955,16.5691
CORN,2020-06-30,456175,157225,1926269,340.75,298950,5093360625.0,15.519639261183146,5000,USc,50,21.1955,16.5691
CORN,2020-07-07,456533,148878,1872744,352.5,307655,5422419375.0,16.428032875822858,5000,USc,50,21.1955,16.5691
CORN,2020-07-14,451615,139788,1876486,333.25,311827,5195817387.5,16.617603328775168,5000,USc,50,21.1955,16.5691
CORN,2020-07-21,451431,142915,1905548,331.0,308516,5105939800.0,16.190408218528212,5000,USc,50,21.1955,16.5691
CORN,2020-07-28,444949,134628,1950332,330.0,310321,5120296500.0,15.911188454068334,5000,USc,50,21.1955,16.5691
CORN,2020-08-04,466581,155436,2030923,320.5,311145,4986098625.0,15.32037403682956,5000,USc,50,21.1955,16.5691
CORN,2020-08-11,442227,132812,1990550,323.75,309415,5008655312.5,15.544196327648137,5000,USc,50,21.1955,16.5691
CORN,2020-08-18,464009,154623,1936499,341.75,309386,5286633275.0,15.976563891848125,5000,USc,50,21.1955,16.5691
CORN,2020-08-25,437620,120586,1730455,354.0,317034,5611501800.0,18.32084625141942,5000,USc,50,21.1955,16.5691
CORN,2020-09-01,441735,109012,1722881,358.0,332723,5955741700.0,19.31201284360324,5000,USc,50,21.1955,16.5691
CORN,2020-09-08,444225,107513,1751115,361.5,336712,6086069400.0,19.228434454618913,5000,USc,50,21.1955,16.5691
CORN,2020-09-15,452968,113788,1837646,366.25,339180,6211233750.0,18.457308970280454,5000,USc,50,21.1955,16.5691
CORN,2020-09-22,456557,111737,1912306,369.25,344820,6366239250.0,18.031633012708216,5000,USc,50,21.1955,16.5691
CORN,2020-09-29,434916,98956,1879842,364.5,335960,6122871000.0,17.871714750494988,5000,USc,50,21.1955,16.5691
CORN,2020-10-06,440015,107391,1974057,384.75,332624,6398854200.0,16.84976674938971,5000,USc,50,21.1955,16.5691
CORN,2020-10-13,433812,108219,2004401,391.5,325593,6373482975.0,16.24390528641724,5000,USc,50,21.1955,16.5691
CORN,2020-10-20,454809,124426,2150651,409.0,330383,6756332350.0,15.361999692186226,5000,USc,50,21.1955,16.5691
CORN,2020-10-27,471111,131599,2157487,415.75,339512,7057605700.0,15.736456349447298,5000,USc,50,21.1955,16.5691
CORN,2020-11-03,485431,135557,2188941,400.25,349874,7001853425.0,15.983710844650451,5000,USc,50,21.1955,16.5691
CORN,2020-11-10,514806,149102,2325019,422.0,365704,7716354400.0,15.72907576239162,5000,USc,50,21.1955,16.5691
CORN,2020-11-17,542021,162335,2343213,419.75,379686,7968659925.0,16.20364857996264,5000,USc,50,21.1955,16.5691
CORN,2020-11-24,530077,141944,2136443,432.5,388133,8393376125.0,18.167252765461093,5000,USc,50,21.1955,16.5691
CORN,2020-12-01,532653,143372,2078871,420.25,389281,8179767012.5,18.72559673014824,5000,USc,50,21.1955,16.5691
CORN,2020-12-08,538578,148897,2089840,420.25,389681,8188172012.5,18.64645140297822,5000,USc,50,21.1955,16.5691
CORN,2020-12-15,551620,157676,2117529,425.0,393944,8371310000.0,18.60394828122779,5000,USc,50,21.1955,16.5691
CORN,2020-12-21,568400,168850,2191529,440.0,399550,8790100000.0,18.231563442692295,5000,USc,50,21.1955,16.5691
CORN,2020-12-29,576548,174452,2243733,466.25,402096,9373863000.0,17.920848871055515,5000,USc,50,21.1955,16.5691
CORN,2021-01-05,591519,182441,2379202,493.0,409078,10083772700.0,17.19391627949203,5000,USc,50,21.071,15.7549
CORN,2021-01-12,604088,204796,2580675,517.25,399292,10326689350.0,15.472386100535712,5000,USc,50,21.071,15.7549
CORN,2021-01-19,604872,204669,2609505,525.0,400203,10505328750.0,15.336356895273243,5000,USc,50,21.071,15.7549
CORN,2021-01-26,587293,189044,2574864,531.25,398249,10578489062.5,15.466797469691604,5000,USc,50,21.071,15.7549
CORN,2021-02-02,583323,196698,2639800,542.75,386625,10492035937.5,14.645995908780968,5000,USc,50,21.071,15.7549
CORN,2021-02-09,591289,196147,2693387,555.75,395142,10980008325.0,14.670821534372891,5000,USc,50,21.071,15.7549
CORN,2021-02-16,590753,188677,2664969,551.75,402076,11092271650.0,15.087455051071888,5000,USc,50,21.071,15.7549
CORN,2021-02-23,570470,164341,2462699,553.0,406129,11229466850.0,16.49121553222704,5000,USc,50,21.071,15.7549
CORN,2021-03-02,570294,163354,2358552,544.25,406940,11073854750.0,17.253806572846393,5000,USc,50,21.071,15.7549
CORN,2021-03-09,571846,163748,2374719,545.75,408098,11135974175.0,17.185106953706946,5000,USc,50,21.071,15.7549
CORN,2021-03-16,584369,170186,2389663,553.5,414183,11462514525.0,17.33227655949814,5000,USc,50,21.071,15.7549
CORN,2021-03-23,576292,158284,2341060,551.75,418008,11531795700.0,17.855501354087462,5000,USc,50,21.071,15.7549
CORN,2021-03-30,572851,153865,2320111,537.75,418986,11265486075.0,18.058877355436874,5000,USc,50,21.071,15.7549
CORN,2021-04-06,575340,160904,2364959,554.75,414436,11495418550.0,17.52402472939277,5000,USc,50,21.071,15.7549
CORN,2021-04-13,574555,161150,2448675,580.25,413405,11993912562.5,16.882803965409863,5000,USc,50,21.071,15.7549
CORN,2021-04-20,588979,172200,2547704,607.75,416779,12664871862.5,16.359004028725472,5000,USc,50,21.071,15.7549
CORN,2021-04-27,565905,152074,2399229,656.25,413831,13578829687.5,17.24849941377001,5000,USc,50,21.071,15.7549
CORN,2021-05-04,564737,148972,2438342,697.75,415765,14505001437.5,17.05113556670885,5000,USc,50,21.071,15.7549
CORN,2021-05-11,580832,166224,2557937,724.0,414608,15008809600.0,16.208686922312783,5000,USc,50,21.071,15.7549
CORN,2021-05-18,576196,150058,2493255,659.25,426138,14046573825.0,17.091633226444948,5000,USc,50,21.071,15.7549
CORN,2021-05-25,571869,141950,2433267,620.75,429919,13343610962.5,17.668385754625366,5000,USc,50,21.071,15.7549
CORN,2021-06-01,588014,154998,2527672,687.25,433016,14879512300.0,17.13102016400862,5000,USc,50,21.071,15.7549
CORN,2021-06-08,590063,163286,2559044,682.25,426777,14558430412.5,16.677204456039053,5000,USc,50,21.071,15.7549
CORN,2021-06-15,604963,172203,2538875,666.25,432760,14416317500.0,17.04534488700704,5000,USc,50,21.071,15.7549
CORN,2021-06-22,593081,166094,2414293,539.25,426987,11512636987.5,17.68579869966073,5000,USc,50,21.071,15.7549
CORN,2021-06-29,567914,125619,2063095,546.5,442295,12085710875.0,21.43842140085648,5000,USc,50,21.071,15.7549
CORN,2021-07-06,563024,122466,2095646,539.75,440558,11889559025.0,21.022539112044687,5000,USc,50,21.071,15.7549
CORN,2021-07-13,550858,118872,2055274,541.0,431986,11685221300.0,21.018414089800192,5000,USc,50,21.071,15.7549
CORN,2021-07-20,547961,118129,2063723,566.25,429832,12169618500.0,20.82798902759721,5000,USc,50,21.071,15.7549
CORN,2021-07-27,540672,108530,1976722,546.5,432142,11808280150.0,21.861546540181166,5000,USc,50,21.071,15.7549
CORN,2021-08-03,537496,106857,1992118,552.25,430639,11891019387.5,21.617143161198282,5000,USc,50,21.071,15.7549
CORN,2021-08-10,523493,102995,1973657,553.5,420498,11637282150.0,21.305525732181426,5000,USc,50,21.071,15.7549
CORN,2021-08-17,518283,103973,1989268,564.5,414310,11693899750.0,20.827259072181327,5000,USc,50,21.071,15.7549
CORN,2021-08-24,512449,103098,1985043,544.25,409351,11139464087.5,20.621769906243845,5000,USc,50,21.071,15.7549
CORN,2021-08-31,484322,81239,1806045,534.75,403083,10777431712.5,22.318546880061128,5000,USc,50,21.071,15.7549
CORN,2021-09-07,474558,83029,1824181,510.25,391529,9988883612.5,21.463275848175154,5000,USc,50,21.071,15.7549
CORN,2021-09-14,465132,83668,1819484,521.25,381464,9941905500.0,20.96550450567304,5000,USc,50,21.071,15.7549
CORN,2021-09-21,466194,87632,1825578,516.5,378562,9776363650.0,20.73655576480435,5000,USc,50,21.071,15.7549
CORN,2021-09-28,458311,77836,1824772,532.75,380475,10134902812.5,20.850550096121598,5000,USc,50,21.071,15.7549
CORN,2021-10-05,462414,78163,1826338,537.0,384251,10317139350.0,21.039424246771407,5000,USc,50,21.071,15.7549
CORN,2021-10-12,464112,76555,1830438,523.75,387557,10149148937.5,21.172910527425675,5000,USc,50,21.071,15.7549
CORN,2021-10-19,459828,76141,1830900,530.0,383687,10167705500.0,20.956196406139057,5000,USc,50,21.071,15.7549
CORN,2021-10-26,466775,76382,1880818,542.5,390393,10589410125.0,20.756553797337116,5000,USc,50,21.071,15.7549
CORN,2021-11-02,477768,82748,1988278,572.5,395020,11307447500.0,19.867443083914825,5000,USc,50,21.071,15.7549
CORN,2021-11-09,489468,83970,2002111,555.5,405498,11262706950.0,20.253522407099307,5000,USc,50,21.071,15.7549
CORN,2021-11-16,518261,108854,2075468,570.25,409407,11673217087.5,19.726008784524744,5000,USc,50,21.071,15.7549
CORN,2021-11-23,526666,108912,2099574,581.0,417754,12135753700.0,19.897083884635645,5000,USc,50,21.071,15.7549
CORN,2021-11-30,480068,49025,1681394,568.75,431043,12257785312.5,25.636049611215455,5000,USc,50,21.071,15.7549
CORN,2021-12-07,477811,52029,1724182,586.25,425782,12480734875.0,24.69472480283404,5000,USc,50,21.071,15.7549
CORN,2021-12-14,478278,51462,1757032,590.25,426816,12596407200.0,24.291874023922162,5000,USc,50,21.071,15.7549
CORN,2021-12-21,485514,57824,1801189,598.0,427690,12787931000.0,23.744870749266177,5000,USc,50,21.071,15.7549
CORN,2021-12-28,492178,57944,1843102,604.0,434234,13113866800.0,23.559954902116107,5000,USc,50,21.071,15.7549
CORN,2022-01-04,499634,60806,1865691,609.25,438828,13367797950.0,23.520936746760317,5000,USc,50,23.496,15.9957
CORN,2022-01-11,510870,65297,1861529,601.0,445573,13389468650.0,23.93586132689848,5000,USc,50,23.496,15.9957
CORN,2022-01-18,504166,62010,1828316,600.25,442156,13270206950.0,24.183784422386502,5000,USc,50,23.496,15.9957
CORN,2022-01-25,511570,69180,1903794,619.25,442390,13697500375.0,23.23728302536934,5000,USc,50,23.496,15.9957
CORN,2022-02-01,516525,80896,1979521,634.5,435629,13820330025.0,22.006788510957954,5000,USc,50,23.496,15.9957
CORN,2022-02-08,528632,86877,1998012,632.25,441755,13964979937.5,22.109727068706295,5000,USc,50,23.496,15.9957
CORN,2022-02-15,537978,103070,2062677,637.0,434908,13851819800.0,21.084639039461823,5000,USc,50,23.496,15.9957
CORN,2022-02-22,530337,85303,1947320,676.25,445034,15047712125.0,22.85366555060288,5000,USc,50,23.496,15.9957
CORN,2022-03-01,533304,89295,1977728,725.75,444009,16111976587.5,22.450458303669667,5000,USc,50,23.496,15.9957
CORN,2022-03-08,541675,99141,2054595,753.25,442534,16666936775.0,21.53874607891093,5000,USc,50,23.496,15.9957
CORN,2022-03-15,569378,102346,2083011,757.75,467032,17694674900.0,22.42100497789018,5000,USc,50,23.496,15.9957
CORN,2022-03-22,580679,105925,2149285,751.75,474754,17844815975.0,22.08892724789872,5000,USc,50,23.496,15.9957
CORN,2022-03-29,575423,89878,2062031,728.0,485545,17673838000.0,23.546930186791563,5000,USc,50,23.496,15.9957
CORN,2022-04-05,592681,98945,2170866,760.5,493736,18774311400.0,22.743734528063918,5000,USc,50,23.496,15.9957
CORN,2022-04-12,599509,107813,2263395,774.75,491696,19047073800.0,21.723826375864576,5000,USc,50,23.496,15.9957
CORN,2022-04-19,606171,119890,2363241,799.0,486281,19426925950.0,20.576868800092754,5000,USc,50,23.496,15.9957
CORN,2022-04-26,591236,105583,2157559,802.25,485653,19480755962.5,22.509372860718987,5000,USc,50,23.496,15.9957
CORN,2022-05-03,591007,108823,2172898,793.25,482184,19124622900.0,22.19082534016783,5000,USc,50,23.496,15.9957
CORN,2022-05-10,588518,106755,2168588,775.75,481763,18686382362.5,22.215515349158068,5000,USc,50,23.496,15.9957
CORN,2022-05-17,596222,113273,2256288,801.75,482949,19360218037.5,21.404581330042973,5000,USc,50,23.496,15.9957
CORN,2022-05-24,581714,104934,2188145,770.0,476780,18356030000.0,21.78923243203718,5000,USc,50,23.496,15.9957
CORN,2022-05-31,572524,105424,2212940,753.0,467100,17586315000.0,21.107666723905755,5000,USc,50,23.496,15.9957
CORN,2022-06-07,570110,112345,2217675,757.25,457765,17332127312.5,20.641663002919724,5000,USc,50,23.496,15.9957
CORN,2022-06-14,587976,134348,2214773,767.0,453628,17396633800.0,20.481918462975663,5000,USc,50,23.496,15.9957
CORN,2022-06-21,576576,134296,2199804,760.5,442280,16817697000.0,20.105427574456634,5000,USc,50,23.496,15.9957
CORN,2022-06-28,516791,92078,1855971,657.0,424713,13951822050.0,22.883601090749803,5000,USc,50,23.496,15.9957
CORN,2022-07-05,502011,96412,1854508,578.0,405599,11721811100.0,21.870976021672593,5000,USc,50,23.496,15.9957
CORN,2022-07-12,492578,101025,1906814,586.5,391553,11482291725.0,20.534409753651904,5000,USc,50,23.496,15.9957
CORN,2022-07-19,484524,102832,1878222,595.25,381692,11360108150.0,20.321985367011994,5000,USc,50,23.496,15.9957
CORN,2022-07-26,465747,89016,1812824,599.25,376731,11287802587.5,20.781443758467454,5000,USc,50,23.496,15.9957
CORN,2022-08-02,467584,86909,1835694,593.0,380675,11287013750.0,20.737388693322526,5000,USc,50,23.496,15.9957
CORN,2022-08-09,456179,83959,1803434,613.5,372220,11417848500.0,20.639513284101334,5000,USc,50,23.496,15.9957
CORN,2022-08-16,456586,84195,1803247,610.0,372391,11357925500.0,20.651136533153807,5000,USc,50,23.496,15.9957
CORN,2022-08-23,471938,98118,1848801,655.75,373820,12256623250.0,20.219590967335048,5000,USc,50,23.496,15.9957
CORN,2022-08-30,459414,83551,1716908,678.5,375863,12751152275.0,21.89185442667866,5000,USc,50,23.496,15.9957
CORN,2022-09-06,457794,85858,1730634,676.0,371936,12571436800.0,21.49131474361419,5000,USc,50,23.496,15.9957
CORN,2022-09-13,466125,95234,1792121,690.75,370891,12809647912.5,20.695644992720915,5000,USc,50,23.496,15.9957
CORN,2022-09-20,466164,94817,1817528,691.5,371347,12839322525.0,20.431432142998624,5000,USc,50,23.496,15.9957
CORN,2022-09-27,448990,87256,1787424,668.5,361734,12090958950.0,20.23772759009614,5000,USc,50,23.496,15.9957
CORN,2022-10-04,440482,90901,1829430,684.0,349581,11955670200.0,19.108738787491188,5000,USc,50,23.496,15.9957
CORN,2022-10-11,454305,98049,1886410,693.0,356256,12344270400.0,18.885396069783344,5000,USc,50,23.496,15.9957
CORN,2022-10-18,447367,91247,1856288,681.75,356120,12139240500.0,19.18452309124446,5000,USc,50,23.496,15.9957
CORN,2022-10-25,449400,87912,1862587,684.5,361488,12371926800.0,19.40784511005392,5000,USc,50,23.496,15.9957
CORN,2022-11-01,453034,94339,1916119,696.75,358695,12496037062.5,18.719870738717166,5000,USc,50,23.496,15.9957
CORN,2022-11-08,459843,99271,1920077,666.75,360572,12020569050.0,18.779038548974857,5000,USc,50,23.496,15.9957
CORN,2022-11-15,459189,97837,1851206,666.5,361352,12042055400.0,19.51981573093432,5000,USc,50,23.496,15.9957
CORN,2022-11-22,458699,99039,1766134,657.5,359660,11823822500.0,20.3642532220092,5000,USc,50,23.496,15.9957
CORN,2022-11-29,424087,60937,1453268,669.0,363150,12147367500.0,24.98850865772865,5000,USc,50,23.496,15.9957
CORN,2022-12-06,424314,65811,1486178,637.5,358503,11427283125.0,24.12248061806863,5000,USc,50,23.496,15.9957
CORN,2022-12-13,414007,67170,1457563,652.5,346837,11315557125.0,23.795678128492558,5000,USc,50,23.496,15.9957
CORN,2022-12-20,409513,66879,1443655,652.0,342634,11169868400.0,23.733786811946068,5000,USc,50,23.496,15.9957
CORN,2022-12-27,409057,60576,1423239,674.0,348481,11743809700.0,24.485065403632138,5000,USc,50,23.496,15.9957
CORN,2023-01-03,423832,62762,1469933,672.25,361070,12136465375.0,24.563704604223457,5000,USc,50,23.7352,15.9
CORN,2023-01-10,426031,70213,1481932,655.0,355818,11653039500.0,24.01041343327494,5000,USc,50,23.7352,15.9
CORN,2023-01-17,427726,75408,1552011,686.25,352318,12088911375.0,22.700741167427292,5000,USc,50,23.7352,15.9
CORN,2023-01-24,432276,76934,1587621,677.25,355342,12032768475.0,22.38204206167593,5000,USc,50,23.7352,15.9
CORN,2023-01-31,430736,75910,1602455,679.25,354826,12050778025.0,22.14264987160326,5000,USc,50,23.7352,15.9
CORN,2023-02-07,432886,74983,1622738,674.0,357903,12061331100.0,22.05550125775079,5000,USc,50,23.7352,15.9
CORN,2023-02-14,439289,83603,1685824,682.25,355686,12133338675.0,21.098643749288183,5000,USc,50,23.7352,15.9
CORN,2023-02-21,435366,84499,1647324,681.0,350867,11947021350.0,21.29921011288611,5000,USc,50,23.7352,15.9
CORN,2023-02-28,415378,85852,1522958,630.25,329526,10384188075.0,21.637234907331653,5000,USc,50,23.7352,15.9
CORN,2023-03-07,407497,95665,1564601,635.0,311832,9900666000.0,19.930448721431215,5000,USc,50,23.7352,15.9
CORN,2023-03-14,407738,109375,1667603,621.0,298363,9264171150.0,17.891728426969728,5000,USc,50,23.7352,15.9
CORN,2023-03-21,399601,117867,1690830,629.5,281734,8867577650.0,16.66246754552498,5000,USc,50,23.7352,15.9
CORN,2023-03-28,396604,114100,1670838,646.75,282504,9135473100.0,16.907922850689296,5000,USc,50,23.7352,15.9
CORN,2023-04-04,400584,108510,1670937,653.5,292074,9543517950.0,17.479653631465457,5000,USc,50,23.7352,15.9
CORN,2023-04-11,404280,105290,1681027,651.75,298990,9743336625.0,17.786150966046353,5000,USc,50,23.7352,15.9
CORN,2023-04-18,431981,114141,1690262,676.5,317840,10750938000.0,18.8041853866442,5000,USc,50,23.7352,15.9
CORN,2023-04-25,424072,107805,1569537,607.75,316267,9610563462.5,20.150337328779123,5000,USc,50,23.7352,15.9
CORN,2023-05-02,429092,143798,1619667,578.75,285294,8255695125.0,17.614361470598585,5000,USc,50,23.7352,15.9
CORN,2023-05-09,427456,148965,1680175,585.75,278491,8156305162.5,16.575118663234484,5000,USc,50,23.7352,15.9
CORN,2023-05-16,440162,162631,1754792,581.75,277531,8072682962.5,15.815606636000165,5000,USc,50,23.7352,15.9
CORN,2023-05-23,440341,158872,1774459,577.75,281469,8130935737.5,15.862243083666627,5000,USc,50,23.7352,15.9
CORN,2023-05-30,444562,153119,1761882,594.0,291443,8655857100.0,16.54157315870189,5000,USc,50,23.7352,15.9
CORN,2023-06-06,455686,152229,1785372,607.5,303457,9217506375.0,16.996849956199604,5000,USc,50,23.7352,15.9
CORN,2023-06-13,442104,123636,1775421,611.5,318468,9737159100.0,17.937604658275415,5000,USc,50,23.7352,15.9
CORN,2023-06-20,470658,125133,1876435,596.5,345525,10305283125.0,18.413907223005328,5000,USc,50,23.7352,15.9
CORN,2023-06-27,443497,99479,1691668,560.5,344018,9641104450.0,20.336023380474185,5000,USc,50,23.7352,15.9
CORN,2023-07-03,448790,140451,1773049,493.25,308339,7604410587.5,17.39032593007864,5000,USc,50,23.7352,15.9
CORN,2023-07-11,437859,151356,1754033,501.5,286503,7184062725.0,16.333957228854874,5000,USc,50,23.7352,15.9
CORN,2023-07-18,446207,140604,1795710,532.5,305603,8136679875.0,17.018505215207355,5000,USc,50,23.7352,15.9
CORN,2023-07-25,446162,121110,1746270,565.75,325052,9194908450.0,18.614074570369986,5000,USc,50,23.7352,15.9
CORN,2023-08-01,450113,130376,1790636,508.0,319737,8121319800.0,17.856057847602752,5000,USc,50,23.7352,15.9
CORN,2023-08-08,420922,133241,1766694,499.25,287681,7181236962.5,16.283578254072296,5000,USc,50,23.7352,15.9
CORN,2023-08-15,422900,139707,1801252,473.75,283193,6708134187.5,15.722008913799957,5000,USc,50,23.7352,15.9
CORN,2023-08-22,422838,144397,1811682,479.0,278441,6668661950.0,15.369198347171304,5000,USc,50,23.7352,15.9
CORN,2023-08-29,378545,102170,1582086,487.25,276375,6733185937.5,17.469025071961955,5000,USc,50,23.7352,15.9
CORN,2023-09-05,363337,104458,1604578,486.5,258879,6297231675.0,16.13377473703366,5000,USc,50,23.7352,15.9
CORN,2023-09-12,365532,106431,1665919,477.0,259101,6179558850.0,15.553037092439666,5000,USc,50,23.7352,15.9
CORN,2023-09-19,359094,110401,1676086,476.0,248693,5918893400.0,14.837723123992443,5000,USc,50,23.7352,15.9
CORN,2023-09-26,358891,112213,1691972,479.5,246678,5914105050.0,14.579319279515262,5000,USc,50,23.7352,15.9
CORN,2023-10-03,361929,107164,1724511,487.75,254765,6213081437.5,14.773173380743875,5000,USc,50,23.7352,15.9
CORN,2023-10-10,351623,103661,1734458,486.0,247962,6025476600.0,14.29622395007547,5000,USc,50,23.7352,15.9
CORN,2023-10-17,351284,106660,1737540,488.75,244624,5977999000.0,14.078755021467131,5000,USc,50,23.7352,15.9
CORN,2023-10-24,350923,109117,1788615,483.25,241806,5842637475.0,13.51917545139675,5000,USc,50,23.7352,15.9
CORN,2023-10-31,354975,117545,1775914,479.0,237430,5686448500.0,13.369453701023811,5000,USc,50,23.7352,15.9
CORN,2023-11-07,351272,123078,1830388,469.0,228194,5351149300.0,12.466974215302985,5000,USc,50,23.7352,15.9
CORN,2023-11-14,353355,123216,1837197,478.5,230139,5506075575.0,12.526637045455658,5000,USc,50,23.7352,15.9
CORN,2023-11-21,363049,128864,1809415,470.25,234185,5506274812.5,12.942580889403482,5000,USc,50,23.7352,15.9
CORN,2023-11-28,329741,105885,1524237,473.75,223856,5302589000.0,14.686429997434782,5000,USc,50,23.7352,15.9
CORN,2023-12-05,332454,109077,1505781,490.25,223377,5475528712.5,14.834627346207716,5000,USc,50,23.7352,15.9
CORN,2023-12-12,334457,113142,1504457,484.75,221315,5364122312.5,14.710623168359083,5000,USc,50,23.7352,15.9
CORN,2023-12-19,332602,120740,1541649,472.75,211862,5007888025.0,13.742557482280338,5000,USc,50,23.7352,15.9
CORN,2023-12-26,332896,121657,1533323,480.5,211239,5075016975.0,13.776549363702234,5000,USc,50,23.7352,15.9
CORN,2024-01-02,346640,128672,1601347,464.5,217968,5062306800.0,13.611540784102383,5000,USc,50,22.7199,15.8622
CORN,2024-01-09,369338,137858,1713898,459.0,231480,5312466000.0,13.506054619353078,5000,USc,50,22.7199,15.8622
CORN,2024-01-16,402535,150776,1852331,443.5,251759,5582755825.0,13.591469343222135,5000,USc,50,22.7199,15.8622
CORN,2024-01-23,412774,162398,1958230,446.75,250376,5592773900.0,12.785832103481203,5000,USc,50,22.7199,15.8622
CORN,2024-01-30,432814,161232,1963831,447.75,271582,6080042025.0,13.829194059977667,5000,USc,50,22.7199,15.8622
CORN,2024-02-06,449534,164424,1995994,438.25,285110,6247472875.0,14.284111074482189,5000,USc,50,22.7199,15.8622
CORN,2024-02-13,452789,161443,2038849,431.5,291346,6285789950.0,14.289729156009102,5000,USc,50,22.7199,15.8622
CORN,2024-02-20,459505,169257,2053885,419.0,290248,6080695600.0,14.131657809468399,5000,USc,50,22.7199,15.8622
CORN,2024-02-27,457578,185827,1896360,424.25,271751,5764518087.5,14.330137737560378,5000,USc,50,22.7199,15.8622
CORN,2024-03-05,471487,191578,1914649,425.75,279909,5958562837.5,14.619337539152086,5000,USc,50,22.7199,15.8622
CORN,2024-03-12,480203,193732,1961433,441.75,286471,6327428212.5,14.605189165268454,5000,USc,50,22.7199,15.8622
CORN,2024-03-19,493649,211388,1999136,439.25,282261,6199157212.5,14.11914947257215,5000,USc,50,22.7199,15.8622
CORN,2024-03-26,496296,214095,2017822,432.25,282201,6099069112.5,13.985425870071792,5000,USc,50,22.7199,15.8622
CORN,2024-04-02,503209,213154,2056525,427.75,290055,6203551312.5,14.104131970192435,5000,USc,50,22.7199,15.8622
CORN,2024-04-09,472584,193984,1999925,431.25,278600,6007312500.0,13.930522394589797,5000,USc,50,22.7199,15.8622
CORN,2024-04-16,483206,204826,1966208,431.0,278380,5999089000.0,14.158217238461038,5000,USc,50,22.7199,15.8622
CORN,2024-04-23,492786,214477,1969357,452.5,278309,6296741125.0,14.131973024697908,5000,USc,50,22.7199,15.8622
CORN,2024-04-30,483855,193289,1805673,447.25,290566,6497782175.0,16.09183944158217,5000,USc,50,22.7199,15.8622
CORN,2024-05-07,499746,179158,1895082,467.25,320588,7489737150.0,16.916840537770923,5000,USc,50,22.7199,15.8622
CORN,2024-05-14,516104,188493,1973804,468.0,327611,7666097400.0,16.597949948424464,5000,USc,50,22.7199,15.8622
CORN,2024-05-21,513464,198990,1993404,458.0,314474,7201454600.0,15.775728352105242,5000,USc,50,22.7199,15.8622
CORN,2024-05-28,491407,193059,1963843,463.25,298348,6910485550.0,15.192049466276073,5000,USc,50,22.7199,15.8622
CORN,2024-06-04,507889,233598,2067099,442.0,274291,6061831100.0,13.269369294842676,5000,USc,50,22.7199,15.8622
CORN,2024-06-11,479412,206943,2057510,449.25,272469,6120334912.5,13.242657386841374,5000,USc,50,22.7199,15.8622
CORN,2024-06-18,462147,195683,2048596,448.0,266464,5968793600.0,13.007152215468546,5000,USc,50,22.7199,15.8622
CORN,2024-06-25,438113,188992,1922363,441.5,249121,5499346075.0,12.95910293737447,5000,USc,50,22.7199,15.8622
CORN,2024-07-02,443980,202846,1973475,421.25,241134,5078884875.0,12.21875118762589,5000,USc,50,22.7199,15.8622
CORN,2024-07-09,456562,212356,2038166,408.0,244206,4981802400.0,11.981654094906892,5000,USc,50,22.7199,15.8622
CORN,2024-07-16,448531,208698,2074692,409.25,239833,4907582762.5,11.559932751463831,5000,USc,50,22.7199,15.8622
CORN,2024-07-23,456748,213280,2106746,417.0,243468,5076307800.0,11.55659011575197,5000,USc,50,22.7199,15.8622
CORN,2024-07-30,438164,198889,2024400,404.25,239275,4836345937.5,11.819551472041098,5000,USc,50,22.7199,15.8622
CORN,2024-08-06,427805,202079,2016786,404.0,225726,4559665200.0,11.192362501524704,5000,USc,50,22.7199,15.8622
CORN,2024-08-13,430117,215911,2039692,397.0,214206,4251989100.0,10.501879695561879,5000,USc,50,22.7199,15.8622
CORN,2024-08-20,413719,183333,2005047,398.5,230386,4590441050.0,11.490304217307624,5000,USc,50,22.7199,15.8622
CORN,2024-08-27,382420,151106,1777126,392.5,231314,4539537250.0,13.01618455866382,5000,USc,50,22.7199,15.8622
CORN,2024-09-03,397102,151685,1702699,409.0,245417,5018777650.0,14.41341070852805,5000,USc,50,22.7199,15.8622
CORN,2024-09-10,401259,151366,1712686,404.0,249893,5047838600.0,14.590707228295205,5000,USc,50,22.7199,15.8622
CORN,2024-09-17,414289,161161,1797042,412.25,253128,5217600900.0,14.085814354923256,5000,USc,50,22.7199,15.8622
CORN,2024-09-24,414470,154196,1832471,411.75,260274,5358390975.0,14.203444420129976,5000,USc,50,22.7199,15.8622
CORN,2024-10-01,436167,148115,1902877,428.5,288052,6171514100.0,15.137709899273574,5000,USc,50,22.7199,15.8622
CORN,2024-10-08,438952,128409,1908605,420.75,310543,6533048362.5,16.270679370535024,5000,USc,50,22.7199,15.8622
CORN,2024-10-15,426942,149097,1991307,401.5,277845,5577738375.0,13.952896263609778,5000,USc,50,22.7199,15.8622
CORN,2024-10-22,435190,172215,2121387,416.5,262975,5476454375.0,12.396370864910551,5000,USc,50,22.7199,15.8622
CORN,2024-10-29,435194,148416,2131836,413.75,286778,5932719875.0,13.452160485140507,5000,USc,50,22.7199,15.8622
CORN,2024-11-05,440825,156732,2145748,418.5,284093,5944646025.0,13.239811944366252,5000,USc,50,22.7199,15.8622
CORN,2024-11-12,452970,135294,2167189,429.0,317676,6814150200.0,14.658435420260993,5000,USc,50,22.7199,15.8622
CORN,2024-11-19,463755,134405,2168691,427.25,329350,7035739375.0,15.186580291982581,5000,USc,50,22.7199,15.8622
CORN,2024-11-26,417545,91906,1903173,428.0,325639,6968674600.0,17.110320501604427,5000,USc,50,22.7199,15.8622
CORN,2024-12-03,420301,96342,1895924,432.25,323959,7001563887.5,17.08713007483422,5000,USc,50,22.7199,15.8622
CORN,2024-12-10,456952,111273,2008681,448.5,345679,7751851575.0,17.209253236327722,5000,USc,50,22.7199,15.8622
CORN,2024-12-17,482438,102672,2029695,443.5,379766,8421311050.0,18.710495911947362,5000,USc,50,22.7199,15.8622
CORN,2024-12-24,486285,112481,2065483,448.5,373804,8382554700.0,18.097655608881798,5000,USc,50,22.7199,15.8622
CORN,2024-12-31,499122,114637,2089452,458.75,384485,8819124687.5,18.401236305021605,5000,USc,50,22.7199,15.8622
CORN,2025-01-07,511030,119669,2132627,457.75,391361,8957274887.5,18.351122817070216,5000,USc,50,17.5321,15.585
CORN,2025-01-14,566209,134989,2371997,474.5,431220,10230694500.0,18.17961827101805,5000,USc,50,17.5321,15.585
CORN,2025-01-21,608016,151815,2534197,489.5,456201,11165519475.0,18.00179701893736,5000,USc,50,17.5321,15.585
CORN,2025-01-28,619862,149471,2513645,485.25,470391,11412861637.5,18.713501707679487,5000,USc,50,17.5321,15.585
CORN,2025-02-04,627665,147763,2618873,494.0,479902,11853579400.0,18.32475267032804,5000,USc,50,17.5321,15.585
CORN,2025-02-11,626555,140698,2602485,483.5,485857,11745592975.0,18.66896447049647,5000,USc,50,17.5321,15.585
CORN,2025-02-18,656775,165925,2693244,502.0,490850,12320335000.0,18.225233213180832,5000,USc,50,17.5321,15.585
CORN,2025-02-25,596320,113396,2360264,494.75,482924,11946332450.0,20.46059254388492,5000,USc,50,17.5321,15.585
CORN,2025-03-04,532297,112080,2355121,452.25,420217,9502156912.5,17.84269258352331,5000,USc,50,17.5321,15.585
CORN,2025-03-11,495629,109413,2368588,469.25,386216,9061592900.0,16.305748403690302,5000,USc,50,17.5321,15.585
CORN,2025-03-18,496929,115130,2372079,457.75,381799,8738424612.5,16.09554319227985,5000,USc,50,17.5321,15.585
CORN,2025-03-25,493600,124923,2346083,458.5,368677,8451920225.0,15.714576168021335,5000,USc,50,17.5321,15.585
CORN,2025-04-01,506024,151789,2469999,460.25,354235,8151832937.5,14.341503781985338,5000,USc,50,17.5321,15.585
CORN,2025-04-08,494193,141114,2415657,469.0,353079,8279702550.0,14.61627209492076,5000,USc,50,17.5321,15.585
CORN,2025-04-15,530201,135437,2326601,480.75,394764,9489139650.0,16.967412977128436,5000,USc,50,17.5321,15.585
CORN,2025-04-22,546453,147609,2317296,483.0,398844,9632082600.0,17.21161215485635,5000,USc,50,17.5321,15.585
CORN,2025-04-29,518059,136654,1999426,470.75,381405,8977320187.5,19.07572473299837,5000,USc,50,17.5321,15.585
CORN,2025-05-06,501867,145069,2020755,455.75,356798,8130534425.0,17.656667928571252,5000,USc,50,17.5321,15.585
CORN,2025-05-13,484448,152025,2081437,442.5,332423,7354858875.0,15.970841298583624,5000,USc,50,17.5321,15.585
CORN,2025-05-20,482546,169452,2153471,454.5,313094,7115061150.0,14.53903953199277,5000,USc,50,17.5321,15.585
CORN,2025-05-27,480080,153590,2115814,458.25,326490,7480702125.0,15.430940526908321,5000,USc,50,17.5321,15.585
CORN,2025-06-03,487463,160465,2125844,438.25,326998,7165343675.0,15.382031795371626,5000,USc,50,17.5321,15.585
CORN,2025-06-10,463398,169499,2099065,439.0,293899,6451083050.0,14.001424443740426,5000,USc,50,17.5321,15.585
CORN,2025-06-17,463047,170182,2078555,430.75,292865,6307579937.5,14.08983644887915,5000,USc,50,17.5321,15.585
CORN,2025-06-24,437280,153686,1881607,415.0,283594,5884575500.0,15.071903962942315,5000,USc,50,17.5321,15.585
CORN,2025-07-01,451570,167308,1886298,421.75,284262,5994374925.0,15.069835201012777,5000,USc,50,17.5321,15.585
CORN,2025-07-08,449757,167601,1945043,415.0,282156,5854737000.0,14.506414511144483,5000,USc,50,17.5321,15.585
CORN,2025-07-15,442816,166690,1917080,419.25,276126,5788291275.0,14.403467773906147,5000,USc,50,17.5321,15.585
CORN,2025-07-22,450345,175268,1968667,417.5,275077,5742232375.0,13.972754152936986,5000,USc,50,17.5321,15.585
CORN,2025-07-29,450612,175709,2007616,410.75,274903,5645820362.5,13.693007029232682,5000,USc,50,17.5321,15.585
CORN,2025-08-05,453009,186437,2105137,401.5,266572,5351432900.0,12.662928826009898,5000,USc,50,17.5321,15.585
CORN,2025-08-12,441816,179771,2115219,394.5,262045,5168837625.0,12.388551729159014,5000,USc,50,17.5321,15.585
CORN,2025-08-19,436526,167824,2088293,403.0,268702,5414345300.0,12.86706415239624,5000,USc,50,17.5321,15.585
CORN,2025-08-26,426689,132139,1848252,409.25,294550,6027229375.0,15.936679630266868,5000,USc,50,17.5321,15.585
CORN,2025-09-02,441423,134240,1895198,423.0,307183,6496920450.0,16.208491144460897,5000,USc,50,17.5321,15.585
CORN,2025-09-09,445173,135584,1931195,419.5,309589,6493629275.0,16.030954926871704,5000,USc,50,17.5321,15.585
CORN,2025-09-16,440848,141227,2015915,429.0,299621,6426870450.0,14.862779432664572,5000,USc,50,17.5321,15.585
CORN,2025-09-23,424074,138032,2040300,425.75,286042,6089119075.0,14.019604960054894,5000,USc,50,17.5321,15.585
CORN,2025-09-30,400167,130471,1983374,416.0,269696,5609676800.0,13.597838834228945,5000,USc,50,17.5321,15.585
CORN,2025-10-07,406725,148452,2052178,419.25,258273,5414047762.5,12.585311800438365,5000,USc,50,17.5321,15.585
CORN,2025-10-14,430641,169792,2139687,413.25,260849,5389792462.5,12.190988681989468,5000,USc,50,17.5321,15.585
CORN,2025-10-21,435769,175645,2139902,419.75,260124,5459352450.0,12.15588377411676,5000,USc,50,17.5321,15.585
CORN,2025-10-28,454921,180284,2105097,431.75,274637,5928726237.5,13.04628717821554,5000,USc,50,17.5321,15.585
CORN,2025-11-04,464493,164277,2113071,430.75,300216,6465902100.0,14.20756803723112,5000,USc,50,17.5321,15.585
CORN,2025-11-10,462122,159489,2097408,429.25,302633,6495260762.5,14.428904628951544,5000,USc,50,17.5321,15.585
CORN,2025-11-18,475973,159913,2136630,435.5,316060,6882206500.0,14.792453536644153,5000,USc,50,17.5321,15.585
CORN,2025-11-25,433779,106288,1841219,438.25,327491,7176146537.5,17.786640263868666,5000,USc,50,17.5321,15.585
CORN,2025-12-02,443529,113278,1838317,449.75,330251,7426519362.5,17.96485589808504,5000,USc,50,17.5321,15.585
CORN,2025-12-09,442105,112663,1860019,448.0,329442,7379500800.0,17.71175455734592,5000,USc,50,17.5321,15.585
CORN,2025-12-16,433220,110426,1916455,436.0,322794,7036909200.0,16.8432861716033,5000,USc,50,17.5321,15.585
CORN,2025-12-23,427653,121016,1938042,447.25,306637,6857169912.5,15.821999729624023,5000,USc,50,17.5321,15.585
CORN,2025-12-30,422473,124465,1910488,440.5,298008,6563626200.0,15.598527706010193,5000,USc,50,17.5321,15.585
CORN,2026-01-06,421547,125040,1915459,443.75,296507,6578749062.5,15.479683981750588,5000,USc,50,16.5656,15.3705
CORN,2026-01-13,441781,125016,2035735,420.25,316765,6656024562.5,15.560227632771456,5000,USc,50,16.5656,15.3705
CORN,2026-01-20,445286,135284,2088297,424.0,310002,6572042400.0,14.844727545938149,5000,USc,50,16.5656,15.3705
CORN,2026-01-27,430942,132656,2092648,426.5,298286,6360948950.0,14.253997805651023,5000,USc,50,16.5656,15.3705
CORN,2026-02-03,442524,131516,2142087,428.75,311008,6667234000.0,14.518924768228366,5000,USc,50,16.5656,15.3705
CORN,2026-02-10,450175,127101,2158210,428.75,323074,6925898875.0,14.969534938676032,5000,USc,50,16.5656,15.3705
CORN,2026-02-17,458177,137064,2203979,426.5,321113,6847734725.0,14.569694175851946,5000,USc,50,16.5656,15.3705
CORN,2026-02-24,434140,110216,1995866,439.0,323924,7110131800.0,16.229746886815047,5000,USc,50,16.5656,15.3705
CORN,2026-03-03,448586,108155,2018287,446.25,340431,7595866687.5,16.86732362642181,5000,USc,50,16.5656,15.3705
CORN,2026-03-10,489861,104954,2219481,453.75,384907,8732577562.5,17.342207480037,5000,USc,50,16.5656,15.3705
CORN,2026-03-17,505790,109180,2322043,454.5,396610,9012962250.0,17.0802177220663,5000,USc,50,16.5656,15.3705
CORN,2026-03-24,518210,121784,2395789,462.25,396426,9162395925.0,16.546782709161782,5000,USc,50,16.5656,15.3705
CORN,2026-03-31,501282,113419,2367004,458.5,387863,8891759275.0,16.386241848344994,5000,USc,50,16.5656,15.3705
CORN,2026-04-07,497171,114631,2350220,448.75,382540,8583241250.0,16.2767740892342,5000,USc,50,16.5656,15.3705
CORN,2026-04-14,468349,120288,2357628,443.0,348061,7709551150.0,14.763185710383485,5000,USc,50,16.5656,15.3705
CORN,2026-04-21,483285,115855,2380698,453.75,367430,8336068125.0,15.433708937462878,5000,USc,50,16.5656,15.3705
CORN,2026-04-28,497410,96485,2330624,475.5,400925,9531991875.0,17.202474530426187,5000,USc,50,16.5656,15.3705
CORN,2026-05-05,552323,110485,2515587,479.75,441838,10598589025.0,17.564011898614517,5000,USc,50,16.5656,15.3705
CORN,2026-05-12,548684,109746,2533115,478.75,438938,10507078375.0,17.327993399431136,5000,USc,50,16.5656,15.3705
CORN,2026-05-19,561618,122046,2562271,475.25,439572,10445329650.0,17.155562389770637,5000,USc,50,16.5656,15.3705
CORN,2026-05-26,546736,114129,2432970,458.0,432607,9906700300.0,17.781024837955258,5000,USc,50,16.5656,15.3705
CORN,2026-06-02,518723,126090,2454804,440.0,392633,8637926000.0,15.994474507944423,5000,USc,50,16.5656,15.3705
CORN,2026-06-09,503470,146607,2566213,420.0,356863,7494123000.0,13.906211214735487,5000,USc,50,16.5656,15.3705
CORN,2026-06-16,515679,164871,2661920,414.25,350808,7266110700.0,13.178758189577447,5000,USc,50,16.5656,15.3705
CORN,2026-06-23,507013,167487,2639787,410.0,339526,6960283000.0,12.861871052475069,5000,USc,50,16.5656,15.3705
CORN,2026-06-30,449375,144789,2299954,436.5,304586,6647589450.0,13.24313442790595,5000,USc,50,16.5656,15.3705
CORN,2026-07-07,438279,146430,2344882,463.5,291849,6763600575.0,12.44621264524185,5000,USc,50,16.5656,15.3705
CORN,2026-07-14,436087,144398,2326231,459.5,291689,6701554775.0,12.539124446368396,5000,USc,50,16.5656,15.3705
CORN,2026-07-21,479067,153073,2425879,475.25,325994,7746432425.0,13.438180552286408,5000,USc,50,16.5656,15.3705
CORN,2026-07-28,495354,137189,2364856,481.0,358165,8613868250.0,15.145319630455301,5000,USc,50,16.5656,15.3705
CORN,2026-08-04,471229,123097,2332893,465.25,348132,8098420650.0,14.922758994947474,5000,USc,50,16.5656,15.3705
CORN,2026-08-11,463958,125793,2268704,460.5,338165,7786249125.0,14.90564657178724,5000,USc,50,16.5656,15.3705
CORN,2026-08-18,511950,140074,2395505,487.75,371876,9069125950.0,15.523908319957588,5000,USc,50,16.5656,15.3705
CORN,2026-08-25,525638,112019,2410651,524.25,413619,10841988037.5,17.15797931762001,5000,USc,50,16.5656,15.3705
COTTON,2016-01-05,66284,2396,225882,63.47,63888,2027485680.0,28.28379419342843,50000,USc,500,6.2278,3.9399
COTTON,2016-01-12,65468,4928,232894,62.12,60540,1880372400.0,25.994658514173828,50000,USc,500,6.2278,3.9399
COTTON,2016-01-19,62598,4625,237638,62.77,57973,1819482605.0,24.395509135744284,50000,USc,500,6.2278,3.9399
COTTON,2016-01-26,61327,4952,247794,61.81,56375,1742269375.0,22.750752641306892,50000,USc,500,6.2278,3.9399
COTTON,2016-02-02,63363,4488,251351,62.47,58875,1838960625.0,23.423419839189023,50000,USc,500,6.2278,3.9399
COTTON,2016-02-09,63491,5186,262609,59.16,58305,1724661900.0,22.2022093683004,50000,USc,500,6.2278,3.9399
COTTON,2016-02-16,64814,3550,221010,59.39,61264,1819234480.0,27.720012669109995,50000,USc,500,6.2278,3.9399
COTTON,2016-02-23,65974,3519,224112,57.94,62455,1809321349.9999998,27.86776254729778,50000,USc,500,6.2278,3.9399
COTTON,2016-03-01,69169,3807,248254,56.15,65362,1835038150.0,26.32867949761132,50000,USc,500,6.2278,3.9399
COTTON,2016-03-08,71693,3977,254333,56.94,67716,1927874520.0,26.624936598868416,50000,USc,500,6.2278,3.9399
COTTON,2016-03-15,74590,5770,259955,58.02,68820,1996468200.0000002,26.47381277528803,50000,USc,500,6.2278,3.9399
COTTON,2016-03-22,75541,5694,258587,58.17,69847,2031499995.0,27.011025302896126,50000,USc,500,6.2278,3.9399
COTTON,2016-03-29,75466,5611,264027,57.23,69855,1998900825.0,26.457521389857856,50000,USc,500,6.2278,3.9399
COTTON,2016-04-05,78269,5237,270648,58.63,73032,2140933080.0,26.984126984126984,50000,USc,500,6.2278,3.9399
COTTON,2016-04-12,78588,4396,264440,60.77,74192,2254323920.0,28.056269853274845,50000,USc,500,6.2278,3.9399
COTTON,2016-04-19,75955,3255,233046,63.14,72700,2295139000.0,31.19555795851463,50000,USc,500,6.2278,3.9399
COTTON,2016-04-26,72970,3023,241280,63.82,69947,2232008770.0,28.989970159151195,50000,USc,500,6.2278,3.9399
COTTON,2016-05-03,74187,3504,244303,63.1,70683,2230048650.0,28.93251413204095,50000,USc,500,6.2278,3.9399
COTTON,2016-05-10,71384,2834,238906,61.26,68550,2099686500.0,28.693293596644704,50000,USc,500,6.2278,3.9399
COTTON,2016-05-17,69384,2635,245667,62.55,66749,2087574974.9999998,27.170519442985828,50000,USc,500,6.2278,3.9399
COTTON,2016-05-24,69715,2931,249855,62.9,66784,2100356799.9999998,26.729102879670208,50000,USc,500,6.2278,3.9399
COTTON,2016-05-31,70822,2963,263427,64.01,67859,2171827295.0000005,25.760077744498478,50000,USc,500,6.2278,3.9399
COTTON,2016-06-07,70678,3694,282148,66.0,66984,2210472000.0,23.7407318145087,50000,USc,500,6.2278,3.9399
COTTON,2016-06-14,69050,1735,246750,64.5,67315,2170908750.0,27.2806484295846,50000,USc,500,6.2278,3.9399
COTTON,2016-06-21,68963,2433,241943,64.31,66530,2139272150.0,27.498212388868453,50000,USc,500,6.2278,3.9399
COTTON,2016-06-28,67249,2295,242903,66.08,64954,2146080160.0000002,26.740715429615936,50000,USc,500,6.2278,3.9399
COTTON,2016-07-05,65034,3862,245150,65.57,61172,2005524019.9999998,24.952885988170507,50000,USc,500,6.2278,3.9399
COTTON,2016-07-12,66227,5871,286225,70.78,60356,2135998839.9999998,21.086907153463187,50000,USc,500,6.2278,3.9399
COTTON,2016-07-19,68961,5052,327291,73.39,63909,2345140755.0,19.52665976149665,50000,USc,500,6.2278,3.9399
COTTON,2016-07-26,70998,6448,336754,74.09,64550,2391254750.0,19.16829495714973,50000,USc,500,6.2278,3.9399
COTTON,2016-08-02,71264,5198,341077,73.92,66066,2441799360.0,19.369819718128163,50000,USc,500,6.2278,3.9399
COTTON,2016-08-09,72487,5199,351620,73.05,67288,2457694199.9999995,19.13656788578579,50000,USc,500,6.2278,3.9399
COTTON,2016-08-16,74543,6903,341960,68.83,67640,2327830600.0,19.780091238741374,50000,USc,500,6.2278,3.9399
COTTON,2016-08-23,75445,6898,318215,68.59,68547,2350819365.0,21.54109642851531,50000,USc,500,6.2278,3.9399
COTTON,2016-08-30,76933,6570,317371,66.45,70363,2337810675.0000005,22.1705826934408,50000,USc,500,6.2278,3.9399
COTTON,2016-09-06,77757,6282,322071,69.21,71475,2473392375.0,22.192311633149213,50000,USc,500,6.2278,3.9399
COTTON,2016-09-13,79461,5989,321937,67.12,73472,2465720320.0000005,22.821856450175034,50000,USc,500,6.2278,3.9399
COTTON,2016-09-20,79867,6349,336789,70.84,73518,2604007560.0,21.829097743691154,50000,USc,500,6.2278,3.9399
COTTON,2016-09-27,79797,7696,349432,69.71,72101,2513080355.0,20.633771377549852,50000,USc,500,6.2278,3.9399
COTTON,2016-10-04,80800,8141,344578,69.68,72659,2531439560.0,21.086372316282525,50000,USc,500,6.2278,3.9399
COTTON,2016-10-11,80189,8630,337011,67.72,71559,2422987739.9999995,21.23343154971203,50000,USc,500,6.2278,3.9399
COTTON,2016-10-18,78792,9726,347398,71.31,69066,2462548230.0,19.88094347117715,50000,USc,500,6.2278,3.9399
COTTON,2016-10-25,78539,10486,342254,69.01,68053,2348168765.0,19.88377053299596,50000,USc,500,6.2278,3.9399
COTTON,2016-11-01,76479,10794,337640,68.6,65685,2252995500.0,19.454152351617108,50000,USc,500,6.2278,3.9399
COTTON,2016-11-08,74789,8880,328381,69.39,65909,2286712755.0,20.07089326118137,50000,USc,500,6.2278,3.9399
COTTON,2016-11-15,70880,2898,276967,70.36,67982,2391606760.0,24.545162420071705,50000,USc,500,6.2278,3.9399
COTTON,2016-11-22,71054,3749,298807,72.24,67305,2431056599.9999995,22.52457271750662,50000,USc,500,6.2278,3.9399
COTTON,2016-11-29,72223,4028,302806,71.17,68195,2426719075.0,22.521020059047707,50000,USc,500,6.2278,3.9399
COTTON,2016-12-06,69581,4383,299615,71.39,65198,2327242610.0,21.760592760709578,50000,USc,500,6.2278,3.9399
COTTON,2016-12-13,69514,4702,303317,72.14,64812,2337768840.0,21.36774397742296,50000,USc,500,6.2278,3.9399
COTTON,2016-12-20,70727,6716,288409,69.76,64011,2232703680.0,22.194522362339594,50000,USc,500,6.2278,3.9399
COTTON,2016-12-27,70576,7098,287604,70.26,63478,2229982140.0,22.071320287617695,50000,USc,500,6.2278,3.9399
COTTON,2017-01-03,70449,7213,292205,72.01,63236,2276812180.0,21.640971235947365,50000,USc,500,6.2278,3.9399
COTTON,2017-01-10,69060,5813,315196,73.49,63247,2324011014.9999995,20.065927232579096,50000,USc,500,6.2278,3.9399
COTTON,2017-01-17,69067,5963,310948,72.66,63104,2292568320.0,20.29406846160773,50000,USc,500,6.2278,3.9399
COTTON,2017-01-24,71907,6631,317858,74.24,65276,2423045119.9999995,20.536214284365975,50000,USc,500,6.2278,3.9399
COTTON,2017-01-31,74213,7305,338920,75.66,66908,2531129639.9999995,19.741531924938037,50000,USc,500,6.2278,3.9399
COTTON,2017-02-07,78540,7105,347494,76.13,71435,2719173275.0,20.557189476652834,50000,USc,500,6.2278,3.9399
COTTON,2017-02-14,76100,3944,323573,78.01,72156,2814444780.0000005,22.299759250617328,50000,USc,500,6.2278,3.9399
COTTON,2017-02-21,75813,5999,300820,75.67,69814,2641412690.0,23.207898411009907,50000,USc,500,6.2278,3.9399
COTTON,2017-02-28,76880,7451,307944,76.28,69429,2648022060.0,22.545982386407918,50000,USc,500,6.2278,3.9399
COTTON,2017-03-07,76036,6041,318736,77.97,69995,2728755075.0,21.960180211836754,50000,USc,500,6.2278,3.9399
COTTON,2017-03-14,74448,4641,319216,78.2,69807,2729453700.0,21.868264748634154,50000,USc,500,6.2278,3.9399
COTTON,2017-03-21,75776,5307,323937,78.05,70469,2750052725.0,21.753921287163863,50000,USc,500,6.2278,3.9399
COTTON,2017-03-28,75303,6800,329606,78.3,68503,2681892449.9999995,20.78329884771515,50000,USc,500,6.2278,3.9399
COTTON,2017-04-04,74093,8550,325125,76.56,65543,2508986040.0,20.15932333717801,50000,USc,500,6.2278,3.9399
COTTON,2017-04-11,70288,7618,295959,76.35,62670,2392427250.0,21.175230352852928,50000,USc,500,6.2278,3.9399
COTTON,2017-04-18,68356,5737,275503,78.3,62619,2451533850.0,22.72897209830746,50000,USc,500,6.2278,3.9399
COTTON,2017-04-25,70630,4425,286059,79.37,66205,2627345425.0000005,23.143826972757367,50000,USc,500,6.2278,3.9399
COTTON,2017-05-02,73402,3962,299678,79.22,69440,2750518400.0,23.171537450196546,50000,USc,500,6.2278,3.9399
COTTON,2017-05-09,74237,4746,296974,74.15,69491,2576378825.0,23.399691555489706,50000,USc,500,6.2278,3.9399
COTTON,2017-05-16,74395,5237,320394,77.35,69158,2674685650.0,21.585298101712265,50000,USc,500,6.2278,3.9399
COTTON,2017-05-23,74886,5103,303567,73.59,69783,2567665485.0000005,22.987676526104618,50000,USc,500,6.2278,3.9399
COTTON,2017-05-30,75010,4514,298718,75.28,70496,2653469440.0,23.59951526188579,50000,USc,500,6.2278,3.9399
COTTON,2017-06-06,75784,5646,294460,74.76,70138,2621758440.0000005,23.819194457651292,50000,USc,500,6.2278,3.9399
COTTON,2017-06-13,78835,7711,296841,74.0,71124,2631588000.0,23.9603019798478,50000,USc,500,6.2278,3.9399
COTTON,2017-06-20,76972,3383,247217,68.84,73589,2532933380.0000005,29.766965863998024,50000,USc,500,6.2278,3.9399
COTTON,2017-06-27,74529,3481,246035,69.5,71048,2468918000.0,28.877192269392566,50000,USc,500,6.2278,3.9399
COTTON,2017-07-03,77582,3986,252723,69.68,73596,2564084640.0,29.12121176149381,50000,USc,500,6.2278,3.9399
COTTON,2017-07-11,77059,3533,258028,67.6,73526,2485178800.0,28.495357093028662,50000,USc,500,6.2278,3.9399
COTTON,2017-07-18,76494,3623,263575,68.16,72871,2483443679.9999995,27.64715925258465,50000,USc,500,6.2278,3.9399
COTTON,2017-07-25,76783,3532,263756,68.85,73251,2521665675.0,27.772259209269173,50000,USc,500,6.2278,3.9399
COTTON,2017-08-01,75854,3422,264963,69.36,72432,2511941760.0,27.33664700354389,50000,USc,500,6.2278,3.9399
COTTON,2017-08-08,75447,3729,269573,71.19,71718,2552802210.0,26.60429642434517,50000,USc,500,6.2278,3.9399
COTTON,2017-08-15,77482,4151,272658,67.22,73331,2464654910.0,26.89486462894909,50000,USc,500,6.2278,3.9399
COTTON,2017-08-22,77798,4393,275381,67.93,73405,2493200825.0,26.65579687778024,50000,USc,500,6.2278,3.9399
COTTON,2017-08-29,76705,4867,276760,69.92,71838,2511456480.0,25.956785662668015,50000,USc,500,6.2278,3.9399
COTTON,2017-09-05,77891,5210,298219,74.88,72681,2721176639.9999995,24.37168657932593,50000,USc,500,6.2278,3.9399
COTTON,2017-09-12,79730,5673,314999,69.11,74057,2559039635.0,23.51023336582021,50000,USc,500,6.2278,3.9399
COTTON,2017-09-19,79091,5673,307832,69.35,73418,2545769150.0,23.850022089971155,50000,USc,500,6.2278,3.9399
COTTON,2017-09-26,78412,5714,303864,68.82,72698,2501538179.9999995,23.924518863702183,50000,USc,500,6.2278,3.9399
COTTON,2017-10-03,77408,5716,301733,67.5,71692,2419605000.0,23.760079275385852,50000,USc,500,6.2278,3.9399
COTTON,2017-10-10,76989,6194,299784,68.34,70795,2419065150.0,23.61533637552371,50000,USc,500,6.2278,3.9399
COTTON,2017-10-17,76928,6811,301128,67.52,70117,2367149920.0,23.28478255094179,50000,USc,500,6.2278,3.9399
COTTON,2017-10-24,78609,9750,299192,69.09,68859,2378734155.0000005,23.01498703173882,50000,USc,500,6.2278,3.9399
COTTON,2017-10-31,79448,10458,299685,68.5,68990,2362907500.0,23.020838547141164,50000,USc,500,6.2278,3.9399
COTTON,2017-11-07,81742,11833,301320,68.5,69909,2394383250.0,23.200915969733174,50000,USc,500,6.2278,3.9399
COTTON,2017-11-14,77975,7696,263598,68.66,70279,2412678070.0,26.6614314220897,50000,USc,500,6.2278,3.9399
COTTON,2017-11-21,79245,7308,266311,70.07,71937,2520312795.0,27.012402792224126,50000,USc,500,6.2278,3.9399
COTTON,2017-11-28,78069,7692,283328,72.25,70377,2542369125.0,24.83940874181161,50000,USc,500,6.2278,3.9399
COTTON,2017-12-05,79680,9423,297489,72.59,70257,2549977815.0,23.616671540796467,50000,USc,500,6.2278,3.9399
COTTON,2017-12-12,79329,9670,308353,73.63,69659,2564496085.0,22.590667189876537,50000,USc,500,6.2278,3.9399
COTTON,2017-12-19,82071,12033,317774,75.4,70038,2640432600.0,22.040192086199625,50000,USc,500,6.2278,3.9399
COTTON,2017-12-26,84259,12623,333773,77.58,71636,2778760440.0,21.462490974404762,50000,USc,500,6.2278,3.9399
COTTON,2018-01-02,85254,12654,345066,77.94,72600,2829222000.0,21.039453321973188,50000,USc,500,6.1799,3.9917
COTTON,2018-01-09,83548,11121,354103,78.68,72427,2849278180.0,20.45365331556073,50000,USc,500,6.1799,3.9917
COTTON,2018-01-16,86551,14534,390921,81.5,72017,2934692750.0,18.42239224805012,50000,USc,500,6.1799,3.9917
COTTON,2018-01-23,88407,15750,408986,82.59,72657,3000370815.0,17.76515577550332,50000,USc,500,6.1799,3.9917
COTTON,2018-01-30,91073,17645,399232,77.98,73428,2862957720.0,18.392313241423533,50000,USc,500,6.1799,3.9917
COTTON,2018-02-06,96079,21727,384991,77.39,74352,2877050640.0,19.312659256969646,50000,USc,500,6.1799,3.9917
COTTON,2018-02-13,89424,11453,321779,77.31,77971,3013969005.0,24.23122702227305,50000,USc,500,6.1799,3.9917
COTTON,2018-02-20,90224,11360,308506,78.92,78864,3111973440.0,25.563198122564877,50000,USc,500,6.1799,3.9917
COTTON,2018-02-27,91002,10945,319900,82.38,80057,3297547829.9999995,25.025633010315723,50000,USc,500,6.1799,3.9917
COTTON,2018-03-06,93968,11239,333323,82.5,82729,3412571250.0,24.819469403551512,50000,USc,500,6.1799,3.9917
COTTON,2018-03-13,93453,8569,338140,82.92,84884,3519290640.0,25.103211687466732,50000,USc,500,6.1799,3.9917
COTTON,2018-03-20,89904,9896,340589,83.12,80008,3325132480.0,23.491069881881092,50000,USc,500,6.1799,3.9917
COTTON,2018-03-27,90992,10873,345597,82.41,80119,3301303395.0,23.18278225794784,50000,USc,500,6.1799,3.9917
COTTON,2018-04-03,92411,13708,347109,81.98,78703,3226035970.0,22.673857491450814,50000,USc,500,6.1799,3.9917
COTTON,2018-04-10,90744,10962,348033,83.22,79782,3319729020.0,22.923688270939824,50000,USc,500,6.1799,3.9917
COTTON,2018-04-17,91472,8255,314766,82.88,83217,3448512480.0,26.437734698156728,50000,USc,500,6.1799,3.9917
COTTON,2018-04-24,87302,5346,319136,81.91,81956,3356507980.0,25.680587586483504,50000,USc,500,6.1799,3.9917
COTTON,2018-05-01,88104,5292,330682,84.53,82812,3500049180.0,25.042790354479532,50000,USc,500,6.1799,3.9917
COTTON,2018-05-08,89887,5294,356160,85.47,84593,3615081855.0,23.751403863432166,50000,USc,500,6.1799,3.9917
COTTON,2018-05-15,90023,4945,350885,83.1,85078,3534990900.0,24.246690511136126,50000,USc,500,6.1799,3.9917
COTTON,2018-05-22,88348,8334,382244,85.37,80014,3415397590.0000005,20.93270267159197,50000,USc,500,6.1799,3.9917
COTTON,2018-05-29,92522,15067,418676,91.52,77455,3544340800.0,18.499985669109286,50000,USc,500,6.1799,3.9917
COTTON,2018-06-05,101043,21391,434685,89.82,79652,3577171320.0,18.324073754557897,50000,USc,500,6.1799,3.9917
COTTON,2018-06-12,97452,19479,444013,92.2,77973,3594555300.0000005,17.560972313873695,50000,USc,500,6.1799,3.9917
COTTON,2018-06-19,97758,15149,355773,85.3,82609,3523273850.0,23.219581024979412,50000,USc,500,6.1799,3.9917
COTTON,2018-06-26,96549,15533,341735,85.65,81016,3469510200.0,23.70725854829034,50000,USc,500,6.1799,3.9917
COTTON,2018-07-03,95289,18916,339405,83.91,76373,3204229215.0,22.502025603629882,50000,USc,500,6.1799,3.9917
COTTON,2018-07-10,96067,18533,339301,86.27,77534,3344429090.0,22.85109681374355,50000,USc,500,6.1799,3.9917
COTTON,2018-07-17,101816,19046,350360,88.27,82770,3653053949.9999995,23.624272177189177,50000,USc,500,6.1799,3.9917
COTTON,2018-07-24,102319,19248,349755,86.78,83071,3604450690.0,23.75119726665809,50000,USc,500,6.1799,3.9917
COTTON,2018-07-31,100632,17553,367389,89.35,83079,3711554324.9999995,22.61336077019181,50000,USc,500,6.1799,3.9917
COTTON,2018-08-07,98670,18404,367830,87.94,80266,3529296020.0,21.821493624772316,50000,USc,500,6.1799,3.9917
COTTON,2018-08-14,98657,18332,357854,83.05,80325,3335495625.0,22.44630491764798,50000,USc,500,6.1799,3.9917
COTTON,2018-08-21,97268,17633,337081,83.33,79635,3317992275.0,23.624885413298287,50000,USc,500,6.1799,3.9917
COTTON,2018-08-28,97658,17711,337242,83.54,79947,3339386190.0000005,23.706122013272367,50000,USc,500,6.1799,3.9917
COTTON,2018-09-04,98015,18098,341012,82.89,79917,3312160065.0,23.43524568050391,50000,USc,500,6.1799,3.9917
COTTON,2018-09-11,97321,17006,347843,82.79,80315,3324639425.0000005,23.08943977599089,50000,USc,500,6.1799,3.9917
COTTON,2018-09-18,97542,16452,350964,78.52,81090,3183593400.0,23.10493383936814,50000,USc,500,6.1799,3.9917
COTTON,2018-09-25,94062,16387,343720,78.98,77675,3067385750.0,22.598335854765505,50000,USc,500,6.1799,3.9917
COTTON,2018-10-02,95468,16613,348151,76.26,78855,3006741150.0000005,22.64965489112483,50000,USc,500,6.1799,3.9917
COTTON,2018-10-09,94763,16601,351880,77.06,78162,3011581860.0,22.212686143003296,50000,USc,500,6.1799,3.9917
COTTON,2018-10-16,100137,18759,358568,79.9,81378,3251051100.0,22.695276767586623,50000,USc,500,6.1799,3.9917
COTTON,2018-10-23,101149,18473,353273,80.64,82676,3333496320.0,23.402864073959798,50000,USc,500,6.1799,3.9917
COTTON,2018-10-30,99045,18914,354717,78.26,80131,3135526030.0000005,22.590121138823342,50000,USc,500,6.1799,3.9917
COTTON,2018-11-06,99445,18937,358729,79.4,80508,3196167600.0,22.44256806670216,50000,USc,500,6.1799,3.9917
COTTON,2018-11-13,97806,9765,296989,77.7,88041,3420392850.0,29.644532289074682,50000,USc,500,6.1799,3.9917
COTTON,2018-11-20,94036,9673,271104,77.43,84363,3266113545.0000005,31.11831621813031,50000,USc,500,6.1799,3.9917
COTTON,2018-11-27,93684,9352,267331,77.87,84332,3283466420.0000005,31.54591124860192,50000,USc,500,6.1799,3.9917
COTTON,2018-12-04,92365,12401,270848,79.89,79964,3194161980.0,29.523570415879018,50000,USc,500,6.1799,3.9917
COTTON,2018-12-11,93260,11982,269799,81.07,81278,3294603729.9999995,30.125389641918616,50000,USc,500,6.1799,3.9917
COTTON,2018-12-18,95228,11718,267435,78.99,83510,3298227449.9999995,31.22627928281638,50000,USc,500,6.1799,3.9917
COTTON,2018-12-24,94418,11932,263971,73.75,82486,3041671250.0,31.24812952938012,50000,USc,500,6.1799,3.9917
COTTON,2018-12-31,93810,12767,268835,73.56,81043,2980761540.0,30.14600033477784,50000,USc,500,6.1799,3.9917
COTTON,2019-01-08,89538,13587,281393,72.95,75951,2770312725.0,26.991076537085146,50000,USc,500,6.3727,3.9545
COTTON,2019-01-15,89255,18215,289358,73.71,71040,2618179199.9999995,24.55090234242703,50000,USc,500,6.3727,3.9545
COTTON,2019-01-22,89101,17695,289098,74.54,71406,2661301620.0,24.699582840420895,50000,USc,500,6.3727,3.9545
COTTON,2019-01-29,90179,17820,291440,75.52,72359,2732275840.0,24.82809497666758,50000,USc,500,6.3727,3.9545
COTTON,2019-02-05,90723,16528,306397,74.75,74195,2773038125.0,24.21531542410663,50000,USc,500,6.3727,3.9545
COTTON,2019-02-12,86437,10161,277893,71.08,76276,2710849040.0,27.44797458014416,50000,USc,500,6.3727,3.9545
COTTON,2019-02-19,86056,9842,268919,72.23,76214,2752468610.0000005,28.34087587712285,50000,USc,500,6.3727,3.9545
COTTON,2019-02-26,86000,10558,260645,72.01,75442,2716289210.0,28.944349594275735,50000,USc,500,6.3727,3.9545
COTTON,2019-03-05,85088,11402,266373,74.61,73686,2748856230.0,27.6627135633116,50000,USc,500,6.3727,3.9545
COTTON,2019-03-12,83488,12810,266487,76.05,70678,2687530949.9999995,26.52211927786346,50000,USc,500,6.3727,3.9545
COTTON,2019-03-19,82707,12373,272646,76.63,70334,2694847210.0,25.796820785927537,50000,USc,500,6.3727,3.9545
COTTON,2019-03-26,84999,13817,281395,78.77,71182,2803503070.0,25.296114003447112,50000,USc,500,6.3727,3.9545
COTTON,2019-04-02,86739,14072,284440,78.01,72667,2834376335.0,25.547391365490085,50000,USc,500,6.3727,3.9545
COTTON,2019-04-09,87387,11477,277215,78.49,75910,2979087949.9999995,27.383078116263547,50000,USc,500,6.3727,3.9545
COTTON,2019-04-16,87184,11271,255462,78.54,75913,2981103510.0000005,29.71596558392246,50000,USc,500,6.3727,3.9545
COTTON,2019-04-23,87376,12483,256838,77.9,74893,2917082350.0,29.15962591205351,50000,USc,500,6.3727,3.9545
COTTON,2019-04-30,86102,12623,256012,76.74,73479,2819389230.0,28.701388997390747,50000,USc,500,6.3727,3.9545
COTTON,2019-05-07,84162,14984,267163,73.16,69178,2530531239.9999995,25.893555619603013,50000,USc,500,6.3727,3.9545
COTTON,2019-05-14,85596,17096,277172,67.05,68500,2296462500.0,24.713896064537543,50000,USc,500,6.3727,3.9545
COTTON,2019-05-21,86500,19438,280110,67.2,67062,2253283200.0,23.94130877155403,50000,USc,500,6.3727,3.9545
COTTON,2019-05-28,87922,21039,281779,68.95,66883,2305791425.0000005,23.735977485902072,50000,USc,500,6.3727,3.9545
COTTON,2019-06-04,87180,21335,277336,68.21,65845,2245643724.9999995,23.741959211930656,50000,USc,500,6.3727,3.9545
COTTON,2019-06-11,85697,15317,275966,65.02,70380,2288053800.0,25.503141691367777,50000,USc,500,6.3727,3.9545
COTTON,2019-06-18,80670,11876,223317,66.34,68794,2281896980.0,30.80553652431297,50000,USc,500,6.3727,3.9545
COTTON,2019-06-25,80356,12070,222612,65.73,68286,2244219390.0,30.674896232009058,50000,USc,500,6.3727,3.9545
COTTON,2019-07-02,77060,14075,228611,66.29,62985,2087637825.0000002,27.551167704091228,50000,USc,500,6.3727,3.9545
COTTON,2019-07-09,76830,17534,241738,63.46,59296,1881462080.0,24.52903556743251,50000,USc,500,6.3727,3.9545
COTTON,2019-07-16,74273,19151,246085,63.09,55122,1738823490.0,22.39957738179897,50000,USc,500,6.3727,3.9545
COTTON,2019-07-23,75816,20964,256156,63.74,54852,1748133240.0,21.413513640125547,50000,USc,500,6.3727,3.9545
COTTON,2019-07-30,75813,20788,258719,63.34,55025,1742641750.0,21.268248563112877,50000,USc,500,6.3727,3.9545
COTTON,2019-08-06,77793,22696,281148,58.76,55097,1618749859.9999998,19.597151678119708,50000,USc,500,6.3727,3.9545
COTTON,2019-08-13,78919,22835,291680,59.57,56084,1670461940.0,19.22792100932529,50000,USc,500,6.3727,3.9545
COTTON,2019-08-20,78181,19079,275778,59.07,59102,1745577570.0,21.431006099108703,50000,USc,500,6.3727,3.9545
COTTON,2019-08-27,78698,19776,285829,57.94,58922,1706970339.9999998,20.61442330904142,50000,USc,500,6.3727,3.9545
COTTON,2019-09-03,78752,19436,291123,57.83,59316,1715122140.0,20.374893086427388,50000,USc,500,6.3727,3.9545
COTTON,2019-09-10,78176,16985,297063,59.17,61191,1810335735.0,20.598660890114218,50000,USc,500,6.3727,3.9545
COTTON,2019-09-17,76751,14713,301490,61.3,62038,1901464700.0,20.577133569935985,50000,USc,500,6.3727,3.9545
COTTON,2019-09-24,77449,17354,306186,60.38,60095,1814268050.0,19.626958776691293,50000,USc,500,6.3727,3.9545
COTTON,2019-10-01,77062,19046,307291,60.98,58016,1768907839.9999998,18.87982401046565,50000,USc,500,6.3727,3.9545
COTTON,2019-10-08,83999,24931,308655,61.3,59068,1810434200.0,19.137224409129935,50000,USc,500,6.3727,3.9545
COTTON,2019-10-15,83593,25265,310955,64.16,58328,1871162240.0,18.757698059204706,50000,USc,500,6.3727,3.9545
COTTON,2019-10-22,84015,26298,307828,65.42,57717,1887923070.0,18.749756357446365,50000,USc,500,6.3727,3.9545
COTTON,2019-10-29,85055,28321,312492,65.85,56734,1867966950.0,18.155344776826286,50000,USc,500,6.3727,3.9545
COTTON,2019-11-05,90787,24052,317135,65.43,66735,2183235525.0000005,21.043088905355763,50000,USc,500,6.3727,3.9545
COTTON,2019-11-12,86444,15402,264847,66.4,71042,2358594400.0000005,26.82378882902204,50000,USc,500,6.3727,3.9545
COTTON,2019-11-19,86514,15574,252370,65.32,70940,2316900400.0,28.10952173396204,50000,USc,500,6.3727,3.9545
COTTON,2019-11-26,87024,16475,232326,65.84,70549,2322473080.0,30.366381722235136,50000,USc,500,6.3727,3.9545
COTTON,2019-12-03,85777,17914,229124,64.04,67863,2172973260.0000005,29.618459873256402,50000,USc,500,6.3727,3.9545
COTTON,2019-12-10,87111,18902,229656,66.92,68209,2282273140.0,29.70050858675584,50000,USc,500,6.3727,3.9545
COTTON,2019-12-17,87184,18398,242834,67.67,68786,2327374310.0,28.326346393009217,50000,USc,500,6.3727,3.9545
COTTON,2019-12-24,88148,18645,250573,69.81,69503,2426002215.0,27.737625362668762,50000,USc,500,6.3727,3.9545
COTTON,2019-12-31,88718,16469,261085,70.08,72249,2531604960.0,27.672597046938733,50000,USc,500,6.3727,3.9545
COTTON,2020-01-07,93963,17516,280091,70.96,76447,2712339559.9999995,27.293629570389623,50000,USc,500,5.4458,4.2382
COTTON,2020-01-14,97521,16875,299557,72.49,80646,2923014270.0,26.921754457415446,50000,USc,500,5.4458,4.2382
COTTON,2020-01-21,97359,16786,303509,70.31,80573,2832543815.0,26.547153461676587,50000,USc,500,5.4458,4.2382
COTTON,2020-01-28,99295,17772,315318,70.84,81523,2887544660.0,25.85421701266658,50000,USc,500,5.4458,4.2382
COTTON,2020-02-04,94544,13799,292759,68.18,80745,2752597050.0000005,27.58070631475036,50000,USc,500,5.4458,4.2382
COTTON,2020-02-11,91998,10099,249025,68.81,81899,2817735095.0,32.88786266439113,50000,USc,500,5.4458,4.2382
COTTON,2020-02-18,88222,7910,232528,69.0,80312,2770764000.0,34.53863620725246,50000,USc,500,5.4458,4.2382
COTTON,2020-02-25,87813,9285,222600,66.46,78528,2609485440.0,35.277628032345014,50000,USc,500,5.4458,4.2382
COTTON,2020-03-03,87710,14665,241734,62.76,73045,2292152100.0,30.21709813265821,50000,USc,500,5.4458,4.2382
COTTON,2020-03-10,89930,20309,257124,61.99,69621,2157902895.0,27.076818966724225,50000,USc,500,5.4458,4.2382
COTTON,2020-03-17,86294,21206,267040,58.34,65088,1898616960.0000002,24.373876572798086,50000,USc,500,5.4458,4.2382
COTTON,2020-03-24,77668,19274,262858,53.25,58394,1554740250.0,22.21503625531656,50000,USc,500,5.4458,4.2382
COTTON,2020-03-31,77255,20704,271053,50.85,56551,1437809175.0,20.863447370071537,50000,USc,500,5.4458,4.2382
COTTON,2020-04-07,74816,18391,258575,53.02,56425,1495826750.0,21.821521802185053,50000,USc,500,5.4458,4.2382
COTTON,2020-04-14,73837,16708,233769,53.15,57129,1518203175.0,24.43822748097481,50000,USc,500,5.4458,4.2382
COTTON,2020-04-21,69521,16143,229676,53.15,53378,1418520349.9999998,23.24056496978352,50000,USc,500,5.4458,4.2382
COTTON,2020-04-28,67891,13814,224931,55.87,54077,1510640994.9999998,24.04159497801548,50000,USc,500,5.4458,4.2382
COTTON,2020-05-05,69701,12621,228823,53.54,57080,1528031599.9999998,24.945044860000962,50000,USc,500,5.4458,4.2382
COTTON,2020-05-12,68539,11668,230508,57.29,56871,1629069795.0,24.672028736529754,50000,USc,500,5.4458,4.2382
COTTON,2020-05-19,69175,9991,231995,58.62,59184,1734683040.0,25.510894631349814,50000,USc,500,5.4458,4.2382
COTTON,2020-05-26,68668,9275,238330,57.88,59393,1718833420.0000002,24.92048839843914,50000,USc,500,5.4458,4.2382
COTTON,2020-06-02,72246,9635,240594,59.4,62611,1859546700.0,26.023508483170822,50000,USc,500,5.4458,4.2382
COTTON,2020-06-09,71045,8664,236446,60.6,62381,1890144300.0,26.382768158480157,50000,USc,500,5.4458,4.2382
COTTON,2020-06-16,68862,7582,202288,59.35,61280,1818484000.0,30.293443011943367,50000,USc,500,5.4458,4.2382
COTTON,2020-06-23,68575,7249,190605,60.77,61326,1863390510.0,32.174392067364444,50000,USc,500,5.4458,4.2382
COTTON,2020-06-30,69341,7236,194639,60.84,62105,1889234100.0,31.907788264427992,50000,USc,500,5.4458,4.2382
COTTON,2020-07-07,74722,7933,203786,63.9,66789,2133908549.9999998,32.774086541764405,50000,USc,500,5.4458,4.2382
COTTON,2020-07-14,76101,7575,210440,62.6,68526,2144863800.0000002,32.56320091237407,50000,USc,500,5.4458,4.2382
COTTON,2020-07-21,78034,7466,213887,62.93,70568,2220422120.0,32.99312253666656,50000,USc,500,5.4458,4.2382
COTTON,2020-07-28,77351,7055,210600,61.25,70296,2152815000.0,33.37891737891738,50000,USc,500,5.4458,4.2382
COTTON,2020-08-04,84395,9290,221612,63.98,75105,2402608949.9999995,33.89031279894591,50000,USc,500,5.4458,4.2382
COTTON,2020-08-11,81690,6796,233026,63.58,74894,2380880260.0,32.13976122836078,50000,USc,500,5.4458,4.2382
COTTON,2020-08-18,81239,7722,233597,62.92,73517,2312844820.0,31.471722667671248,50000,USc,500,5.4458,4.2382
COTTON,2020-08-25,82107,7113,239670,65.38,74994,2451553860.0,31.29052447114783,50000,USc,500,5.4458,4.2382
COTTON,2020-09-01,86763,7112,250196,65.33,79651,2601799915.0,31.835441014244832,50000,USc,500,5.4458,4.2382
COTTON,2020-09-08,86018,9669,257566,64.1,76349,2446985449.9999995,29.642499398212497,50000,USc,500,5.4458,4.2382
COTTON,2020-09-15,85239,11548,264384,66.42,73691,2447278110.0,27.872715444202374,50000,USc,500,5.4458,4.2382
COTTON,2020-09-22,85640,12290,262977,65.53,73350,2403312750.0,27.89217307977504,50000,USc,500,5.4458,4.2382
COTTON,2020-09-29,88866,13554,263051,65.29,75312,2458560240.0,28.63018958300862,50000,USc,500,5.4458,4.2382
COTTON,2020-10-06,90063,14157,270094,66.88,75906,2538296639.9999995,28.10354913474568,50000,USc,500,5.4458,4.2382
COTTON,2020-10-13,89893,14435,281835,69.61,75458,2626315690.0,26.773821562261606,50000,USc,500,5.4458,4.2382
COTTON,2020-10-20,90840,12740,292619,71.58,78100,2795199000.0,26.689996206671474,50000,USc,500,5.4458,4.2382
COTTON,2020-10-27,90982,12283,302792,72.82,78699,2865430590.0,25.991109408438795,50000,USc,500,5.4458,4.2382
COTTON,2020-11-03,93745,13203,298998,71.25,80542,2869308750.0,26.93730392845437,50000,USc,500,5.4458,4.2382
COTTON,2020-11-10,93481,14356,290137,71.7,79125,2836631250.0,27.271599278961318,50000,USc,500,5.4458,4.2382
COTTON,2020-11-17,91117,10409,242056,71.25,80708,2875222500.0,33.34269755758998,50000,USc,500,5.4458,4.2382
COTTON,2020-11-24,92102,10809,244266,72.98,81293,2966381570.0000005,33.280522053826566,50000,USc,500,5.4458,4.2382
COTTON,2020-12-01,90537,11253,243849,72.17,79284,2860963140.0,32.51356372181145,50000,USc,500,5.4458,4.2382
COTTON,2020-12-08,84627,10985,237165,72.03,73642,2652216630.0,31.050956085425756,50000,USc,500,5.4458,4.2382
COTTON,2020-12-15,85469,11110,253558,76.18,74359,2832334310.0,29.326229107344275,50000,USc,500,5.4458,4.2382
COTTON,2020-12-21,85422,10279,255889,75.5,75143,2836648250.0,29.36546705798217,50000,USc,500,5.4458,4.2382
COTTON,2020-12-29,85283,10227,256360,77.6,75056,2912172800.0,29.27757840536745,50000,USc,500,5.4458,4.2382
COTTON,2021-01-05,87765,9794,276018,81.08,77971,3160944340.0,28.2485200240564,50000,USc,500,4.6621,4.2609
COTTON,2021-01-12,88341,10870,288080,82.41,77471,3192192554.9999995,26.89218272702027,50000,USc,500,4.6621,4.2609
COTTON,2021-01-19,87998,10843,291506,81.93,77155,3160654575.0,26.467722791297604,50000,USc,500,4.6621,4.2609
COTTON,2021-01-26,87782,10487,301909,82.82,77295,3200785949.9999995,25.60208539659301,50000,USc,500,4.6621,4.2609
COTTON,2021-02-02,86309,10960,297825,82.07,75349,3091946215.0,25.29975656845463,50000,USc,500,4.6621,4.2609
COTTON,2021-02-09,87296,9421,294340,88.12,77875,3431172500.0,26.457498131412656,50000,USc,500,4.6621,4.2609
COTTON,2021-02-16,88289,7925,290036,89.52,80364,3597092639.9999995,27.708284488822077,50000,USc,500,4.6621,4.2609
COTTON,2021-02-23,89211,9167,301974,92.58,80044,3705236760.0,26.50691781411645,50000,USc,500,4.6621,4.2609
COTTON,2021-03-02,85789,9727,294976,91.12,76062,3465384720.0,25.785826643523542,50000,USc,500,4.6621,4.2609
COTTON,2021-03-09,86597,9397,288051,84.32,77200,3254751999.9999995,26.800809578859297,50000,USc,500,4.6621,4.2609
COTTON,2021-03-16,86063,9012,289396,88.0,77051,3390244000.0,26.624763300114722,50000,USc,500,4.6621,4.2609
COTTON,2021-03-23,86343,9705,285758,84.53,76638,3239105070.0,26.819196662910578,50000,USc,500,4.6621,4.2609
COTTON,2021-03-30,86261,11185,290770,81.82,75076,3071359159.9999995,25.819720053650652,50000,USc,500,4.6621,4.2609
COTTON,2021-04-06,84883,11282,294957,80.42,73601,2959496210.0,24.953128761141453,50000,USc,500,4.6621,4.2609
COTTON,2021-04-13,83392,10244,288324,83.06,73148,3037836440.0,25.370069782605682,50000,USc,500,4.6621,4.2609
COTTON,2021-04-20,84106,9592,265169,85.09,74514,3170198130.0000005,28.100569825281234,50000,USc,500,4.6621,4.2609
COTTON,2021-04-27,87638,8927,280663,91.37,78711,3595912035.0,28.0446656666536,50000,USc,500,4.6621,4.2609
COTTON,2021-05-04,89178,8582,279963,87.01,80596,3506328980.0,28.788089854730803,50000,USc,500,4.6621,4.2609
COTTON,2021-05-11,92518,8866,288542,86.26,83652,3607910760.0000005,28.99127336748203,50000,USc,500,4.6621,4.2609
COTTON,2021-05-18,91271,10154,283603,83.9,81117,3402858150.0000005,28.60230674569733,50000,USc,500,4.6621,4.2609
COTTON,2021-05-25,91531,11062,282476,84.06,80469,3382112070.0000005,28.487021906285843,50000,USc,500,4.6621,4.2609
COTTON,2021-06-01,90057,11146,292507,85.92,78911,3390016560.0,26.977474043356224,50000,USc,500,4.6621,4.2609
COTTON,2021-06-08,89128,11557,290060,87.42,77571,3390628410.0,26.743087637040613,50000,USc,500,4.6621,4.2609
COTTON,2021-06-15,88449,9468,260120,87.34,78981,3449100270.0,30.363293864370288,50000,USc,500,4.6621,4.2609
COTTON,2021-06-22,88047,8998,252466,86.16,79049,3405430920.0,31.31075075455705,50000,USc,500,4.6621,4.2609
COTTON,2021-06-29,89663,9809,263171,87.83,79854,3506788410.0,30.343008918155878,50000,USc,500,4.6621,4.2609
COTTON,2021-07-06,93455,9656,268855,86.92,83799,3641904540.0,31.16884566030016,50000,USc,500,4.6621,4.2609
COTTON,2021-07-13,94906,9542,275142,88.45,85364,3775222900.0,31.025434139462533,50000,USc,500,4.6621,4.2609
COTTON,2021-07-20,93178,9830,284659,88.5,83348,3688149000.0,29.2799454786253,50000,USc,500,4.6621,4.2609
COTTON,2021-07-27,93887,9696,298404,90.47,84191,3808379885.0,28.21376389056447,50000,USc,500,4.6621,4.2609
COTTON,2021-08-03,94275,9726,302405,89.88,84549,3799632059.9999995,27.958863114035815,50000,USc,500,4.6621,4.2609
COTTON,2021-08-10,94747,10773,318386,92.35,83974,3877499449.9999995,26.374903419120187,50000,USc,500,4.6621,4.2609
COTTON,2021-08-17,96643,10965,327415,94.88,85678,4064564320.0,26.168013072095047,50000,USc,500,4.6621,4.2609
COTTON,2021-08-24,97382,10542,326087,94.2,86840,4090164000.0,26.630929782542694,50000,USc,500,4.6621,4.2609
COTTON,2021-08-31,97712,9102,325693,92.53,88610,4099541650.0,27.20660253674473,50000,USc,500,4.6621,4.2609
COTTON,2021-09-07,95151,8670,332370,94.13,86481,4070228264.9999995,26.019496344435417,50000,USc,500,4.6621,4.2609
COTTON,2021-09-14,95116,8846,330498,93.7,86270,4041749500.0,26.10303239353945,50000,USc,500,4.6621,4.2609
COTTON,2021-09-21,90879,8954,317546,90.26,81925,3697275250.0,25.799411738771706,50000,USc,500,4.6621,4.2609
COTTON,2021-09-28,93268,10115,356725,99.82,83153,4150166229.9999995,23.310112832013456,50000,USc,500,4.6621,4.2609
COTTON,2021-10-05,93176,10248,381378,108.93,82928,4516673520.000001,21.744306173927182,50000,USc,500,4.6621,4.2609
COTTON,2021-10-12,95977,11325,379358,104.34,84652,4416294840.0,22.314541936640325,50000,USc,500,4.6621,4.2609
COTTON,2021-10-19,96625,12156,371676,105.64,84469,4461652580.0,22.726514491115918,50000,USc,500,4.6621,4.2609
COTTON,2021-10-26,96032,11667,373381,106.89,84365,4508887425.0,22.594882974763046,50000,USc,500,4.6621,4.2609
COTTON,2021-11-02,95907,12736,384086,113.89,83171,4736172595.0,21.654264930249997,50000,USc,500,4.6621,4.2609
COTTON,2021-11-09,98269,16119,382662,114.83,82150,4716642250.0,21.468031840109546,50000,USc,500,4.6621,4.2609
COTTON,2021-11-16,90641,6382,300523,114.94,84259,4842364729.999999,28.037454703966088,50000,USc,500,4.6621,4.2609
COTTON,2021-11-23,90211,6763,296412,115.65,83448,4825380600.000001,28.152706368163233,50000,USc,500,4.6621,4.2609
COTTON,2021-11-30,88052,6066,281952,106.41,81986,4362065130.0,29.07799909204404,50000,USc,500,4.6621,4.2609
COTTON,2021-12-07,85795,5711,274103,106.38,80084,4259667960.0,29.216754285797673,50000,USc,500,4.6621,4.2609
COTTON,2021-12-14,85991,5308,273361,104.61,80683,4220124315.0000005,29.515183219259516,50000,USc,500,4.6621,4.2609
COTTON,2021-12-21,83379,6452,267939,105.24,76927,4047898739.9999995,28.710639361944324,50000,USc,500,4.6621,4.2609
COTTON,2021-12-28,83538,6464,274567,108.21,77074,4170088769.9999995,28.071108326929313,50000,USc,500,4.6621,4.2609
COTTON,2022-01-04,85341,6358,292287,113.54,78983,4483864910.0,27.02241290238704,50000,USc,500,4.511,4.3008
COTTON,2022-01-11,83476,6839,295100,113.84,76637,4362178040.0,25.96984073195527,50000,USc,500,4.511,4.3008
COTTON,2022-01-18,82562,7005,304778,117.78,75557,4449551730.0,24.79083135921884,50000,USc,500,4.511,4.3008
COTTON,2022-01-25,82131,8026,313698,118.59,74105,4394055975.000001,23.623038718767734,50000,USc,500,4.511,4.3008
COTTON,2022-02-01,83706,9070,332639,123.78,74636,4619222040.0,22.437537390384172,50000,USc,500,4.511,4.3008
COTTON,2022-02-08,91083,14575,342536,123.96,76508,4741965840.0,22.335754490039005,50000,USc,500,4.511,4.3008
COTTON,2022-02-15,85193,7513,292692,120.58,77680,4683327200.0,26.53984393150479,50000,USc,500,4.511,4.3008
COTTON,2022-02-22,85980,7495,281705,120.4,78485,4724797000.0,27.8607053477929,50000,USc,500,4.511,4.3008
COTTON,2022-03-01,86588,8135,289440,122.55,78453,4807207575.0,27.105099502487562,50000,USc,500,4.511,4.3008
COTTON,2022-03-08,87003,7536,279054,117.94,79467,4686168990.0,28.47728396654411,50000,USc,500,4.511,4.3008
COTTON,2022-03-15,86414,10058,271411,115.12,76356,4395051360.0,28.13297913496505,50000,USc,500,4.511,4.3008
COTTON,2022-03-22,87081,10237,294903,126.5,76844,4860383000.0,26.05738157970587,50000,USc,500,4.511,4.3008
COTTON,2022-03-29,86718,10391,304518,133.5,76327,5094827250.0,25.064856593042116,50000,USc,500,4.511,4.3008
COTTON,2022-04-05,85439,10637,313889,134.14,74802,5016970140.0,23.8307172280647,50000,USc,500,4.511,4.3008
COTTON,2022-04-12,83904,10627,306594,137.4,73277,5034129900.0,23.900337253827537,50000,USc,500,4.511,4.3008
COTTON,2022-04-19,81244,9296,275946,138.45,71948,4980600300.0,26.0732172236597,50000,USc,500,4.511,4.3008
COTTON,2022-04-26,79010,9226,269240,136.09,69784,4748452280.0,25.91888278116179,50000,USc,500,4.511,4.3008
COTTON,2022-05-03,80270,9730,284906,150.0,70540,5290500000.0,24.75904333359073,50000,USc,500,4.511,4.3008
COTTON,2022-05-10,78262,10115,278315,131.23,68147,4471465404.999999,24.485564917449654,50000,USc,500,4.511,4.3008
COTTON,2022-05-17,79002,10949,285252,139.43,68053,4744314895.000001,23.857150870107834,50000,USc,500,4.511,4.3008
COTTON,2022-05-24,78378,11170,282284,130.6,67208,4388682399.999999,23.808646611214236,50000,USc,500,4.511,4.3008
COTTON,2022-05-31,77683,10745,287123,130.51,66938,4368039189.999999,23.3133535105164,50000,USc,500,4.511,4.3008
COTTON,2022-06-07,76472,10620,283160,127.73,65852,4205637980.0000005,23.256109620002825,50000,USc,500,4.511,4.3008
COTTON,2022-06-14,78299,6200,243439,128.02,72099,4615056990.0,29.616865005196374,50000,USc,500,4.511,4.3008
COTTON,2022-06-21,76993,5766,236562,120.04,71227,4275044540.0,30.109231406565723,50000,USc,500,4.511,4.3008
COTTON,2022-06-28,73654,5735,232751,102.09,67919,3466925355.0,29.1809702213954,50000,USc,500,4.511,4.3008
COTTON,2022-07-05,75736,6543,235841,101.59,69193,3514658435.0,29.33883421457677,50000,USc,500,4.511,4.3008
COTTON,2022-07-12,75788,7757,243803,90.84,68031,3089968020.0,27.904086496064444,50000,USc,500,4.511,4.3008
COTTON,2022-07-19,77904,9098,250773,92.42,68806,3179525260.0000005,27.437563055033838,50000,USc,500,4.511,4.3008
COTTON,2022-07-26,78810,9288,260143,94.6,69522,3288390599.9999995,26.72453227647871,50000,USc,500,4.511,4.3008
COTTON,2022-08-02,81846,9566,265225,94.15,72280,3402581000.0,27.252332924875105,50000,USc,500,4.511,4.3008
COTTON,2022-08-09,84254,10907,267638,99.04,73347,3632143440.0000005,27.405301190413915,50000,USc,500,4.511,4.3008
COTTON,2022-08-16,83576,10086,293923,116.95,73490,4297327750.0,25.003147082739357,50000,USc,500,4.511,4.3008
COTTON,2022-08-23,83816,9389,288628,112.41,74427,4183169534.9999995,25.786479482240114,50000,USc,500,4.511,4.3008
COTTON,2022-08-30,84499,10421,296671,112.2,74078,4155775800.0000005,24.969747632899743,50000,USc,500,4.511,4.3008
COTTON,2022-09-06,81367,11889,291233,103.48,69478,3594791720.0,23.856499778527844,50000,USc,500,4.511,4.3008
COTTON,2022-09-13,80940,11762,290812,102.25,69178,3536725250.0,23.78787670384991,50000,USc,500,4.511,4.3008
COTTON,2022-09-20,80941,13003,302640,93.12,67938,3163193280.0000005,22.448453608247423,50000,USc,500,4.511,4.3008
COTTON,2022-09-27,80265,14344,313824,88.36,65921,2912389780.0,21.005722952992762,50000,USc,500,4.511,4.3008
COTTON,2022-10-04,80336,14535,331154,88.2,65801,2901824100.0,19.87021144241048,50000,USc,500,4.511,4.3008
COTTON,2022-10-11,79996,14330,346652,87.05,65666,2858112650.0,18.942916815711435,50000,USc,500,4.511,4.3008
COTTON,2022-10-18,78814,13934,347483,81.46,64880,2642562400.0,18.671417018962078,50000,USc,500,4.511,4.3008
COTTON,2022-10-25,80206,15207,351058,77.7,64999,2525211150.0,18.515174130770415,50000,USc,500,4.511,4.3008
COTTON,2022-11-01,80696,16574,363111,74.64,64122,2393033040.0,17.659062931169807,50000,USc,500,4.511,4.3008
COTTON,2022-11-08,83676,14823,346839,85.89,68853,2956892085.0,19.85157378495498,50000,USc,500,4.511,4.3008
COTTON,2022-11-15,82541,10820,267305,87.0,71721,3119863500.0,26.831147939619537,50000,USc,500,4.511,4.3008
COTTON,2022-11-22,81821,11173,258959,82.17,70648,2902573080.0,27.28153877640862,50000,USc,500,4.511,4.3008
COTTON,2022-11-29,81333,11262,260426,80.67,70071,2826313785.0,26.90629967821953,50000,USc,500,4.511,4.3008
COTTON,2022-12-06,82295,11031,262220,84.66,71264,3016605119.9999995,27.177179467622608,50000,USc,500,4.511,4.3008
COTTON,2022-12-13,82836,12018,264306,81.56,70818,2887958040.0,26.793943383805136,50000,USc,500,4.511,4.3008
COTTON,2022-12-20,80355,10668,258273,87.3,69687,3041837550.0,26.981914485834757,50000,USc,500,4.511,4.3008
COTTON,2022-12-27,78393,9474,251829,84.02,68919,2895287190.0,27.36738024611939,50000,USc,500,4.511,4.3008
COTTON,2023-01-03,78295,12384,257096,83.3,65911,2745193150.0,25.636727136944952,50000,USc,500,5.3108,4.4963
COTTON,2023-01-10,74636,12901,261420,84.79,61735,2617255325.0,23.615255144977432,50000,USc,500,5.3108,4.4963
COTTON,2023-01-17,77706,14040,260922,82.95,63666,2640547350.0,24.40039552050038,50000,USc,500,5.3108,4.4963
COTTON,2023-01-24,75996,13543,268428,86.85,62453,2712021525.0,23.266201737523655,50000,USc,500,5.3108,4.4963
COTTON,2023-01-31,75700,15000,269682,86.95,60700,2638932500.0,22.507990892977656,50000,USc,500,5.3108,4.4963
COTTON,2023-02-07,72938,10759,268948,86.41,62179,2686443695.0,23.119339054389695,50000,USc,500,5.3108,4.4963
COTTON,2023-02-14,72767,9434,231269,85.85,63333,2718569025.0,27.384993232988425,50000,USc,500,5.3108,4.4963
COTTON,2023-02-21,70216,8738,226698,81.53,61478,2506150670.0,27.118898269945035,50000,USc,500,5.3108,4.4963
COTTON,2023-02-28,69295,7331,227371,83.99,61964,2602178179.9999995,27.252376072586216,50000,USc,500,5.3108,4.4963
COTTON,2023-03-07,67198,8090,227477,82.7,59108,2444115800.0000005,25.98416543210962,50000,USc,500,5.3108,4.4963
COTTON,2023-03-14,68221,11256,235374,81.78,56965,2329298850.0,24.20190845208052,50000,USc,500,5.3108,4.4963
COTTON,2023-03-21,71350,15270,245455,78.42,56080,2198896800.0000005,22.847365097472043,50000,USc,500,5.3108,4.4963
COTTON,2023-03-28,69971,15893,249228,82.99,54078,2243966610.0,21.69820405411912,50000,USc,500,5.3108,4.4963
COTTON,2023-04-04,69786,15688,241554,81.17,54098,2195567330.0,22.395820396267503,50000,USc,500,5.3108,4.4963
COTTON,2023-04-11,65136,11881,236214,82.9,53255,2207419750.0,22.545234406089392,50000,USc,500,5.3108,4.4963
COTTON,2023-04-18,67106,12133,210295,84.68,54973,2327556820.0000005,26.140897310920373,50000,USc,500,5.3108,4.4963
COTTON,2023-04-25,69195,14267,211321,78.52,54928,2156473280.0,25.992684115634507,50000,USc,500,5.3108,4.4963
COTTON,2023-05-02,68854,14749,214528,80.67,54105,2182325175.0,25.220484039379475,50000,USc,500,5.3108,4.4963
COTTON,2023-05-09,70564,14837,220342,82.18,55727,2289822430.0,25.29113832133683,50000,USc,500,5.3108,4.4963
COTTON,2023-05-16,70107,15060,231305,84.07,55047,2313900645.0,23.798447936706946,50000,USc,500,5.3108,4.4963
COTTON,2023-05-23,73220,15521,241517,80.86,57699,2332770570.0,23.89024375095749,50000,USc,500,5.3108,4.4963
COTTON,2023-05-30,73517,16377,246461,80.73,57140,2306456100.0,23.18419547108873,50000,USc,500,5.3108,4.4963
COTTON,2023-06-06,77576,16456,243850,84.81,61120,2591793600.0,25.064588886610622,50000,USc,500,5.3108,4.4963
COTTON,2023-06-13,73569,7037,207230,83.35,66532,2772721099.9999995,32.105390146214354,50000,USc,500,5.3108,4.4963
COTTON,2023-06-20,73297,6911,207453,83.01,66386,2755350930.0,32.00050131837091,50000,USc,500,5.3108,4.4963
COTTON,2023-06-27,74471,9288,214275,76.32,65183,2487383280.0,30.420254346050633,50000,USc,500,5.3108,4.4963
COTTON,2023-07-03,74256,9068,216044,83.0,65188,2705302000.0,30.173483179352356,50000,USc,500,5.3108,4.4963
COTTON,2023-07-11,73094,8186,217642,81.87,64908,2657008980.0,29.823287784526887,50000,USc,500,5.3108,4.4963
COTTON,2023-07-18,74419,8792,220812,82.32,65627,2701207320.0,29.720757929822657,50000,USc,500,5.3108,4.4963
COTTON,2023-07-25,74791,8871,246110,86.72,65920,2858291200.0,26.784771037341027,50000,USc,500,5.3108,4.4963
COTTON,2023-08-01,77310,10690,264662,86.15,66620,2869656500.0,25.17172846876393,50000,USc,500,5.3108,4.4963
COTTON,2023-08-08,77131,12011,266810,85.32,65120,2778019199.9999995,24.40688130130055,50000,USc,500,5.3108,4.4963
COTTON,2023-08-15,75533,12189,263018,85.06,63344,2694020320.0000005,24.083522800720864,50000,USc,500,5.3108,4.4963
COTTON,2023-08-22,74680,13094,245632,84.31,61586,2596157830.0,25.072466128191767,50000,USc,500,5.3108,4.4963
COTTON,2023-08-29,75015,13339,256338,86.89,61676,2679513820.0,24.060420226419804,50000,USc,500,5.3108,4.4963
COTTON,2023-09-05,76660,12811,282946,88.86,63849,2836811070.0,22.56578993871622,50000,USc,500,5.3108,4.4963
COTTON,2023-09-12,76042,11533,282148,88.3,64509,2848072350.0,22.86353261408906,50000,USc,500,5.3108,4.4963
COTTON,2023-09-19,76931,10333,289398,87.49,66598,2913329510.0,23.0125985666798,50000,USc,500,5.3108,4.4963
COTTON,2023-09-26,77710,9838,296644,88.37,67872,2998924320.0000005,22.879950378231147,50000,USc,500,5.3108,4.4963
COTTON,2023-10-03,76171,9795,308004,87.51,66376,2904281880.0000005,21.550369475721094,50000,USc,500,5.3108,4.4963
COTTON,2023-10-10,74853,9863,309120,87.29,64990,2836488550.0000005,21.024197722567287,50000,USc,500,5.3108,4.4963
COTTON,2023-10-17,73388,11290,304013,85.34,62098,2649721660.0,20.426100199662514,50000,USc,500,5.3108,4.4963
COTTON,2023-10-24,71795,13415,284950,84.61,58380,2469765900.0,20.48780487804878,50000,USc,500,5.3108,4.4963
COTTON,2023-10-31,71080,12782,284742,83.55,58298,2435398949.9999995,20.473972929880382,50000,USc,500,5.3108,4.4963
COTTON,2023-11-07,72484,17087,283999,79.21,55397,2193998185.0,19.5060545987838,50000,USc,500,5.3108,4.4963
COTTON,2023-11-14,70284,14330,235893,81.08,55954,2268375160.0,23.720076475351114,50000,USc,500,5.3108,4.4963
COTTON,2023-11-21,70782,13817,220774,80.52,56965,2293410900.0,25.802404268618588,50000,USc,500,5.3108,4.4963
COTTON,2023-11-28,68638,13578,218833,79.51,55060,2188910300.0000005,25.160739011026674,50000,USc,500,5.3108,4.4963
COTTON,2023-12-05,70390,14849,225469,79.71,55541,2213586554.9999995,24.63354163987067,50000,USc,500,5.3108,4.4963
COTTON,2023-12-12,73316,18027,228171,81.85,55289,2262702324.9999995,24.231387862611815,50000,USc,500,5.3108,4.4963
COTTON,2023-12-19,73646,18726,223473,80.26,54920,2203939600.0,24.575675808710674,50000,USc,500,5.3108,4.4963
COTTON,2023-12-26,74948,20694,225710,81.01,54254,2197558270.0,24.03703867794958,50000,USc,500,5.3108,4.4963
COTTON,2024-01-02,75168,21583,228039,81.05,53585,2171532125.0,23.49817355803174,50000,USc,500,3.8428,4.3984
COTTON,2024-01-09,74281,22158,234519,81.73,52123,2130006395.0,22.22549132479671,50000,USc,500,3.8428,4.3984
COTTON,2024-01-16,74960,22477,240743,82.24,52483,2158100960.0,21.800426180615844,50000,USc,500,3.8428,4.3984
COTTON,2024-01-23,75212,19973,266385,85.76,55239,2368648320.0000005,20.736527957655273,50000,USc,500,3.8428,4.3984
COTTON,2024-01-30,80642,22856,291801,86.0,57786,2484798000.0,19.803222058868887,50000,USc,500,3.8428,4.3984
COTTON,2024-02-06,80764,18787,316266,88.35,61977,2737833974.9999995,19.5964789133198,50000,USc,500,3.8428,4.3984
COTTON,2024-02-13,81080,12603,291073,91.99,68477,3149599614.9999995,23.525713480810655,50000,USc,500,3.8428,4.3984
COTTON,2024-02-20,82188,12906,306043,91.71,69282,3176926110.0,22.637995314383925,50000,USc,500,3.8428,4.3984
COTTON,2024-02-27,81544,12273,324111,98.8,69271,3421987400.0,21.37261617162022,50000,USc,500,3.8428,4.3984
COTTON,2024-03-05,81154,10118,323096,94.35,71036,3351123300.0,21.98603511030777,50000,USc,500,3.8428,4.3984
COTTON,2024-03-12,82054,11369,328311,94.69,70685,3346581324.9999995,21.529890865673096,50000,USc,500,3.8428,4.3984
COTTON,2024-03-19,82151,12209,329988,93.12,69942,3256499520.0,21.19531619331612,50000,USc,500,3.8428,4.3984
COTTON,2024-03-26,84960,13239,332195,93.87,71721,3366225135.0000005,21.59002995228706,50000,USc,500,3.8428,4.3984
COTTON,2024-04-02,86689,14689,334744,91.64,72000,3299040000.0,21.508974021939153,50000,USc,500,3.8428,4.3984
COTTON,2024-04-09,80000,10766,297424,87.95,69234,3044565150.0,23.277879391037708,50000,USc,500,3.8428,4.3984
COTTON,2024-04-16,78492,7693,239034,82.98,70799,2937450510.0000005,29.61879899930554,50000,USc,500,3.8428,4.3984
COTTON,2024-04-23,79430,9980,243894,81.64,69450,2834949000.0,28.475485251789713,50000,USc,500,3.8428,4.3984
COTTON,2024-04-30,80113,11348,246636,78.52,68765,2699713900.0,27.88116901020127,50000,USc,500,3.8428,4.3984
COTTON,2024-05-07,78781,14561,257425,77.39,64220,2484992900.0,24.947071962707586,50000,USc,500,3.8428,4.3984
COTTON,2024-05-14,80901,15717,268731,75.5,65184,2460696000.0,24.25622648670976,50000,USc,500,3.8428,4.3984
COTTON,2024-05-21,82703,17760,274272,76.31,64943,2477900165.0,23.6783193326333,50000,USc,500,3.8428,4.3984
COTTON,2024-05-28,82012,17748,275358,81.69,64264,2624863080.0,23.338344990884593,50000,USc,500,3.8428,4.3984
COTTON,2024-06-04,85105,19484,280672,74.24,65621,2435851520.0,23.379959525709726,50000,USc,500,3.8428,4.3984
COTTON,2024-06-11,85656,14122,248337,72.81,71534,2604195270.0,28.805212272033565,50000,USc,500,3.8428,4.3984
COTTON,2024-06-18,84640,13253,242169,74.2,71387,2648457700.0,29.47817433280065,50000,USc,500,3.8428,4.3984
COTTON,2024-06-25,85960,13291,239479,74.2,72669,2696019900.0,30.344623119354935,50000,USc,500,3.8428,4.3984
COTTON,2024-07-02,86559,13995,238391,71.33,72564,2587995060.0,30.439068588998747,50000,USc,500,3.8428,4.3984
COTTON,2024-07-09,84504,14610,244039,69.24,69894,2419730280.0,28.64050418170866,50000,USc,500,3.8428,4.3984
COTTON,2024-07-16,83872,14855,250510,71.3,69017,2460456050.0,27.55059678256357,50000,USc,500,3.8428,4.3984
COTTON,2024-07-23,84088,15173,259255,69.53,68915,2395829975.0,26.58193670324584,50000,USc,500,3.8428,4.3984
COTTON,2024-07-30,82482,16894,265140,69.57,65588,2281478579.9999995,24.737120012069095,50000,USc,500,3.8428,4.3984
COTTON,2024-08-06,81661,18743,267922,67.32,62918,2117819880.0,23.483700479990443,50000,USc,500,3.8428,4.3984
COTTON,2024-08-13,79893,18869,271586,67.92,61024,2072375040.0,22.469494009264103,50000,USc,500,3.8428,4.3984
COTTON,2024-08-20,78561,19930,268110,69.3,58631,2031564150.0,21.868263026369775,50000,USc,500,3.8428,4.3984
COTTON,2024-08-27,79486,20203,264657,70.03,59283,2075794245.0,22.399936521610993,50000,USc,500,3.8428,4.3984
COTTON,2024-09-03,80503,18276,268784,70.5,62227,2193501750.0,23.151303649026726,50000,USc,500,3.8428,4.3984
COTTON,2024-09-10,81051,18556,272378,68.13,62495,2128892174.9999998,22.94421722752939,50000,USc,500,3.8428,4.3984
COTTON,2024-09-17,82734,18093,277899,72.17,64641,2332570485.0,23.260609070201763,50000,USc,500,3.8428,4.3984
COTTON,2024-09-24,85614,17583,276615,74.1,68031,2520548550.0,24.594110948430128,50000,USc,500,3.8428,4.3984
COTTON,2024-10-01,85672,15458,281200,73.25,70214,2571587750.0,24.96941678520626,50000,USc,500,3.8428,4.3984
COTTON,2024-10-08,91350,16080,293873,72.27,75270,2719881449.9999995,25.613104980722966,50000,USc,500,3.8428,4.3984
COTTON,2024-10-15,93162,18597,296469,72.75,74565,2712301875.0,25.151027594790687,50000,USc,500,3.8428,4.3984
COTTON,2024-10-22,93403,18974,302903,74.08,74429,2756850160.0,24.57189265210315,50000,USc,500,3.8428,4.3984
COTTON,2024-10-29,93883,22534,306254,72.76,71349,2595676620.0,23.297328361425485,50000,USc,500,3.8428,4.3984
COTTON,2024-11-05,92926,24763,311188,72.31,68163,2464433265.0,21.90412226692546,50000,USc,500,3.8428,4.3984
COTTON,2024-11-12,82639,17768,279200,71.17,64871,2308434535.0,23.234598853868192,50000,USc,500,3.8428,4.3984
COTTON,2024-11-19,79285,18674,270216,69.33,60611,2101080315.0,22.430574059271102,50000,USc,500,3.8428,4.3984
COTTON,2024-11-26,77360,19353,264343,71.68,58007,2078970880.0000002,21.943838119413037,50000,USc,500,3.8428,4.3984
COTTON,2024-12-03,81919,19263,264946,71.2,62656,2230553600.0,23.648592543386197,50000,USc,500,3.8428,4.3984
COTTON,2024-12-10,83248,20374,266878,70.67,62874,2221652790.0,23.559079429552078,50000,USc,500,3.8428,4.3984
COTTON,2024-12-17,85236,21928,276603,69.84,63308,2210715360.0000005,22.887676561714805,50000,USc,500,3.8428,4.3984
COTTON,2024-12-24,81447,22695,269460,69.93,58752,2054263680.0000002,21.803607214428858,50000,USc,500,3.8428,4.3984
COTTON,2024-12-31,81381,23586,272093,69.47,57795,2007509325.0,21.24089925135891,50000,USc,500,3.8428,4.3984
COTTON,2025-01-07,81060,24494,278816,69.67,56566,1970476610.0,20.287931826007117,50000,USc,500,3.9465,4.4533
COTTON,2025-01-14,87787,26866,296269,68.65,60921,2091113325.0000002,20.562731841670914,50000,USc,500,3.9465,4.4533
COTTON,2025-01-21,87903,27445,313176,68.75,60458,2078243750.0,19.304799856949447,50000,USc,500,3.9465,4.4533
COTTON,2025-01-28,88335,28528,320516,68.16,59807,2038222559.9999998,18.659598896778945,50000,USc,500,3.9465,4.4533
COTTON,2025-02-04,88277,29927,336188,68.04,58350,1985067000.0000002,17.356360131831,50000,USc,500,3.9465,4.4533
COTTON,2025-02-11,84390,23865,320782,68.49,60525,2072678624.9999998,18.867953937565073,50000,USc,500,3.9465,4.4533
COTTON,2025-02-18,84817,21898,314762,68.92,62919,2168188740.0,19.989388808051796,50000,USc,500,3.9465,4.4533
COTTON,2025-02-25,84598,24324,306673,67.35,60274,2029726949.9999998,19.654159316274992,50000,USc,500,3.9465,4.4533
COTTON,2025-03-04,81289,27163,330115,63.25,54126,1711734750.0,16.396104387864835,50000,USc,500,3.9465,4.4533
COTTON,2025-03-11,80985,25881,320130,67.27,55104,1853423039.9999998,17.213007215818575,50000,USc,500,3.9465,4.4533
COTTON,2025-03-18,83907,26719,321481,67.87,57188,1940674780.0,17.78892065160927,50000,USc,500,3.9465,4.4533
COTTON,2025-03-25,82983,28315,333598,66.77,54668,1825091180.0,16.387388413599602,50000,USc,500,3.9465,4.4533
COTTON,2025-04-01,88858,30801,345902,69.19,58057,2008481915.0,16.78423368468526,50000,USc,500,3.9465,4.4533
COTTON,2025-04-08,80606,22912,326215,66.43,57694,1916306210.0000002,17.685882010330612,50000,USc,500,3.9465,4.4533
COTTON,2025-04-15,74392,14656,262263,66.13,59736,1975170839.9999998,22.77713592843825,50000,USc,500,3.9465,4.4533
COTTON,2025-04-22,75025,15100,259955,67.26,59925,2015277750.0000002,23.05206670385259,50000,USc,500,3.9465,4.4533
COTTON,2025-04-29,71116,13788,254628,66.56,57328,1907875840.0,22.514413183153465,50000,USc,500,3.9465,4.4533
COTTON,2025-05-06,75567,15547,267054,67.82,60020,2035278199.9999998,22.47485527271638,50000,USc,500,3.9465,4.4533
COTTON,2025-05-13,77261,16559,271260,69.55,60702,2110912049.9999998,22.377792523777927,50000,USc,500,3.9465,4.4533
COTTON,2025-05-20,79587,18863,280915,68.8,60724,2088905599.9999998,21.61650321271559,50000,USc,500,3.9465,4.4533
COTTON,2025-05-27,81761,18778,280937,68.35,62983,2152444025.0,22.418905306171848,50000,USc,500,3.9465,4.4533
COTTON,2025-06-03,83513,22409,285027,68.1,61104,2080591199.9999998,21.43796903451252,50000,USc,500,3.9465,4.4533
COTTON,2025-06-10,81137,17810,275442,65.6,63327,2077125599.9999998,22.991047116997407,50000,USc,500,3.9465,4.4533
COTTON,2025-06-17,77892,13772,248931,66.24,64120,2123654400.0,25.758141814398368,50000,USc,500,3.9465,4.4533
COTTON,2025-06-24,77919,13137,239269,67.3,64782,2179914300.0,27.074965833434334,50000,USc,500,3.9465,4.4533
COTTON,2025-07-01,80394,13947,236600,67.52,66447,2243250719.9999995,28.084108199492814,50000,USc,500,3.9465,4.4533
COTTON,2025-07-08,80554,14516,241928,65.86,66038,2174631340.0,27.29655103997884,50000,USc,500,3.9465,4.4533
COTTON,2025-07-15,82069,15189,247946,68.57,66880,2292980800.0,26.97361522266945,50000,USc,500,3.9465,4.4533
COTTON,2025-07-22,82270,16190,255909,68.26,66080,2255310400.0000005,25.821678799885895,50000,USc,500,3.9465,4.4533
COTTON,2025-07-29,82960,17804,259724,67.66,65156,2204227480.0,25.08663042306448,50000,USc,500,3.9465,4.4533
COTTON,2025-08-05,81361,19728,274755,67.16,61633,2069636140.0,22.43198485923823,50000,USc,500,3.9465,4.4533
COTTON,2025-08-12,82175,22521,289340,68.44,59654,2041359880.0,20.61726688325154,50000,USc,500,3.9465,4.4533
COTTON,2025-08-19,83731,23375,282286,67.53,60356,2037920340.0,21.381152448226267,50000,USc,500,3.9465,4.4533
COTTON,2025-08-26,85341,25499,287393,66.67,59842,1994833070.0,20.822358234194986,50000,USc,500,3.9465,4.4533
COTTON,2025-09-02,87638,26474,301261,66.05,61164,2019941099.9999998,20.30266114764274,50000,USc,500,3.9465,4.4533
COTTON,2025-09-09,89013,28279,306465,66.39,60734,2016065130.0000002,19.817597441795964,50000,USc,500,3.9465,4.4533
COTTON,2025-09-16,90338,29103,309972,67.67,61235,2071886225.0,19.75501012994722,50000,USc,500,3.9465,4.4533
COTTON,2025-09-23,86189,27762,316073,66.61,58427,1945911234.9999998,18.485286626823548,50000,USc,500,3.9465,4.4533
COTTON,2025-09-30,87117,29606,332095,65.72,57511,1889811460.0,17.317635014077297,50000,USc,500,3.9465,4.4533
COTTON,2025-10-07,87143,30915,338558,64.44,56228,1811666160.0,16.608084877628055,50000,USc,500,3.9465,4.4533
COTTON,2025-10-14,87425,32341,359283,65.05,55084,1791607099.9999998,15.331646640670446,50000,USc,500,3.9465,4.4533
COTTON,2025-10-21,85352,32096,345697,65.96,53256,1756382880.0,15.405398369092008,50000,USc,500,3.9465,4.4533
COTTON,2025-10-28,83691,30689,355659,66.59,53002,1764701590.0,14.902476810652901,50000,USc,500,3.9465,4.4533
COTTON,2025-11-04,84978,29391,364761,66.38,55587,1844932529.9999998,15.239293674488227,50000,USc,500,3.9465,4.4533
COTTON,2025-11-10,84759,24271,333835,65.81,60488,1990357640.0000002,18.119130708284032,50000,USc,500,3.9465,4.4533
COTTON,2025-11-18,85347,25178,324386,64.44,60169,1938645180.0,18.54858101151098,50000,USc,500,3.9465,4.4533
COTTON,2025-11-25,85787,28228,329609,64.23,57559,1848507285.0000002,17.46281199845878,50000,USc,500,3.9465,4.4533
COTTON,2025-12-02,87511,30430,332958,64.61,57081,1844001705.0,17.14360369776368,50000,USc,500,3.9465,4.4533
COTTON,2025-12-09,88466,31039,340353,64.95,57427,1864941825.0000002,16.872776205880367,50000,USc,500,3.9465,4.4533
COTTON,2025-12-16,90031,32042,352767,64.3,57989,1864346349.9999998,16.438328982019293,50000,USc,500,3.9465,4.4533
COTTON,2025-12-23,87447,33803,350606,65.19,53644,1748526180.0,15.300365652612905,50000,USc,500,3.9465,4.4533
COTTON,2025-12-30,87421,33860,352783,65.63,53561,1757604214.9999998,15.18242092164305,50000,USc,500,3.9465,4.4533
COTTON,2026-01-06,88123,34013,366974,66.49,54110,1798886950.0,14.744913808607693,50000,USc,500,3.1096,4.4349
COTTON,2026-01-13,90226,31284,383739,66.43,58942,1957758530.0000002,15.359919111687892,50000,USc,500,3.1096,4.4349
COTTON,2026-01-20,92089,31997,394663,65.94,60092,1981233240.0,15.226154972723563,50000,USc,500,3.1096,4.4349
COTTON,2026-01-27,88608,35060,421666,65.42,53548,1751555080.0,12.699150512490927,50000,USc,500,3.1096,4.4349
COTTON,2026-02-03,86683,35064,444633,64.09,51619,1654130855.0,11.609349733375614,50000,USc,500,3.1096,4.4349
COTTON,2026-02-10,84704,27287,412543,63.77,57417,1830741045.0000002,13.91782189977772,50000,USc,500,3.1096,4.4349
COTTON,2026-02-17,88030,27323,391403,63.61,60707,1930786135.0,15.5101008423543,50000,USc,500,3.1096,4.4349
COTTON,2026-02-24,87557,27368,380181,65.5,60189,1971189750.0,15.831669652086768,50000,USc,500,3.1096,4.4349
COTTON,2026-03-03,87496,31480,385574,64.16,56016,1796993279.9999998,14.527950536083864,50000,USc,500,3.1096,4.4349
COTTON,2026-03-10,83351,32384,394433,67.12,50967,1710452520.0,12.921586175598899,50000,USc,500,3.1096,4.4349
COTTON,2026-03-17,79601,31381,427058,70.67,48220,1703853700.0,11.291206346678905,50000,USc,500,3.1096,4.4349
COTTON,2026-03-24,76618,29752,416388,69.71,46866,1633514430.0,11.255367589844088,50000,USc,500,3.1096,4.4349
COTTON,2026-03-31,78859,31795,455684,72.1,47064,1696657200.0,10.328209899842873,50000,USc,500,3.1096,4.4349
COTTON,2026-04-07,78087,29238,467100,73.51,48849,1795444995.0,10.457931920359666,50000,USc,500,3.1096,4.4349
COTTON,2026-04-14,77065,24109,427192,76.47,52956,2024772660.0,12.396299556171464,50000,USc,500,3.1096,4.4349
COTTON,2026-04-21,77030,24397,465720,80.83,52633,2127162694.9999998,11.301425749377309,50000,USc,500,3.1096,4.4349
COTTON,2026-04-28,77796,21703,459650,79.7,56093,2235306050.0000005,12.20341564233656,50000,USc,500,3.1096,4.4349
COTTON,2026-05-05,78745,21184,496723,84.86,57561,2442313230.0,11.588148726755152,50000,USc,500,3.1096,4.4349
COTTON,2026-05-12,79357,25457,515041,87.44,53900,2356508000.0,10.465186266724396,50000,USc,500,3.1096,4.4349
COTTON,2026-05-19,84623,25622,503157,83.0,59001,2448541500.0,11.726161019323989,50000,USc,500,3.1096,4.4349
COTTON,2026-05-26,83097,25783,501880,79.69,57314,2283676330.0,11.419861321431418,50000,USc,500,3.1096,4.4349
COTTON,2026-06-02,84491,26889,513587,80.0,57602,2304080000.0,11.215626563756482,50000,USc,500,3.1096,4.4349
COTTON,2026-06-09,76720,26085,482252,73.73,50635,1866659275.0000002,10.499697253717972,50000,USc,500,3.1096,4.4349
COTTON,2026-06-16,76501,21272,427110,77.88,55229,2150617260.0,12.930860902343658,50000,USc,500,3.1096,4.4349
COTTON,2026-06-23,78538,21700,425263,76.81,56838,2182863390.0,13.365376249520885,50000,USc,500,3.1096,4.4349
COTTON,2026-06-30,76054,22082,428610,74.93,53972,2022060980.0000002,12.592333356664568,50000,USc,500,3.1096,4.4349
COTTON,2026-07-07,80724,26104,454315,79.47,54620,2170325700.0,12.022495405170423,50000,USc,500,3.1096,4.4349
COTTON,2026-07-14,82618,27015,456949,80.94,55603,2250253410.0,12.16831637666348,50000,USc,500,3.1096,4.4349
COTTON,2026-07-21,85573,26439,448035,80.39,59134,2376891130.0,13.198522436863191,50000,USc,500,3.1096,4.4349
COTTON,2026-07-28,86814,26279,455225,80.62,60535,2440165850.0,13.297819759459609,50000,USc,500,3.1096,4.4349
COTTON,2026-08-04,89231,25719,473629,82.32,63512,2614153920.0,13.409651858311042,50000,USc,500,3.1096,4.4349
COTTON,2026-08-11,92626,26523,498899,84.43,66103,2790538145.0,13.2497760067669,50000,USc,500,3.1096,4.4349
COTTON,2026-08-18,96916,28763,511090,85.41,68153,2910473864.9999995,13.334833395292414,50000,USc,500,3.1096,4.4349
COTTON,2026-08-25,102069,30142,514283,88.31,71927,3175936685.0,13.985879369918896,50000,USc,500,3.1096,4.4349
FEEDER,2016-01-05,6480,243,48217,165.175,6237,515098237.50000006,12.935271792106517,50000,USc,500,4.5329,0.0
FEEDER,2016-01-12,7572,595,51305,156.55,6977,546124675.0,13.599064418672643,50000,USc,500,4.5329,0.0
FEEDER,2016-01-19,7794,588,51935,150.9,7206,543692700.0000001,13.875036102820834,50000,USc,500,4.5329,0.0
FEEDER,2016-01-26,7862,629,51319,158.725,7233,574028962.5,14.0941951324071,50000,USc,500,4.5329,0.0
FEEDER,2016-02-02,8475,672,47795,156.9,7803,612145350.0,16.32597552045193,50000,USc,500,4.5329,0.0
FEEDER,2016-02-09,8148,725,50799,150.475,7423,558487962.5,14.612492371897085,50000,USc,500,4.5329,0.0
FEEDER,2016-02-16,8231,854,50935,154.0,7377,568029000.0,14.483164817905173,50000,USc,500,4.5329,0.0
FEEDER,2016-02-23,8176,803,51524,156.8,7373,578043200.0000001,14.309836192842171,50000,USc,500,4.5329,0.0
FEEDER,2016-03-01,8677,859,52396,158.25,7818,618599250.0,14.920986334834721,50000,USc,500,4.5329,0.0
FEEDER,2016-03-08,8565,592,51506,158.8,7973,633056200.0000001,15.479749932046753,50000,USc,500,4.5329,0.0
FEEDER,2016-03-15,8847,753,54418,165.0,8094,667755000.0,14.873755007534273,50000,USc,500,4.5329,0.0
FEEDER,2016-03-22,8743,764,54833,157.075,7979,626650712.4999999,14.551456239855561,50000,USc,500,4.5329,0.0
FEEDER,2016-03-29,8828,743,47932,154.725,8085,625475812.5,16.86764583159476,50000,USc,500,4.5329,0.0
FEEDER,2016-04-05,9374,742,49910,150.2,8632,648263200.0,17.295131236225206,50000,USc,500,4.5329,0.0
FEEDER,2016-04-12,9627,546,50702,151.0,9081,685615500.0,17.910536073527673,50000,USc,500,4.5329,0.0
FEEDER,2016-04-19,9958,746,54827,145.55,9212,670403300.0,16.801940649679903,50000,USc,500,4.5329,0.0
FEEDER,2016-04-26,9920,786,58369,145.125,9134,662785875.0,15.648717641213658,50000,USc,500,4.5329,0.0
FEEDER,2016-05-03,10352,913,55079,142.95,9439,674652524.9999999,17.137202926705278,50000,USc,500,4.5329,0.0
FEEDER,2016-05-10,10382,917,52882,150.55,9465,712477875.0,17.898339699708785,50000,USc,500,4.5329,0.0
FEEDER,2016-05-17,10002,892,51733,148.7,9110,677328500.0,17.609649546710997,50000,USc,500,4.5329,0.0
FEEDER,2016-05-24,10258,853,52783,142.15,9405,668460375.0,17.81823693234564,50000,USc,500,4.5329,0.0
FEEDER,2016-05-31,10579,914,46426,145.5,9665,703128750.0,20.818076078059708,50000,USc,500,4.5329,0.0
FEEDER,2016-06-07,10723,1000,48284,143.2,9723,696166799.9999999,20.13710545936542,50000,USc,500,4.5329,0.0
FEEDER,2016-06-14,11074,908,50488,140.6,10166,714669799.9999999,20.13547773728411,50000,USc,500,4.5329,0.0
FEEDER,2016-06-21,11171,873,52638,137.825,10298,709660924.9999999,19.563813214787796,50000,USc,500,4.5329,0.0
FEEDER,2016-06-28,11395,1087,53212,139.7,10308,720013799.9999999,19.37157032248365,50000,USc,500,4.5329,0.0
FEEDER,2016-07-05,11730,1384,53785,143.525,10346,742454825.0000001,19.235846425583343,50000,USc,500,4.5329,0.0
FEEDER,2016-07-12,11552,1063,55537,137.6,10489,721643200.0,18.8865080937033,50000,USc,500,4.5329,0.0
FEEDER,2016-07-19,11859,1113,55734,138.5,10746,744160500.0,19.280869846054475,50000,USc,500,4.5329,0.0
FEEDER,2016-07-26,11433,1247,56110,140.9,10186,717603700.0000001,18.15362680449118,50000,USc,500,4.5329,0.0
FEEDER,2016-08-02,10892,1931,57560,144.0,8961,645192000.0,15.568102849200836,50000,USc,500,4.5329,0.0
FEEDER,2016-08-09,11065,1661,58392,149.05,9404,700833100.0000001,16.104945882997672,50000,USc,500,4.5329,0.0
FEEDER,2016-08-16,10946,1610,57113,145.475,9336,679077299.9999999,16.34654106770788,50000,USc,500,4.5329,0.0
FEEDER,2016-08-23,10799,1620,55475,144.0,9179,660888000.0,16.546191978368636,50000,USc,500,4.5329,0.0
FEEDER,2016-08-30,11914,1840,50217,139.625,10074,703291125.0,20.060935539757452,50000,USc,500,4.5329,0.0
FEEDER,2016-09-06,12232,1613,55189,127.575,10619,677359462.5,19.241153128340795,50000,USc,500,4.5329,0.0
FEEDER,2016-09-13,11517,702,54027,130.475,10815,705543562.5,20.017768893331112,50000,USc,500,4.5329,0.0
FEEDER,2016-09-20,11475,733,55859,130.975,10742,703466725.0,19.230562666714405,50000,USc,500,4.5329,0.0
FEEDER,2016-09-27,11433,850,58191,126.55,10583,669639325.0,18.1866611675345,50000,USc,500,4.5329,0.0
FEEDER,2016-10-04,12364,1674,54610,123.575,10690,660508375.0,19.575169382896906,50000,USc,500,4.5329,0.0
FEEDER,2016-10-11,11924,1031,55775,119.0,10893,648133500.0,19.530255490811296,50000,USc,500,4.5329,0.0
FEEDER,2016-10-18,11742,730,58004,117.975,11012,649570350.0,18.98489759326943,50000,USc,500,4.5329,0.0
FEEDER,2016-10-25,11739,943,58099,122.525,10796,661389950.0000001,18.582075422984907,50000,USc,500,4.5329,0.0
FEEDER,2016-11-01,11557,1408,52019,120.325,10149,610589212.5,19.510178973067532,50000,USc,500,4.5329,0.0
FEEDER,2016-11-08,12911,2421,52092,119.475,10490,626646375.0,20.137449128465022,50000,USc,500,4.5329,0.0
FEEDER,2016-11-15,12499,2293,53866,123.175,10206,628562025.0,18.947016670998405,50000,USc,500,4.5329,0.0
FEEDER,2016-11-22,12381,2336,51689,119.8,10045,601695500.0,19.43353518156668,50000,USc,500,4.5329,0.0
FEEDER,2016-11-29,13023,2194,53406,122.975,10829,665848137.5,20.27674793094409,50000,USc,500,4.5329,0.0
FEEDER,2016-12-06,12533,2004,55360,123.4,10529,649639300.0,19.01914739884393,50000,USc,500,4.5329,0.0
FEEDER,2016-12-13,11029,445,54140,126.05,10584,667056600.0,19.549316586627263,50000,USc,500,4.5329,0.0
FEEDER,2016-12-20,10954,220,53696,126.0,10734,676242000.0,19.990315852205008,50000,USc,500,4.5329,0.0
FEEDER,2016-12-27,10940,217,55061,125.875,10723,674878812.5,19.474764352263854,50000,USc,500,4.5329,0.0
FEEDER,2017-01-03,10544,204,56258,124.875,10340,645603750.0,18.37960823349568,50000,USc,500,4.5329,0.0
FEEDER,2017-01-10,11396,967,59319,129.575,10429,675668837.4999999,17.581213439201605,50000,USc,500,4.5329,0.0
FEEDER,2017-01-17,12240,1304,61624,129.875,10936,710156500.0,17.746332597689214,50000,USc,500,4.5329,0.0
FEEDER,2017-01-24,12561,1144,63659,130.075,11417,742533137.5,17.9346203993151,50000,USc,500,4.5329,0.0
FEEDER,2017-01-31,13533,1615,58466,122.2,11918,728189800.0,20.384496972599457,50000,USc,500,4.5329,0.0
FEEDER,2017-02-07,12956,1887,57334,124.45,11069,688768525.0,19.30617085847839,50000,USc,500,4.5329,0.0
FEEDER,2017-02-14,12642,1765,60306,123.775,10877,673150337.5,18.03634795874374,50000,USc,500,4.5329,0.0
FEEDER,2017-02-21,12828,1797,59827,125.0,11031,689437500.0,18.438163371053204,50000,USc,500,4.5329,0.0
FEEDER,2017-02-28,14139,2512,60076,124.475,11627,723635412.5,19.35381849657101,50000,USc,500,4.5329,0.0
FEEDER,2017-03-07,13962,2502,59711,122.125,11460,699776250.0,19.192443603356164,50000,USc,500,4.5329,0.0
FEEDER,2017-03-14,13553,1869,60038,127.25,11684,743394500.0,19.461008028248774,50000,USc,500,4.5329,0.0
FEEDER,2017-03-21,13918,2045,67322,132.825,11873,788515612.4999999,17.636136775496865,50000,USc,500,4.5329,0.0
FEEDER,2017-03-28,14233,2420,71730,133.225,11813,786893462.5,16.46870207723407,50000,USc,500,4.5329,0.0
FEEDER,2017-04-04,14401,2454,69298,130.2,11947,777749700.0,17.240035787468614,50000,USc,500,4.5329,0.0
FEEDER,2017-04-11,13119,919,71906,137.4,12200,838140000.0,16.96659527716741,50000,USc,500,4.5329,0.0
FEEDER,2017-04-18,13761,1527,73629,140.25,12234,857909250.0,16.61573564763884,50000,USc,500,4.5329,0.0
FEEDER,2017-04-25,14060,1474,71790,137.925,12586,867962025.0,17.53168965036913,50000,USc,500,4.5329,0.0
FEEDER,2017-05-02,14815,1411,71879,155.775,13404,1044004050.0,18.648005676205845,50000,USc,500,4.5329,0.0
FEEDER,2017-05-09,15390,1704,73779,152.15,13686,1041162450.0000001,18.549993900703452,50000,USc,500,4.5329,0.0
FEEDER,2017-05-16,15001,1877,71905,148.275,13124,972980550.0,18.2518600931785,50000,USc,500,4.5329,0.0
FEEDER,2017-05-23,14877,1814,73175,151.5,13063,989522250.0,17.85172531602323,50000,USc,500,4.5329,0.0
FEEDER,2017-05-30,14410,1449,66467,149.575,12961,969320787.5,19.499902207110296,50000,USc,500,4.5329,0.0
FEEDER,2017-06-06,14449,1367,69451,155.0,13082,1013855000.0,18.836301853105066,50000,USc,500,4.5329,0.0
FEEDER,2017-06-13,14518,1269,69758,149.7,13249,991687649.9999999,18.992803692766422,50000,USc,500,4.5329,0.0
FEEDER,2017-06-20,14092,970,69222,144.1,13122,945440100.0,18.956401144144923,50000,USc,500,4.5329,0.0
FEEDER,2017-06-27,13968,986,71309,145.6,12982,945089600.0,18.205275631406977,50000,USc,500,4.5329,0.0
FEEDER,2017-07-03,14930,1370,72109,147.3,13560,998694000.0000001,18.804864857368706,50000,USc,500,4.5329,0.0
FEEDER,2017-07-11,14453,1015,73518,147.85,13438,993404149.9999999,18.278516825811366,50000,USc,500,4.5329,0.0
FEEDER,2017-07-18,14534,1091,75332,151.15,13443,1015954725.0000001,17.845006106302765,50000,USc,500,4.5329,0.0
FEEDER,2017-07-25,15059,1162,75128,147.575,13897,1025424887.5,18.497763816419976,50000,USc,500,4.5329,0.0
FEEDER,2017-08-01,15138,1374,73732,149.825,13764,1031095649.9999999,18.66760700916834,50000,USc,500,4.5329,0.0
FEEDER,2017-08-08,15187,1501,75771,146.225,13686,1000617674.9999999,18.062319357009937,50000,USc,500,4.5329,0.0
FEEDER,2017-08-15,14491,814,72140,146.4,13677,1001156400.0,18.958968672026614,50000,USc,500,4.5329,0.0
FEEDER,2017-08-22,14216,582,71054,141.975,13634,967843575.0,19.18822304163031,50000,USc,500,4.5329,0.0
FEEDER,2017-08-29,14267,495,70030,142.775,13772,983148650.0,19.665857489647294,50000,USc,500,4.5329,0.0
FEEDER,2017-09-05,13982,895,60632,142.05,13087,929504175.0,21.584311914500592,50000,USc,500,4.5329,0.0
FEEDER,2017-09-12,13510,455,61732,149.125,13055,973413437.5,21.14786496468606,50000,USc,500,4.5329,0.0
FEEDER,2017-09-19,13597,360,64749,152.925,13237,1012134112.5,20.443558973883764,50000,USc,500,4.5329,0.0
FEEDER,2017-09-26,13963,695,70977,150.425,13268,997919450.0000001,18.693379545486565,50000,USc,500,4.5329,0.0
FEEDER,2017-10-03,14325,1354,68644,154.3,12971,1000712650.0,18.89604335411689,50000,USc,500,4.5329,0.0
FEEDER,2017-10-10,13269,731,69006,156.175,12538,979061075.0000001,18.16943454192389,50000,USc,500,4.5329,0.0
FEEDER,2017-10-17,12772,217,70406,152.5,12555,957318750.0,17.832287020992528,50000,USc,500,4.5329,0.0
FEEDER,2017-10-24,12888,362,73144,156.3,12526,978906900.0,17.125123044952424,50000,USc,500,4.5329,0.0
FEEDER,2017-10-31,13919,188,72026,159.6,13731,1095733800.0,19.06394912948102,50000,USc,500,4.5329,0.0
FEEDER,2017-11-07,13568,188,75308,160.775,13380,1075584750.0,17.767036702607957,50000,USc,500,4.5329,0.0
FEEDER,2017-11-14,12776,273,71950,153.925,12503,962262137.5000001,17.37734537873523,50000,USc,500,4.5329,0.0
FEEDER,2017-11-21,12829,215,64344,149.65,12614,943842550.0,19.604003481288075,50000,USc,500,4.5329,0.0
FEEDER,2017-11-28,13339,593,64089,152.8,12746,973794400.0,19.88796829409103,50000,USc,500,4.5329,0.0
FEEDER,2017-12-05,14758,1169,66641,145.7,13589,989958649.9999999,20.391350670007956,50000,USc,500,4.5329,0.0
FEEDER,2017-12-12,14454,229,63823,145.15,14225,1032379375.0,22.28820331228554,50000,USc,500,4.5329,0.0
FEEDER,2017-12-19,14207,172,64854,142.95,14035,1003151624.9999999,21.640916520183797,50000,USc,500,4.5329,0.0
FEEDER,2017-12-26,13544,172,64327,141.3,13372,944731800.0,20.78753866960996,50000,USc,500,4.5329,0.0
FEEDER,2018-01-02,14207,654,62578,147.1,13553,996823149.9999999,21.657771101665123,50000,USc,500,4.857,0.0
FEEDER,2018-01-09,14342,509,63688,143.0,13833,989059500.0,21.719947242808693,50000,USc,500,4.857,0.0
FEEDER,2018-01-16,15128,621,64384,144.025,14507,1044685337.5,22.531995526838966,50000,USc,500,4.857,0.0
FEEDER,2018-01-23,15282,542,65271,147.2,14740,1084864000.0,22.5827702961499,50000,USc,500,4.857,0.0
FEEDER,2018-01-30,15611,768,63550,148.075,14843,1098938612.4999998,23.356412273800156,50000,USc,500,4.857,0.0
FEEDER,2018-02-06,15008,663,66498,149.3,14345,1070854250.0,21.572077355709947,50000,USc,500,4.857,0.0
FEEDER,2018-02-13,15163,1081,65557,149.775,14082,1054565775.0000001,21.480543649038243,50000,USc,500,4.857,0.0
FEEDER,2018-02-20,14412,376,67879,152.525,14036,1070420450.0,20.67797109562604,50000,USc,500,4.857,0.0
FEEDER,2018-02-27,15379,1269,68689,148.925,14110,1050665875.0,20.54186259808703,50000,USc,500,4.857,0.0
FEEDER,2018-03-06,16371,1858,67597,146.075,14513,1059993237.4999998,21.469887716910513,50000,USc,500,4.857,0.0
FEEDER,2018-03-13,14641,732,64739,142.375,13909,990146937.5,21.484730996771653,50000,USc,500,4.857,0.0
FEEDER,2018-03-20,14293,625,67655,137.5,13668,939675000.0,20.20249796762989,50000,USc,500,4.857,0.0
FEEDER,2018-03-27,14508,744,71415,135.475,13764,932338950.0,19.273261919764757,50000,USc,500,4.857,0.0
FEEDER,2018-04-03,14675,1547,68089,130.9,13128,859227600.0000001,19.280647387977503,50000,USc,500,4.857,0.0
FEEDER,2018-04-10,13867,870,63632,135.45,12997,880221825.0,20.425257731958762,50000,USc,500,4.857,0.0
FEEDER,2018-04-17,14302,1674,61768,140.375,12628,886327750.0,20.444242973708068,50000,USc,500,4.857,0.0
FEEDER,2018-04-24,12801,1259,60397,139.925,11542,807507175.0,19.110220706326473,50000,USc,500,4.857,0.0
FEEDER,2018-05-01,12302,1302,53748,143.425,11000,788837500.0000001,20.46587780010419,50000,USc,500,4.857,0.0
FEEDER,2018-05-08,12730,1344,54576,143.775,11386,818511075.0000001,20.862650249193784,50000,USc,500,4.857,0.0
FEEDER,2018-05-15,12738,1651,57504,138.525,11087,767913337.5,19.280397885364497,50000,USc,500,4.857,0.0
FEEDER,2018-05-22,12870,1586,58112,140.9,11284,794957800.0,19.417676211453745,50000,USc,500,4.857,0.0
FEEDER,2018-05-29,13462,1565,52710,144.75,11897,861045375.0,22.570669702143807,50000,USc,500,4.857,0.0
FEEDER,2018-06-05,13504,1502,51052,147.525,12002,885297525.0,23.509363002428895,50000,USc,500,4.857,0.0
FEEDER,2018-06-12,13456,1685,52652,147.25,11771,866639875.0,22.356225784395654,50000,USc,500,4.857,0.0
FEEDER,2018-06-19,14360,1763,53784,150.0,12597,944775000.0,23.421463632307006,50000,USc,500,4.857,0.0
FEEDER,2018-06-26,14296,1673,55196,146.5,12623,924634750.0,22.869410826871512,50000,USc,500,4.857,0.0
FEEDER,2018-07-03,15511,1811,55654,152.625,13700,1045481250.0,24.61637977503863,50000,USc,500,4.857,0.0
FEEDER,2018-07-10,16437,2382,55937,151.925,14055,1067652937.5,25.126481577488963,50000,USc,500,4.857,0.0
FEEDER,2018-07-17,18630,2589,57049,152.15,16041,1220319075.0,28.117933706112293,50000,USc,500,4.857,0.0
FEEDER,2018-07-24,18774,1924,62870,153.625,16850,1294290625.0,26.801336090345156,50000,USc,500,4.857,0.0
FEEDER,2018-07-31,17709,1442,64425,149.3,16267,1214331550.0,25.249514939852542,50000,USc,500,4.857,0.0
FEEDER,2018-08-07,17981,1442,65279,148.575,16539,1228640962.5,25.335866051869665,50000,USc,500,4.857,0.0
FEEDER,2018-08-14,18381,1646,59888,148.525,16735,1242782937.5,27.943828479829016,50000,USc,500,4.857,0.0
FEEDER,2018-08-21,18072,1124,59812,150.875,16948,1278514750.0,28.335451080050827,50000,USc,500,4.857,0.0
FEEDER,2018-08-28,17972,1205,59603,149.35,16767,1252075724.9999998,28.131134338875558,50000,USc,500,4.857,0.0
FEEDER,2018-09-04,17533,991,55697,151.625,16542,1254090375.0,29.699983841140455,50000,USc,500,4.857,0.0
FEEDER,2018-09-11,17882,1359,57865,152.55,16523,1260291825.0000002,28.554393847749072,50000,USc,500,4.857,0.0
FEEDER,2018-09-18,17949,1981,62773,158.175,15968,1262869200.0000002,25.437688178038332,50000,USc,500,4.857,0.0
FEEDER,2018-09-25,17119,1671,63792,156.525,15448,1208999100.0,24.216202658640583,50000,USc,500,4.857,0.0
FEEDER,2018-10-02,17215,1277,65345,159.25,15938,1269063250.0,24.390542505164895,50000,USc,500,4.857,0.0
FEEDER,2018-10-09,16908,1021,65830,157.6,15887,1251895599.9999998,24.133373841713503,50000,USc,500,4.857,0.0
FEEDER,2018-10-16,17906,851,64604,154.1,17055,1314087750.0,26.399294161352238,50000,USc,500,4.857,0.0
FEEDER,2018-10-23,18214,716,61803,155.8,17498,1363094200.0000002,28.31254146238856,50000,USc,500,4.857,0.0
FEEDER,2018-10-30,16936,680,56598,148.2,16256,1204569599.9999998,28.721862963355594,50000,USc,500,4.857,0.0
FEEDER,2018-11-06,18130,616,57827,146.55,17514,1283338350.0,30.28689020699673,50000,USc,500,4.857,0.0
FEEDER,2018-11-13,18216,1106,58424,146.975,17110,1257371125.0,29.28590990004108,50000,USc,500,4.857,0.0
FEEDER,2018-11-20,18894,1300,55025,144.175,17594,1268307475.0,31.974557019536576,50000,USc,500,4.857,0.0
FEEDER,2018-11-27,19142,1414,56293,145.925,17728,1293479200.0000002,31.49237027694385,50000,USc,500,4.857,0.0
FEEDER,2018-12-04,18614,1298,58176,141.775,17316,1227487950.0,29.76485148514851,50000,USc,500,4.857,0.0
FEEDER,2018-12-11,17173,1281,57362,145.1,15892,1152964599.9999998,27.704752275025278,50000,USc,500,4.857,0.0
FEEDER,2018-12-18,16604,1596,57852,144.2,15008,1082076799.9999998,25.942059047223953,50000,USc,500,4.857,0.0
FEEDER,2018-12-24,16526,1830,56896,145.65,14696,1070236200.0,25.829583802024747,50000,USc,500,4.857,0.0
FEEDER,2018-12-31,16638,1813,56382,146.575,14825,1086487187.5,26.293852648008233,50000,USc,500,4.857,0.0
FEEDER,2019-01-08,16776,1917,58737,145.4,14859,1080249300.0,25.29751264109505,50000,USc,500,5.7472,0.0
FEEDER,2019-01-15,16531,1915,60007,145.05,14616,1060025400.0000001,24.35715833152799,50000,USc,500,5.7472,0.0
FEEDER,2019-01-22,16919,2691,62434,141.55,14228,1006986700.0000001,22.78886504148381,50000,USc,500,5.7472,0.0
FEEDER,2019-01-29,16868,3222,61090,144.175,13646,983706025.0,22.33753478474382,50000,USc,500,5.7472,0.0
FEEDER,2019-02-05,16978,3015,56432,145.5,13963,1015808250.0,24.74305358661752,50000,USc,500,5.7472,0.0
FEEDER,2019-02-12,16315,2716,56420,146.575,13599,996636712.4999999,24.103154909606523,50000,USc,500,5.7472,0.0
FEEDER,2019-02-19,16623,2851,58186,145.9,13772,1004667400.0,23.668923796102156,50000,USc,500,5.7472,0.0
FEEDER,2019-02-26,16054,2274,59037,146.875,13780,1011968750.0,23.341294442468282,50000,USc,500,5.7472,0.0
FEEDER,2019-03-05,16842,2303,63979,144.425,14539,1049897537.5000001,22.724644023820318,50000,USc,500,5.7472,0.0
FEEDER,2019-03-12,17506,2306,62637,144.25,15200,1096300000.0,24.26680715870811,50000,USc,500,5.7472,0.0
FEEDER,2019-03-19,18170,2597,60307,147.525,15573,1148703412.5,25.822872966653954,50000,USc,500,5.7472,0.0
FEEDER,2019-03-26,19468,2667,63060,146.375,16801,1229623187.5,26.642879797018715,50000,USc,500,5.7472,0.0
FEEDER,2019-04-02,18261,2465,57632,147.85,15796,1167719300.0,27.408384230982787,50000,USc,500,5.7472,0.0
FEEDER,2019-04-09,18115,2700,57172,149.925,15415,1155546937.5,26.962499125446023,50000,USc,500,5.7472,0.0
FEEDER,2019-04-16,19654,4048,62059,151.05,15606,1178643150.0000002,25.14703749657584,50000,USc,500,5.7472,0.0
FEEDER,2019-04-23,18876,3340,60571,159.55,15536,1239384400.0000002,25.64923808423173,50000,USc,500,5.7472,0.0
FEEDER,2019-04-30,17862,3961,59109,149.1,13901,1036319549.9999999,23.51756923649529,50000,USc,500,5.7472,0.0
FEEDER,2019-05-07,17492,3681,59826,145.65,13811,1005786075.0000001,23.085280647210244,50000,USc,500,5.7472,0.0
FEEDER,2019-05-14,17310,3767,62492,142.65,13543,965954475.0000001,21.671573961467068,50000,USc,500,5.7472,0.0
FEEDER,2019-05-21,17184,4278,62729,142.525,12906,919713825.0000001,20.574216072311053,50000,USc,500,5.7472,0.0
FEEDER,2019-05-28,16612,4130,58945,142.9,12482,891838900.0,21.175672236830945,50000,USc,500,5.7472,0.0
FEEDER,2019-06-04,16750,4784,60224,137.75,11966,824158250.0,19.86915515409139,50000,USc,500,5.7472,0.0
FEEDER,2019-06-11,16060,4021,59156,138.375,12039,832948312.5,20.3512745959835,50000,USc,500,5.7472,0.0
FEEDER,2019-06-18,16396,3971,60282,137.75,12425,855771875.0,20.61145947380644,50000,USc,500,5.7472,0.0
FEEDER,2019-06-25,16029,4250,63560,132.1,11779,778002950.0,18.53209565764632,50000,USc,500,5.7472,0.0
FEEDER,2019-07-02,15160,3983,62518,139.125,11177,777500062.5,17.87805112127707,50000,USc,500,5.7472,0.0
FEEDER,2019-07-09,15756,3997,62461,143.25,11759,842238375.0,18.826147516050014,50000,USc,500,5.7472,0.0
FEEDER,2019-07-16,16320,4138,61354,141.65,12182,862790150.0,19.855266160315548,50000,USc,500,5.7472,0.0
FEEDER,2019-07-23,15763,4037,60156,142.525,11726,835624075.0000001,19.49265243699714,50000,USc,500,5.7472,0.0
FEEDER,2019-07-30,16533,4276,59722,144.125,12257,883270062.5,20.523425203442617,50000,USc,500,5.7472,0.0
FEEDER,2019-08-06,15794,3646,61498,139.575,12148,847778549.9999999,19.753487918306288,50000,USc,500,5.7472,0.0
FEEDER,2019-08-13,16231,3880,65240,127.2,12351,785523600.0,18.931637032495402,50000,USc,500,5.7472,0.0
FEEDER,2019-08-20,15788,4196,61489,133.775,11592,775359900.0,18.852152417505568,50000,USc,500,5.7472,0.0
FEEDER,2019-08-27,15855,4195,60967,133.9,11660,780637000.0,19.125100464185543,50000,USc,500,5.7472,0.0
FEEDER,2019-09-03,15444,3708,57792,132.5,11736,777510000.0,20.30730897009967,50000,USc,500,5.7472,0.0
FEEDER,2019-09-10,15057,3877,58136,131.775,11180,736622250.0,19.230769230769234,50000,USc,500,5.7472,0.0
FEEDER,2019-09-17,14753,3442,56261,137.675,11311,778620962.5,20.10451289525604,50000,USc,500,5.7472,0.0
FEEDER,2019-09-24,14598,2833,54903,141.9,11765,834726750.0,21.428701528149645,50000,USc,500,5.7472,0.0
FEEDER,2019-10-01,14188,2512,48777,140.075,11676,817757850.0,23.93751153207454,50000,USc,500,5.7472,0.0
FEEDER,2019-10-08,14446,2821,49757,141.325,11625,821451562.4999999,23.363546837630885,50000,USc,500,5.7472,0.0
FEEDER,2019-10-15,14708,2224,49243,146.25,12484,912892500.0,25.351826655565258,50000,USc,500,5.7472,0.0
FEEDER,2019-10-22,14356,2112,47034,143.4,12244,877894800.0,26.032232002381257,50000,USc,500,5.7472,0.0
FEEDER,2019-10-29,14353,2550,47299,145.55,11803,858963325.0000001,24.954015941140405,50000,USc,500,5.7472,0.0
FEEDER,2019-11-05,15527,2337,47028,145.575,13190,960067124.9999999,28.047120864166033,50000,USc,500,5.7472,0.0
FEEDER,2019-11-12,15876,2339,49976,147.4,13537,997676900.0,27.087001760845205,50000,USc,500,5.7472,0.0
FEEDER,2019-11-19,17173,2611,51129,144.2,14562,1049920200.0,28.480901249779965,50000,USc,500,5.7472,0.0
FEEDER,2019-11-26,17614,2855,50512,142.425,14759,1051025287.5000001,29.218799493189735,50000,USc,500,5.7472,0.0
FEEDER,2019-12-03,18490,3077,52712,143.0,15413,1102029500.0,29.24002124753377,50000,USc,500,5.7472,0.0
FEEDER,2019-12-10,17591,2846,53884,142.85,14745,1053161625.0,27.364338208002376,50000,USc,500,5.7472,0.0
FEEDER,2019-12-17,17453,2180,56313,145.675,15273,1112447137.5000002,27.121623781364875,50000,USc,500,5.7472,0.0
FEEDER,2019-12-24,17516,2325,57214,143.45,15191,1089574474.9999998,26.551193763764115,50000,USc,500,5.7472,0.0
FEEDER,2019-12-31,17969,2619,56329,144.2,15350,1106735000.0,27.250616911360044,50000,USc,500,5.7472,0.0
FEEDER,2020-01-07,18723,3038,58319,145.4,15685,1140299500.0,26.89517995850409,50000,USc,500,5.623,0.0
FEEDER,2020-01-14,19783,3041,62044,145.725,16742,1219863974.9999998,26.98407581716201,50000,USc,500,5.623,0.0
FEEDER,2020-01-21,20270,2838,60854,144.525,17432,1259679900.0000002,28.64561080619187,50000,USc,500,5.623,0.0
FEEDER,2020-01-28,19633,3729,61656,135.375,15904,1076502000.0,25.794732061762033,50000,USc,500,5.623,0.0
FEEDER,2020-02-04,18914,4342,64031,138.825,14572,1011478950.0,22.757726726117035,50000,USc,500,5.623,0.0
FEEDER,2020-02-11,18603,4543,65360,136.775,14060,961528250.0,21.511627906976745,50000,USc,500,5.623,0.0
FEEDER,2020-02-18,19429,4999,64859,141.95,14430,1024169249.9999999,22.248261613654236,50000,USc,500,5.623,0.0
FEEDER,2020-02-25,19234,5167,63312,134.45,14067,945654075.0,22.218536770280515,50000,USc,500,5.623,0.0
FEEDER,2020-03-03,18516,5833,60508,133.9,12683,849126850.0000001,20.960864679050704,50000,USc,500,5.623,0.0
FEEDER,2020-03-10,17377,5755,59380,127.825,11622,742791075.0000001,19.572246547659145,50000,USc,500,5.623,0.0
FEEDER,2020-03-17,15060,5586,55431,111.475,9474,528057074.99999994,17.091519186015045,50000,USc,500,5.623,0.0
FEEDER,2020-03-24,14258,4466,49331,130.075,9792,636847200.0,19.849587480488943,50000,USc,500,5.623,0.0
FEEDER,2020-03-31,14209,4359,43474,121.95,9850,600603750.0,22.657220407599947,50000,USc,500,5.623,0.0
FEEDER,2020-04-07,14370,4921,46084,113.8,9449,537648100.0,20.503862511934727,50000,USc,500,5.623,0.0
FEEDER,2020-04-14,13791,3946,43145,114.9,9845,565595250.0,22.81840305945069,50000,USc,500,5.623,0.0
FEEDER,2020-04-21,14193,3964,43669,116.8,10229,597373600.0,23.423939178822508,50000,USc,500,5.623,0.0
FEEDER,2020-04-28,14560,4299,44331,118.775,10261,609375137.5000001,23.146331009902777,50000,USc,500,5.623,0.0
FEEDER,2020-05-05,12966,3948,40549,127.125,9018,573206625.0,22.239759303558657,50000,USc,500,5.623,0.0
FEEDER,2020-05-12,12150,3746,39009,135.8,8404,570631600.0000001,21.543746314952962,50000,USc,500,5.623,0.0
FEEDER,2020-05-19,11202,3382,38367,132.0,7820,516120000.0,20.38209919983319,50000,USc,500,5.623,0.0
FEEDER,2020-05-26,11016,3412,35311,134.65,7604,511939300.00000006,21.534366061567216,50000,USc,500,5.623,0.0
FEEDER,2020-06-02,13298,3276,37224,135.225,10022,677612475.0,26.923490221362563,50000,USc,500,5.623,0.0
FEEDER,2020-06-09,13174,3211,38894,135.7,9963,675989549.9999999,25.615776212269243,50000,USc,500,5.623,0.0
FEEDER,2020-06-16,13559,3573,40300,134.475,9986,671433674.9999999,24.779156327543426,50000,USc,500,5.623,0.0
FEEDER,2020-06-23,13605,3636,42455,134.675,9969,671287537.5000001,23.48133317630432,50000,USc,500,5.623,0.0
FEEDER,2020-06-30,14802,4309,44228,133.725,10493,701588212.5,23.72478972596545,50000,USc,500,5.623,0.0
FEEDER,2020-07-07,15142,4307,44589,136.65,10835,740301375.0,24.299715176388794,50000,USc,500,5.623,0.0
FEEDER,2020-07-14,15971,5019,48101,137.575,10952,753360700.0,22.76875740629093,50000,USc,500,5.623,0.0
FEEDER,2020-07-21,15560,3833,48263,142.65,11727,836428275.0,24.29811656962891,50000,USc,500,5.623,0.0
FEEDER,2020-07-28,17238,5405,50485,141.7,11833,838368049.9999999,23.438645142121423,50000,USc,500,5.623,0.0
FEEDER,2020-08-04,17046,4445,49756,146.55,12601,923338275.0,25.325588873703676,50000,USc,500,5.623,0.0
FEEDER,2020-08-11,17152,2916,51421,146.775,14236,1044744450.0000001,27.685186985861808,50000,USc,500,5.623,0.0
FEEDER,2020-08-18,17861,3124,54157,145.725,14737,1073774662.4999998,27.21162545931274,50000,USc,500,5.623,0.0
FEEDER,2020-08-25,18270,3502,53232,143.175,14768,1057204200.0000002,27.742711151187255,50000,USc,500,5.623,0.0
FEEDER,2020-09-01,17776,2938,48982,140.45,14838,1041998549.9999999,30.292760605936873,50000,USc,500,5.623,0.0
FEEDER,2020-09-08,16897,2729,47630,139.95,14168,991405799.9999999,29.745958429561203,50000,USc,500,5.623,0.0
FEEDER,2020-09-15,16751,3093,47540,143.9,13658,982693100.0000001,28.729490954985277,50000,USc,500,5.623,0.0
FEEDER,2020-09-22,17674,3415,49673,140.375,14259,1000803562.5,28.705735510236952,50000,USc,500,5.623,0.0
FEEDER,2020-09-29,18038,3625,47300,143.8,14413,1036294700.0000001,30.471458773784356,50000,USc,500,5.623,0.0
FEEDER,2020-10-06,17180,2638,49164,137.45,14542,999398950.0,29.578553413066473,50000,USc,500,5.623,0.0
FEEDER,2020-10-13,17643,3292,47744,136.475,14351,979276362.4999999,30.058227211796247,50000,USc,500,5.623,0.0
FEEDER,2020-10-20,16577,4019,51454,130.3,12558,818153700.0000001,24.406265790803435,50000,USc,500,5.623,0.0
FEEDER,2020-10-27,16841,4925,52775,132.475,11916,789286049.9999999,22.578872572240645,50000,USc,500,5.623,0.0
FEEDER,2020-11-03,17049,4231,46880,133.35,12818,854640149.9999999,27.342150170648466,50000,USc,500,5.623,0.0
FEEDER,2020-11-10,16447,2292,41180,140.475,14155,994211812.5,34.37348227294803,50000,USc,500,5.623,0.0
FEEDER,2020-11-17,17322,2321,41975,139.675,15001,1047632337.5000001,35.73793924955331,50000,USc,500,5.623,0.0
FEEDER,2020-11-24,17467,2234,41716,138.625,15233,1055837312.5,36.51596509732477,50000,USc,500,5.623,0.0
FEEDER,2020-12-01,17784,1588,43860,140.925,16196,1141210650.0000002,36.926584587323305,50000,USc,500,5.623,0.0
FEEDER,2020-12-08,18539,1795,45432,138.525,16744,1159731300.0,36.85508011973939,50000,USc,500,5.623,0.0
FEEDER,2020-12-15,18369,2222,47886,140.775,16147,1136546962.5000002,33.719667543749736,50000,USc,500,5.623,0.0
FEEDER,2020-12-21,18329,2237,51123,143.0,16092,1150578000.0,31.47702599612699,50000,USc,500,5.623,0.0
FEEDER,2020-12-29,18263,2313,50553,141.175,15950,1125870625.0,31.55104543746167,50000,USc,500,5.623,0.0
FEEDER,2021-01-05,18355,2585,49015,137.45,15770,1083793250.0,32.17382433948791,50000,USc,500,5.1129,0.0
FEEDER,2021-01-12,18090,2955,48928,133.8,15135,1012531500.0000001,30.933207979071287,50000,USc,500,5.1129,0.0
FEEDER,2021-01-19,17701,3365,47260,136.95,14336,981657599.9999999,30.33432077867118,50000,USc,500,5.1129,0.0
FEEDER,2021-01-26,17024,1866,47567,141.125,15158,1069586375.0,31.866630226837934,50000,USc,500,5.1129,0.0
FEEDER,2021-02-02,17200,1727,45129,142.35,15473,1101290775.0,34.28615745972656,50000,USc,500,5.1129,0.0
FEEDER,2021-02-09,17246,1832,45962,142.85,15414,1100944950.0,33.53639963448066,50000,USc,500,5.1129,0.0
FEEDER,2021-02-16,17229,1884,47635,145.15,15345,1113663375.0,32.21370840768343,50000,USc,500,5.1129,0.0
FEEDER,2021-02-23,16959,1704,47331,142.625,15255,1087872187.5,32.230462065031375,50000,USc,500,5.1129,0.0
FEEDER,2021-03-02,16432,2011,48250,140.4,14421,1012354200.0000001,29.8880829015544,50000,USc,500,5.1129,0.0
FEEDER,2021-03-09,16690,2995,50687,142.25,13695,974056875.0,27.01876220727208,50000,USc,500,5.1129,0.0
FEEDER,2021-03-16,16545,3243,54193,143.625,13302,955249875.0,24.545605521008248,50000,USc,500,5.1129,0.0
FEEDER,2021-03-23,16673,3015,54837,140.2,13658,957425799.9999999,24.90654120393165,50000,USc,500,5.1129,0.0
FEEDER,2021-03-30,16449,2143,53357,152.125,14306,1088150125.0,26.811852240568246,50000,USc,500,5.1129,0.0
FEEDER,2021-04-06,16252,1622,52513,152.25,14630,1113708750.0,27.8597680574334,50000,USc,500,5.1129,0.0
FEEDER,2021-04-13,16526,1615,52020,147.325,14911,1098381537.4999998,28.6639753940792,50000,USc,500,5.1129,0.0
FEEDER,2021-04-20,15851,2174,52911,142.675,13677,975682987.5,25.8490673016953,50000,USc,500,5.1129,0.0
FEEDER,2021-04-27,15846,2915,55554,135.8,12931,878014900.0,23.27645174064874,50000,USc,500,5.1129,0.0
FEEDER,2021-05-04,14817,3275,55296,142.7,11542,823521700.0,20.873119212962962,50000,USc,500,5.1129,0.0
FEEDER,2021-05-11,15056,3408,52897,149.0,11648,867776000.0,22.020152371590072,50000,USc,500,5.1129,0.0
FEEDER,2021-05-18,14754,3373,51730,151.8,11381,863817900.0,22.00077324569882,50000,USc,500,5.1129,0.0
FEEDER,2021-05-25,15152,3535,50831,156.875,11617,911208437.5,22.854163797682517,50000,USc,500,5.1129,0.0
FEEDER,2021-06-01,14841,3197,48457,151.6,11644,882615200.0,24.029551973915016,50000,USc,500,5.1129,0.0
FEEDER,2021-06-08,14928,3037,49388,151.65,11891,901635075.0000001,24.076698793229124,50000,USc,500,5.1129,0.0
FEEDER,2021-06-15,14516,2677,49444,158.95,11839,940904524.9999999,23.94426017312515,50000,USc,500,5.1129,0.0
FEEDER,2021-06-22,14077,2085,50496,160.225,11992,960709100.0,23.748415716096325,50000,USc,500,5.1129,0.0
FEEDER,2021-06-29,13934,2019,50446,159.575,11915,950668062.4999999,23.619315703921025,50000,USc,500,5.1129,0.0
FEEDER,2021-07-06,13324,1804,53478,162.6,11520,936576000.0,21.541568495456076,50000,USc,500,5.1129,0.0
FEEDER,2021-07-13,13111,1854,52846,162.0,11257,911817000.0,21.301517617227418,50000,USc,500,5.1129,0.0
FEEDER,2021-07-20,12861,1628,51294,157.55,11233,884879575.0000001,21.899247475338246,50000,USc,500,5.1129,0.0
FEEDER,2021-07-27,13156,1722,53892,163.975,11434,937445075.0,21.216507088250573,50000,USc,500,5.1129,0.0
FEEDER,2021-08-03,13835,2017,56424,162.975,11818,963019275.0,20.944987948390757,50000,USc,500,5.1129,0.0
FEEDER,2021-08-10,13509,2107,57117,163.125,11402,929975625.0,19.962533046203408,50000,USc,500,5.1129,0.0
FEEDER,2021-08-17,13024,1866,56597,161.25,11158,899613750.0,19.71482587416294,50000,USc,500,5.1129,0.0
FEEDER,2021-08-24,12966,2092,59259,165.375,10874,899143875.0,18.349955281054356,50000,USc,500,5.1129,0.0
FEEDER,2021-08-31,12478,1748,54486,167.775,10730,900112875.0,19.693132180743678,50000,USc,500,5.1129,0.0
FEEDER,2021-09-07,12215,2207,51667,159.75,10008,799389000.0,19.370197611628313,50000,USc,500,5.1129,0.0
FEEDER,2021-09-14,11805,2184,46860,158.15,9621,760780575.0000001,20.53137003841229,50000,USc,500,5.1129,0.0
FEEDER,2021-09-21,11403,2296,48196,156.55,9107,712850425.0,18.895758984148063,50000,USc,500,5.1129,0.0
FEEDER,2021-09-28,11897,2902,48107,156.15,8995,702284625.0,18.69790259213836,50000,USc,500,5.1129,0.0
FEEDER,2021-10-05,11754,3572,47981,156.6,8182,640650600.0,17.05258331422855,50000,USc,500,5.1129,0.0
FEEDER,2021-10-12,11822,3178,43754,162.05,8644,700380100.0000001,19.75590803126571,50000,USc,500,5.1129,0.0
FEEDER,2021-10-19,11700,3496,44492,159.125,8204,652730750.0,18.4392699811202,50000,USc,500,5.1129,0.0
FEEDER,2021-10-26,11648,3651,46533,159.975,7997,639660037.5,17.18565319235811,50000,USc,500,5.1129,0.0
FEEDER,2021-11-02,11796,4480,48249,157.1,7316,574671799.9999999,15.163008559762897,50000,USc,500,5.1129,0.0
FEEDER,2021-11-09,12718,4384,46932,159.45,8334,664428149.9999999,17.75760675019177,50000,USc,500,5.1129,0.0
FEEDER,2021-11-16,12935,4412,49179,159.55,8523,679922325.0000001,17.330567925333984,50000,USc,500,5.1129,0.0
FEEDER,2021-11-23,12684,3665,46818,166.0,9019,748577000.0,19.2639583066342,50000,USc,500,5.1129,0.0
FEEDER,2021-11-30,12358,3284,45537,166.525,9074,755523925.0,19.926653051364823,50000,USc,500,5.1129,0.0
FEEDER,2021-12-07,12238,3469,47184,167.55,8769,734622975.0000001,18.58468972533062,50000,USc,500,5.1129,0.0
FEEDER,2021-12-14,12230,3163,46885,166.3,9067,753921050.0,19.338807721019517,50000,USc,500,5.1129,0.0
FEEDER,2021-12-21,11008,2787,46932,161.775,8221,664976137.5000001,17.516832864570016,50000,USc,500,5.1129,0.0
FEEDER,2021-12-28,11195,2947,46242,165.45,8248,682315799.9999999,17.83659876302928,50000,USc,500,5.1129,0.0
FEEDER,2022-01-04,12235,2332,49318,166.275,9903,823310662.5,20.079889695445882,50000,USc,500,4.4751,0.0
FEEDER,2022-01-11,13026,2346,51666,166.4,10680,888576000.0,20.671234467541517,50000,USc,500,4.4751,0.0
FEEDER,2022-01-18,13388,2332,53133,165.45,11056,914607600.0,20.80816065345454,50000,USc,500,4.4751,0.0
FEEDER,2022-01-25,13966,3318,57392,160.0,10648,851840000.0,18.553108447170338,50000,USc,500,4.4751,0.0
FEEDER,2022-02-01,14715,3842,55921,169.425,10873,921079012.5000001,19.443500652706497,50000,USc,500,4.4751,0.0
FEEDER,2022-02-08,13820,3203,56382,172.0,10617,913062000.0,18.83047781206768,50000,USc,500,4.4751,0.0
FEEDER,2022-02-15,13115,2525,58181,172.6,10590,913917000.0,18.201818463072136,50000,USc,500,4.4751,0.0
FEEDER,2022-02-22,13678,2312,57428,169.275,11366,961989825.0000001,19.791739221285784,50000,USc,500,4.4751,0.0
FEEDER,2022-03-01,13855,4030,63109,160.175,9825,786859687.5,15.568302460821753,50000,USc,500,4.4751,0.0
FEEDER,2022-03-08,14484,4857,62488,160.725,9627,773649787.5,15.406157982332608,50000,USc,500,4.4751,0.0
FEEDER,2022-03-15,14076,4896,59682,162.65,9180,746563500.0,15.381522066954862,50000,USc,500,4.4751,0.0
FEEDER,2022-03-22,13690,4777,58366,160.475,8913,715156837.5,15.27087688037556,50000,USc,500,4.4751,0.0
FEEDER,2022-03-29,13319,4440,55970,164.5,8879,730297750.0,15.863855636948365,50000,USc,500,4.4751,0.0
FEEDER,2022-04-05,13596,3974,56461,159.05,9622,765189550.0,17.04185189777014,50000,USc,500,4.4751,0.0
FEEDER,2022-04-12,13364,4123,59887,161.2,9241,744824600.0,15.430727870823386,50000,USc,500,4.4751,0.0
FEEDER,2022-04-19,13385,4162,58224,160.5,9223,740145750.0,15.84054685353119,50000,USc,500,4.4751,0.0
FEEDER,2022-04-26,13323,4059,56780,160.575,9264,743783399.9999999,16.315604085945758,50000,USc,500,4.4751,0.0
FEEDER,2022-05-03,13320,4047,54015,176.25,9273,817183125.0,17.167453485143017,50000,USc,500,4.4751,0.0
FEEDER,2022-05-10,13468,4064,55543,171.7,9404,807333399.9999999,16.931026411969103,50000,USc,500,4.4751,0.0
FEEDER,2022-05-17,14078,4818,61143,166.525,9260,771010750.0,15.144824427980307,50000,USc,500,4.4751,0.0
FEEDER,2022-05-24,14246,5293,63381,168.425,8953,753954512.5000001,14.125684353355105,50000,USc,500,4.4751,0.0
FEEDER,2022-05-31,13454,5220,58623,167.775,8234,690729675.0,14.045681729014209,50000,USc,500,4.4751,0.0
FEEDER,2022-06-07,13527,5374,57468,174.8,8153,712572200.0000001,14.187025823066751,50000,USc,500,4.4751,0.0
FEEDER,2022-06-14,13542,4949,55684,173.425,8593,745120512.5000001,15.431721859061847,50000,USc,500,4.4751,0.0
FEEDER,2022-06-21,13338,5055,55629,177.375,8283,734598562.5,14.889715795718061,50000,USc,500,4.4751,0.0
FEEDER,2022-06-28,11616,5114,54108,174.825,6502,568356075.0,12.016707326088563,50000,USc,500,4.4751,0.0
FEEDER,2022-07-05,10712,5048,54342,175.975,5664,498361200.0,10.422877332450039,50000,USc,500,4.4751,0.0
FEEDER,2022-07-12,10356,5000,52496,181.7,5356,486592600.0,10.202682109113075,50000,USc,500,4.4751,0.0
FEEDER,2022-07-19,9986,4183,49753,181.925,5803,527855387.50000006,11.663618274274919,50000,USc,500,4.4751,0.0
FEEDER,2022-07-26,9634,3831,51377,179.925,5803,522052387.5,11.294937423360647,50000,USc,500,4.4751,0.0
FEEDER,2022-08-02,10055,4451,53788,181.4,5604,508282800.0,10.418680746634937,50000,USc,500,4.4751,0.0
FEEDER,2022-08-09,10065,4408,56315,182.7,5657,516766949.99999994,10.04528100861227,50000,USc,500,4.4751,0.0
FEEDER,2022-08-16,10641,4353,57295,185.8,6288,584155200.0000001,10.974779649184049,50000,USc,500,4.4751,0.0
FEEDER,2022-08-23,11243,4856,58468,182.4,6387,582494400.0,10.923924197851816,50000,USc,500,4.4751,0.0
FEEDER,2022-08-30,10713,3981,52070,183.225,6732,616735350.0,12.928749759938544,50000,USc,500,4.4751,0.0
FEEDER,2022-09-06,11087,4099,52120,185.925,6988,649621950.0000001,13.407521105141981,50000,USc,500,4.4751,0.0
FEEDER,2022-09-13,11831,4579,52475,180.675,7252,655127550.0,13.819914244878515,50000,USc,500,4.4751,0.0
FEEDER,2022-09-20,12187,5224,53806,179.925,6963,626408887.5000001,12.940935955097945,50000,USc,500,4.4751,0.0
FEEDER,2022-09-27,11813,5960,60278,176.3,5853,515941950.0,9.710010285676367,50000,USc,500,4.4751,0.0
FEEDER,2022-10-04,10448,6547,60605,175.325,3901,341971412.5,6.436762643346258,50000,USc,500,4.4751,0.0
FEEDER,2022-10-11,10800,7000,61320,176.35,3800,335065000.0,6.196999347684279,50000,USc,500,4.4751,0.0
FEEDER,2022-10-18,10993,6945,60773,177.825,4048,359917800.0,6.660852681289388,50000,USc,500,4.4751,0.0
FEEDER,2022-10-25,11853,8106,61690,177.725,3747,332967787.5,6.073917976981683,50000,USc,500,4.4751,0.0
FEEDER,2022-11-01,11096,7024,57443,178.15,4072,362713400.0,7.088766255244329,50000,USc,500,4.4751,0.0
FEEDER,2022-11-08,11897,8122,58681,179.85,3775,339466875.0,6.433087370699204,50000,USc,500,4.4751,0.0
FEEDER,2022-11-15,11966,8561,61534,176.925,3405,301214812.5,5.533526180648097,50000,USc,500,4.4751,0.0
FEEDER,2022-11-22,11966,8323,53996,184.3,3643,335702450.0,6.74679605896733,50000,USc,500,4.4751,0.0
FEEDER,2022-11-29,12038,8515,58550,181.3,3523,319359950.0,6.017079419299744,50000,USc,500,4.4751,0.0
FEEDER,2022-12-06,11816,8110,56908,183.85,3706,340674050.0,6.5122654108385465,50000,USc,500,4.4751,0.0
FEEDER,2022-12-13,11713,7954,57281,185.875,3759,349352062.5,6.562385433215202,50000,USc,500,4.4751,0.0
FEEDER,2022-12-20,11446,7941,56154,185.0,3505,324212500.0,6.2417637211952846,50000,USc,500,4.4751,0.0
FEEDER,2022-12-27,10834,7244,53800,185.475,3590,332927625.0,6.672862453531598,50000,USc,500,4.4751,0.0
FEEDER,2023-01-03,10200,7101,54384,184.825,3099,286386337.49999994,5.698367166813769,50000,USc,500,4.4047,0.0
FEEDER,2023-01-10,10468,7039,56237,186.625,3429,319968562.5,6.09740917901026,50000,USc,500,4.4047,0.0
FEEDER,2023-01-17,10801,7118,62196,181.275,3683,333817912.50000006,5.92160267541321,50000,USc,500,4.4047,0.0
FEEDER,2023-01-24,10160,7331,63143,183.475,2829,259525387.49999997,4.480306605641164,50000,USc,500,4.4047,0.0
FEEDER,2023-01-31,10285,6966,59790,189.6,3319,314641200.0,5.551095500919886,50000,USc,500,4.4047,0.0
FEEDER,2023-02-07,9268,6729,59322,191.1,2539,242601449.99999997,4.2800310171605815,50000,USc,500,4.4047,0.0
FEEDER,2023-02-14,8354,5114,59528,190.925,3240,309298500.0,5.442816825695472,50000,USc,500,4.4047,0.0
FEEDER,2023-02-21,7904,3674,59134,190.9,4230,403753500.0,7.153245171982278,50000,USc,500,4.4047,0.0
FEEDER,2023-02-28,9205,3289,64608,195.025,5916,576883950.0000001,9.156760772659732,50000,USc,500,4.4047,0.0
FEEDER,2023-03-07,11160,3472,70818,198.7,7688,763802799.9999999,10.855997062893614,50000,USc,500,4.4047,0.0
FEEDER,2023-03-14,13007,4717,75782,195.875,8290,811901875.0,10.939273178327309,50000,USc,500,4.4047,0.0
FEEDER,2023-03-21,12994,5244,76616,194.7,7750,754462500.0,10.115380599352616,50000,USc,500,4.4047,0.0
FEEDER,2023-03-28,12171,5022,79004,197.0,7149,704176500.0,9.048908916004253,50000,USc,500,4.4047,0.0
FEEDER,2023-04-04,11571,4932,75379,202.175,6639,671119912.5000001,8.807492803035329,50000,USc,500,4.4047,0.0
FEEDER,2023-04-11,11673,4862,74826,207.9,6811,708003450.0000001,9.102451019699036,50000,USc,500,4.4047,0.0
FEEDER,2023-04-18,12441,5090,74254,211.575,7351,777643912.5,9.89980337759582,50000,USc,500,4.4047,0.0
FEEDER,2023-04-25,12340,4400,78786,209.1,7940,830127000.0,10.077932627624197,50000,USc,500,4.4047,0.0
FEEDER,2023-05-02,12049,4516,77686,226.075,7533,851511487.4999999,9.696727853152435,50000,USc,500,4.4047,0.0
FEEDER,2023-05-09,12532,5028,75688,225.95,7504,847764399.9999999,9.914385371525208,50000,USc,500,4.4047,0.0
FEEDER,2023-05-16,12700,5148,79056,231.475,7552,874049600.0,9.55272212102813,50000,USc,500,4.4047,0.0
FEEDER,2023-05-23,13515,5577,83284,233.425,7938,926463825.0000001,9.53124249555737,50000,USc,500,4.4047,0.0
FEEDER,2023-05-30,12936,4850,79717,240.55,8086,972543650.0,10.143382214584092,50000,USc,500,4.4047,0.0
FEEDER,2023-06-06,13162,4812,79149,246.55,8350,1029346250.0,10.549722674954833,50000,USc,500,4.4047,0.0
FEEDER,2023-06-13,13036,4753,78384,243.5,8283,1008455250.0,10.567207593386406,50000,USc,500,4.4047,0.0
FEEDER,2023-06-20,12460,4344,75290,235.475,8116,955557549.9999999,10.779652012219417,50000,USc,500,4.4047,0.0
FEEDER,2023-06-27,12242,4644,74895,242.175,7598,920022825.0000001,10.144869483944188,50000,USc,500,4.4047,0.0
FEEDER,2023-07-03,12136,4949,80257,251.35,7187,903226225.0,8.954982119939693,50000,USc,500,4.4047,0.0
FEEDER,2023-07-11,11606,5277,79035,250.1,6329,791441450.0,8.007844625798697,50000,USc,500,4.4047,0.0
FEEDER,2023-07-18,11372,5778,80242,249.875,5594,698900375.0,6.971411480272177,50000,USc,500,4.4047,0.0
FEEDER,2023-07-25,11202,5816,77066,246.35,5386,663420549.9999999,6.988814782134793,50000,USc,500,4.4047,0.0
FEEDER,2023-08-01,11046,5509,77382,251.9,5537,697385150.0,7.155410819053527,50000,USc,500,4.4047,0.0
FEEDER,2023-08-08,11398,5719,77965,249.4,5679,708171300.0,7.2840377092285,50000,USc,500,4.4047,0.0
FEEDER,2023-08-15,11355,5684,76909,249.625,5671,707811687.5,7.373649377836145,50000,USc,500,4.4047,0.0
FEEDER,2023-08-22,11059,5540,76271,248.9,5519,686839550.0,7.23603991031978,50000,USc,500,4.4047,0.0
FEEDER,2023-08-29,11750,5846,78900,253.95,5904,749660400.0,7.482889733840305,50000,USc,500,4.4047,0.0
FEEDER,2023-09-05,10878,4880,71259,254.0,5998,761746000.0,8.417182390996224,50000,USc,500,4.4047,0.0
FEEDER,2023-09-12,11453,5581,75184,261.175,5872,766809800.0,7.8101723771015115,50000,USc,500,4.4047,0.0
FEEDER,2023-09-19,12296,6755,78195,259.625,5541,719291062.5,7.086130826779207,50000,USc,500,4.4047,0.0
FEEDER,2023-09-26,11747,6195,77522,253.825,5552,704618200.0,7.16183792987797,50000,USc,500,4.4047,0.0
FEEDER,2023-10-03,10922,5860,71845,250.575,5062,634205325.0,7.045723432389171,50000,USc,500,4.4047,0.0
FEEDER,2023-10-10,10383,5550,68995,250.4,4833,605091600.0,7.004855424306109,50000,USc,500,4.4047,0.0
FEEDER,2023-10-17,9432,4617,68674,250.475,4815,603018562.5,7.011387133412937,50000,USc,500,4.4047,0.0
FEEDER,2023-10-24,8045,4723,77582,234.975,3322,390293475.0,4.281921064164368,50000,USc,500,4.4047,0.0
FEEDER,2023-10-31,8169,5116,72913,237.3,3053,362238450.0,4.187181984008339,50000,USc,500,4.4047,0.0
FEEDER,2023-11-07,8037,5539,79963,231.15,2498,288706350.00000006,3.1239448244813226,50000,USc,500,4.4047,0.0
FEEDER,2023-11-14,8586,6624,78947,228.9,1962,224550900.0,2.4852115976541223,50000,USc,500,4.4047,0.0
FEEDER,2023-11-21,8354,6350,73414,231.25,2004,231712500.0,2.729724575694009,50000,USc,500,4.4047,0.0
FEEDER,2023-11-28,8411,7537,77955,223.55,874,97691350.0,1.1211596433840036,50000,USc,500,4.4047,0.0
FEEDER,2023-12-05,8423,8456,81796,217.05,-33,-3581325.0000000005,-0.04034427111350188,50000,USc,500,4.4047,0.0
FEEDER,2023-12-12,8256,8273,81114,219.7,-17,-1867449.9999999998,-0.020958157654658877,50000,USc,500,4.4047,0.0
FEEDER,2023-12-19,8307,8485,80004,223.5,-178,-19891500.0,-0.22248887555622215,50000,USc,500,4.4047,0.0
FEEDER,2023-12-26,8128,8375,80615,224.775,-247,-27759712.5,-0.3063945915772499,50000,USc,500,4.4047,0.0
FEEDER,2024-01-02,7741,8136,80391,226.3,-395,-44694250.0,-0.49134853403988005,50000,USc,500,6.1485,0.0
FEEDER,2024-01-09,8163,7961,81021,224.6,202,22684600.0,0.24931807802915296,50000,USc,500,6.1485,0.0
FEEDER,2024-01-16,8897,8062,81214,228.625,835,95450937.5,1.028147856280937,50000,USc,500,6.1485,0.0
FEEDER,2024-01-23,8447,7350,77410,233.6,1097,128129599.99999999,1.4171295698230204,50000,USc,500,6.1485,0.0
FEEDER,2024-01-30,9764,5871,68586,246.7,3893,480201550.0,5.676085498498236,50000,USc,500,6.1485,0.0
FEEDER,2024-02-06,9842,5281,71250,251.475,4561,573488737.4999999,6.40140350877193,50000,USc,500,6.1485,0.0
FEEDER,2024-02-13,10531,5343,74324,251.825,5188,653234049.9999999,6.980248641084979,50000,USc,500,6.1485,0.0
FEEDER,2024-02-20,10732,5458,76670,255.55,5274,673885350.0,6.878831355158471,50000,USc,500,6.1485,0.0
FEEDER,2024-02-27,11156,4982,80902,258.85,6174,799069950.0000001,7.631455341029889,50000,USc,500,6.1485,0.0
FEEDER,2024-03-05,11563,5173,83764,257.15,6390,821594249.9999999,7.6285755217038345,50000,USc,500,6.1485,0.0
FEEDER,2024-03-12,11284,4822,83150,253.925,6462,820431675.0,7.7714972940469025,50000,USc,500,6.1485,0.0
FEEDER,2024-03-19,11217,4823,82009,255.075,6394,815474774.9999999,7.796705239668817,50000,USc,500,6.1485,0.0
FEEDER,2024-03-26,11874,4689,83706,245.975,7185,883665187.5,8.583614077843881,50000,USc,500,6.1485,0.0
FEEDER,2024-04-02,11788,4201,76195,245.0,7587,929407500.0,9.957346282564473,50000,USc,500,6.1485,0.0
FEEDER,2024-04-09,11599,4946,78531,239.375,6653,796280937.5,8.471813678674664,50000,USc,500,6.1485,0.0
FEEDER,2024-04-16,11591,5003,78594,240.75,6588,793030500.0,8.382319261012292,50000,USc,500,6.1485,0.0
FEEDER,2024-04-23,11137,4320,73915,246.0,6817,838491000.0,9.222755868227017,50000,USc,500,6.1485,0.0
FEEDER,2024-04-30,10763,4142,71822,255.85,6621,846991424.9999999,9.218623819999443,50000,USc,500,6.1485,0.0
FEEDER,2024-05-07,11043,4189,71780,254.45,6854,872000149.9999999,9.548620785734188,50000,USc,500,6.1485,0.0
FEEDER,2024-05-14,10999,4201,72815,255.95,6798,869974049.9999999,9.335988463915402,50000,USc,500,6.1485,0.0
FEEDER,2024-05-21,10926,4238,70229,259.725,6688,868520400.0,9.523131469905595,50000,USc,500,6.1485,0.0
FEEDER,2024-05-28,11089,3842,63009,265.45,7247,961858075.0,11.50153152724214,50000,USc,500,6.1485,0.0
FEEDER,2024-06-04,10654,3919,66344,257.575,6735,867383812.5,10.151633908115278,50000,USc,500,6.1485,0.0
FEEDER,2024-06-11,10670,4191,65820,258.55,6479,837572725.0000001,9.843512610148892,50000,USc,500,6.1485,0.0
FEEDER,2024-06-18,10732,3972,67406,260.975,6760,882095500.0000001,10.028780820698454,50000,USc,500,6.1485,0.0
FEEDER,2024-06-25,11042,4307,69480,259.875,6735,875129062.5,9.693436960276339,50000,USc,500,6.1485,0.0
FEEDER,2024-07-02,10318,4097,69771,260.9,6221,811529450.0,8.916311934757994,50000,USc,500,6.1485,0.0
FEEDER,2024-07-09,10145,4119,70802,256.925,6026,774115025.0,8.511059009632497,50000,USc,500,6.1485,0.0
FEEDER,2024-07-16,10221,4958,70472,259.575,5263,683071612.4999999,7.468214326257237,50000,USc,500,6.1485,0.0
FEEDER,2024-07-23,10049,5117,72522,258.475,4932,637399350.0000001,6.800694961528915,50000,USc,500,6.1485,0.0
FEEDER,2024-07-30,9911,5281,75229,256.85,4630,594607750.0,6.15454146672161,50000,USc,500,6.1485,0.0
FEEDER,2024-08-06,10964,6780,86355,240.55,4184,503230600.00000006,4.845116090556425,50000,USc,500,6.1485,0.0
FEEDER,2024-08-13,11034,7826,87411,242.35,3208,388729399.99999994,3.6700186475386394,50000,USc,500,6.1485,0.0
FEEDER,2024-08-20,11745,8818,93780,234.775,2927,343593212.5,3.1211345702708466,50000,USc,500,6.1485,0.0
FEEDER,2024-08-27,11954,8742,88342,241.325,3212,387567949.99999994,3.635869688257001,50000,USc,500,6.1485,0.0
FEEDER,2024-09-03,11067,8004,76202,239.425,3063,366679387.5,4.019579538594788,50000,USc,500,6.1485,0.0
FEEDER,2024-09-10,11007,8217,79788,235.45,2790,328452750.0,3.496766431042262,50000,USc,500,6.1485,0.0
FEEDER,2024-09-17,10820,8021,80087,240.675,2799,336824662.50000006,3.4949492426985653,50000,USc,500,6.1485,0.0
FEEDER,2024-09-24,10679,7573,77452,245.725,3106,381610925.0,4.0102256881681555,50000,USc,500,6.1485,0.0
FEEDER,2024-10-01,8918,6053,72663,244.8,2865,350676000.0,3.9428595020849673,50000,USc,500,6.1485,0.0
FEEDER,2024-10-08,9590,5072,73108,250.5,4518,565879500.0,6.179898232751546,50000,USc,500,6.1485,0.0
FEEDER,2024-10-15,9825,4998,73370,246.4,4827,594686400.0,6.578983235654901,50000,USc,500,6.1485,0.0
FEEDER,2024-10-22,9726,5088,73697,248.9,4638,577199100.0,6.293336228068985,50000,USc,500,6.1485,0.0
FEEDER,2024-10-29,10119,4743,76330,246.2,5376,661785600.0,7.043102318878554,50000,USc,500,6.1485,0.0
FEEDER,2024-11-05,10999,4757,71842,242.525,6242,756920525.0,8.688510898917068,50000,USc,500,6.1485,0.0
FEEDER,2024-11-12,11168,4711,72247,243.675,6457,786704737.5,8.93739532437333,50000,USc,500,6.1485,0.0
FEEDER,2024-11-19,12292,4811,75588,251.8,7481,941857900.0,9.897073609567657,50000,USc,500,6.1485,0.0
FEEDER,2024-11-26,12144,3950,76328,256.725,8194,1051802325.0000002,10.735247877580967,50000,USc,500,6.1485,0.0
FEEDER,2024-12-03,12828,4514,81929,257.325,8314,1069700024.9999999,10.147810909445983,50000,USc,500,6.1485,0.0
FEEDER,2024-12-10,13539,4746,86461,257.425,8793,1131769012.5,10.16990319334729,50000,USc,500,6.1485,0.0
FEEDER,2024-12-17,14100,4728,92065,258.125,9372,1209573750.0,10.179764296964102,50000,USc,500,6.1485,0.0
FEEDER,2024-12-24,14163,4736,93021,255.325,9427,1203474387.5,10.134270756065835,50000,USc,500,6.1485,0.0
FEEDER,2024-12-31,14806,4867,97727,263.2,9939,1307972400.0,10.170167916747674,50000,USc,500,6.1485,0.0
FEEDER,2025-01-07,14815,4663,104430,267.925,10152,1359987300.0,9.721344441252514,50000,USc,500,8.2968,0.0
FEEDER,2025-01-14,14081,4775,112377,268.1,9306,1247469300.0,8.281053952321205,50000,USc,500,8.2968,0.0
FEEDER,2025-01-21,13195,4634,114520,267.275,8561,1144070637.5,7.4755501222493885,50000,USc,500,8.2968,0.0
FEEDER,2025-01-28,13775,4083,116180,278.7,9692,1350580200.0,8.342227577896368,50000,USc,500,8.2968,0.0
FEEDER,2025-02-04,13179,3751,112062,268.1,9428,1263823400.0000002,8.41319983580518,50000,USc,500,8.2968,0.0
FEEDER,2025-02-11,13476,4136,110219,265.175,9340,1238367250.0,8.474038051515619,50000,USc,500,8.2968,0.0
FEEDER,2025-02-18,13050,3650,109240,269.325,9400,1265827500.0,8.604906627608933,50000,USc,500,8.2968,0.0
FEEDER,2025-02-25,12753,3467,110340,273.975,9286,1272065925.0,8.415805691499004,50000,USc,500,8.2968,0.0
FEEDER,2025-03-04,12792,3496,113443,272.55,9296,1266812400.0000002,8.194423631250936,50000,USc,500,8.2968,0.0
FEEDER,2025-03-11,13329,3383,112497,277.975,9946,1382369675.0,8.841124652212947,50000,USc,500,8.2968,0.0
FEEDER,2025-03-18,14731,3743,121122,284.725,10988,1564279150.0000002,9.071844916695564,50000,USc,500,8.2968,0.0
FEEDER,2025-03-25,14869,3183,120031,284.8,11686,1664086400.0000002,9.73581824695287,50000,USc,500,8.2968,0.0
FEEDER,2025-04-01,14430,2251,109646,287.075,12179,1748143212.5,11.1075643434325,50000,USc,500,8.2968,0.0
FEEDER,2025-04-08,13302,3127,104796,271.875,10175,1383164062.5,9.70934005114699,50000,USc,500,8.2968,0.0
FEEDER,2025-04-15,13300,3818,100866,282.4,9482,1338858400.0,9.400590882953622,50000,USc,500,8.2968,0.0
FEEDER,2025-04-22,12830,3256,92703,291.725,9574,1396487575.0000002,10.327605363364723,50000,USc,500,8.2968,0.0
FEEDER,2025-04-29,12608,2497,95732,296.825,10111,1500598787.4999998,10.56177662641541,50000,USc,500,8.2968,0.0
FEEDER,2025-05-06,13259,2384,99919,299.0,10875,1625812500.0,10.883815890871606,50000,USc,500,8.2968,0.0
FEEDER,2025-05-13,13624,2642,107518,305.925,10982,1679834175.0,10.214103684964378,50000,USc,500,8.2968,0.0
FEEDER,2025-05-20,13654,3648,108672,297.4,10006,1487892200.0,9.20752355712603,50000,USc,500,8.2968,0.0
FEEDER,2025-05-27,13114,3485,100234,297.35,9629,1431591575.0000002,9.606520741464971,50000,USc,500,8.2968,0.0
FEEDER,2025-06-03,13122,3724,104442,300.75,9398,1413224250.0,8.99829570479309,50000,USc,500,8.2968,0.0
FEEDER,2025-06-10,13893,3623,111979,312.5,10270,1604687500.0,9.171362487609285,50000,USc,500,8.2968,0.0
FEEDER,2025-06-17,14415,3820,115624,302.525,10595,1602626187.4999998,9.163322493599944,50000,USc,500,8.2968,0.0
FEEDER,2025-06-24,14359,4251,117008,302.325,10108,1527950550.0,8.638725557226856,50000,USc,500,8.2968,0.0
FEEDER,2025-07-01,14063,4104,120630,305.575,9959,1521610712.5,8.255823592804443,50000,USc,500,8.2968,0.0
FEEDER,2025-07-08,14114,3954,126408,319.2,10160,1621536000.0,8.037465983165623,50000,USc,500,8.2968,0.0
FEEDER,2025-07-15,14637,3819,130394,322.55,10818,1744672950.0,8.296394005859167,50000,USc,500,8.2968,0.0
FEEDER,2025-07-22,14903,4048,131840,328.75,10855,1784290625.0,8.233464805825243,50000,USc,500,8.2968,0.0
FEEDER,2025-07-29,14751,3264,132304,337.3,11487,1937282550.0,8.682277179828274,50000,USc,500,8.2968,0.0
FEEDER,2025-08-05,14576,3047,138521,339.875,11529,1959209437.5,8.322925765768368,50000,USc,500,8.2968,0.0
FEEDER,2025-08-12,15045,3023,135528,346.6,12022,2083412600.0,8.870491706510832,50000,USc,500,8.2968,0.0
FEEDER,2025-08-19,15562,2891,134253,352.45,12671,2232946975.0,9.438150357906341,50000,USc,500,8.2968,0.0
FEEDER,2025-08-26,15244,2755,128159,364.875,12489,2278461937.5,9.74492622445556,50000,USc,500,8.2968,0.0
FEEDER,2025-09-02,15676,2502,121534,363.25,13174,2392727750.0,10.839765004031793,50000,USc,500,8.2968,0.0
FEEDER,2025-09-09,15481,2385,120997,349.925,13096,2291308900.0,10.823408844847393,50000,USc,500,8.2968,0.0
FEEDER,2025-09-16,15383,2550,118453,354.675,12833,2275772137.5,10.833832828210346,50000,USc,500,8.2968,0.0
FEEDER,2025-09-23,14411,791,115087,362.375,13620,2467773750.0,11.834525185294604,50000,USc,500,8.2968,0.0
FEEDER,2025-09-30,15681,1190,109940,359.7,14491,2606206350.0,13.180825905039113,50000,USc,500,8.2968,0.0
FEEDER,2025-10-07,15820,1473,114556,364.8,14347,2616892800.0000005,12.524005726456929,50000,USc,500,8.2968,0.0
FEEDER,2025-10-14,15341,1182,120504,381.95,14159,2704015025.0,11.749817433446193,50000,USc,500,8.2968,0.0
FEEDER,2025-10-21,14982,1019,121346,373.6,13963,2608288400.0000005,11.506765777199083,50000,USc,500,8.2968,0.0
FEEDER,2025-10-28,14163,1347,124570,333.2,12816,2135145600.0,10.288191378341494,50000,USc,500,8.2968,0.0
FEEDER,2025-11-04,13713,1114,110697,328.45,12599,2069070775.0,11.381518921018637,50000,USc,500,8.2968,0.0
FEEDER,2025-11-10,13762,1127,115293,328.825,12635,2077351937.5,10.959034806970068,50000,USc,500,8.2968,0.0
FEEDER,2025-11-18,14293,1365,117289,325.5,12928,2104032000.0,11.02234651160808,50000,USc,500,8.2968,0.0
FEEDER,2025-11-25,14498,1395,107452,300.15,13103,1966432724.9999998,12.194282098053085,50000,USc,500,8.2968,0.0
FEEDER,2025-12-02,13656,1270,98918,323.775,12386,2005138575.0,12.521482440000808,50000,USc,500,8.2968,0.0
FEEDER,2025-12-09,13983,1307,101272,330.075,12676,2092015349.9999998,12.516786476024963,50000,USc,500,8.2968,0.0
FEEDER,2025-12-16,14419,1481,102152,337.55,12938,2183610950.0,12.665439736862712,50000,USc,500,8.2968,0.0
FEEDER,2025-12-23,14990,1740,104842,338.775,13250,2244384375.0,12.638064897655521,50000,USc,500,8.2968,0.0
FEEDER,2025-12-30,15293,1893,105866,344.8,13400,2310160000.0,12.65751043772316,50000,USc,500,8.2968,0.0
FEEDER,2026-01-06,15287,1855,108940,359.075,13432,2411547699.9999995,12.329722783183405,50000,USc,500,9.4954,0.0
FEEDER,2026-01-13,16028,2021,113309,362.375,14007,2537893312.5,12.361771792178908,50000,USc,500,9.4954,0.0
FEEDER,2026-01-20,16306,2319,117713,357.9,13987,2502973650.0,11.88228997646819,50000,USc,500,9.4954,0.0
FEEDER,2026-01-27,15985,2266,117443,362.2,13719,2484510900.0,11.681411408087328,50000,USc,500,9.4954,0.0
FEEDER,2026-02-03,15877,2494,109951,366.075,13383,2449590862.5,12.171785613591508,50000,USc,500,9.4954,0.0
FEEDER,2026-02-10,14848,2497,107789,361.425,12351,2231980087.5,11.45849762035087,50000,USc,500,9.4954,0.0
FEEDER,2026-02-17,14504,2212,109272,367.775,12292,2260345150.0,11.248993337726041,50000,USc,500,9.4954,0.0
FEEDER,2026-02-24,14070,2268,113907,362.175,11802,2137194675.0000002,10.36108404224499,50000,USc,500,9.4954,0.0
FEEDER,2026-03-03,14386,2542,116132,353.3,11844,2092242600.0,10.198739365549548,50000,USc,500,9.4954,0.0
FEEDER,2026-03-10,13538,1876,113122,349.6,11662,2038517600.0,10.309223670019978,50000,USc,500,9.4954,0.0
FEEDER,2026-03-17,13805,2221,111327,354.525,11584,2053408799.9999998,10.40538234210928,50000,USc,500,9.4954,0.0
FEEDER,2026-03-24,13449,1720,107013,354.625,11729,2079698312.5,10.960350611607936,50000,USc,500,9.4954,0.0
FEEDER,2026-03-31,13064,1336,98650,366.425,11728,2148716200.0,11.888494678155094,50000,USc,500,9.4954,0.0
FEEDER,2026-04-07,13500,1225,102421,366.425,12275,2248933437.5,11.984846857578034,50000,USc,500,9.4954,0.0
FEEDER,2026-04-14,13315,981,101155,374.375,12334,2308770625.0,12.193168899214077,50000,USc,500,9.4954,0.0
FEEDER,2026-04-21,13138,739,102997,358.6,12399,2223140700.0,12.038214705282678,50000,USc,500,9.4954,0.0
FEEDER,2026-04-28,13040,623,100936,371.875,12417,2308785937.5,12.301854640564319,50000,USc,500,9.4954,0.0
FEEDER,2026-05-05,12592,551,95259,372.225,12041,2240980612.5000005,12.640275459536632,50000,USc,500,9.4954,0.0
FEEDER,2026-05-12,12861,816,97803,356.0,12045,2144010000.0,12.315573141928162,50000,USc,500,9.4954,0.0
FEEDER,2026-05-19,13029,808,97633,363.85,12221,2223305425.0000005,12.5172841150021,50000,USc,500,9.4954,0.0
FEEDER,2026-05-26,13129,887,86943,346.975,12242,2123833975.0,14.080489516119757,50000,USc,500,9.4954,0.0
FEEDER,2026-06-02,12533,1119,87490,345.475,11414,1971625825.0000002,13.046062407132245,50000,USc,500,9.4954,0.0
FEEDER,2026-06-09,12379,1121,87153,350.575,11258,1973386675.0,12.917512879648434,50000,USc,500,9.4954,0.0
FEEDER,2026-06-16,12635,1087,86097,365.875,11548,2112562250.0,13.412778610172246,50000,USc,500,9.4954,0.0
FEEDER,2026-06-23,12740,995,89866,367.275,11745,2156822437.5,13.069458972247569,50000,USc,500,9.4954,0.0
FEEDER,2026-06-30,12310,887,94325,362.35,11423,2069562025.0000002,12.110257089848925,50000,USc,500,9.4954,0.0
FEEDER,2026-07-07,11589,943,95189,357.725,10646,1904170175.0,11.184065385706333,50000,USc,500,9.4954,0.0
FEEDER,2026-07-14,11936,1347,101825,345.35,10589,1828455575.0000002,10.399214338325558,50000,USc,500,9.4954,0.0
FEEDER,2026-07-21,11460,1438,102947,344.875,10022,1728168625.0,9.73510641398001,50000,USc,500,9.4954,0.0
FEEDER,2026-07-28,10537,845,110452,336.85,9692,1632375100.0,8.774852424582624,50000,USc,500,9.4954,0.0
FEEDER,2026-08-04,10672,979,106280,345.95,9693,1676646675.0,9.120248400451638,50000,USc,500,9.4954,0.0
FEEDER,2026-08-11,10542,1119,107467,344.975,9423,1625349712.5000002,8.768273051262247,50000,USc,500,9.4954,0.0
FEEDER,2026-08-18,10424,1358,112956,333.825,9066,1513228724.9999998,8.026134069903325,50000,USc,500,9.4954,0.0
FEEDER,2026-08-25,10953,1890,122052,319.35,9063,1447134525.0000002,7.425523547340478,50000,USc,500,9.4954,0.0
HOG,2016-01-05,64242,5026,227648,66.325,59216,1571000480.0,26.012088838909193,40000,USc,400,8.8687,5.6976
HOG,2016-01-12,63235,2492,229442,67.2,60743,1632771840.0,26.47422878112987,40000,USc,400,8.8687,5.6976
HOG,2016-01-19,64967,2821,235079,67.75,62146,1684156600.0,26.436219313507376,40000,USc,400,8.8687,5.6976
HOG,2016-01-26,64155,1973,237602,69.85,62182,1737365079.9999998,26.17065512916558,40000,USc,400,8.8687,5.6976
HOG,2016-02-02,68266,2166,255450,69.25,66100,1830970000.0,25.87590526521824,40000,USc,400,8.8687,5.6976
HOG,2016-02-09,70649,2061,267159,70.15,68588,1924579280.0,25.67310103721005,40000,USc,400,8.8687,5.6976
HOG,2016-02-16,71558,2478,280296,76.15,69080,2104176800.0,24.645374889402632,40000,USc,400,8.8687,5.6976
HOG,2016-02-23,73361,3131,246350,75.725,70230,2127266700.0,28.508220012177798,40000,USc,400,8.8687,5.6976
HOG,2016-03-01,76221,4127,249760,76.85,72094,2216169560.0,28.865310698270342,40000,USc,400,8.8687,5.6976
HOG,2016-03-08,75318,2434,253205,77.775,72884,2267421240.0,28.784581663079322,40000,USc,400,8.8687,5.6976
HOG,2016-03-15,76249,1913,274146,79.25,74336,2356451200.0,27.115478613585463,40000,USc,400,8.8687,5.6976
HOG,2016-03-22,77055,2573,283079,78.325,74482,2333521060.0,26.311383041483122,40000,USc,400,8.8687,5.6976
HOG,2016-03-29,77867,2800,286253,79.0,75067,2372117200.0,26.22400463925269,40000,USc,400,8.8687,5.6976
HOG,2016-04-05,78349,3064,280328,75.1,75285,2261561400.0,26.856040067349674,40000,USc,400,8.8687,5.6976
HOG,2016-04-12,79531,3477,284545,75.075,76054,2283901620.0,26.728285508443307,40000,USc,400,8.8687,5.6976
HOG,2016-04-19,79373,4505,258797,78.975,74868,2365080120.0,28.92923797416508,40000,USc,400,8.8687,5.6976
HOG,2016-04-26,80921,6167,264017,77.95,74754,2330829720.0,28.314085835381814,40000,USc,400,8.8687,5.6976
HOG,2016-05-03,80403,6484,272766,82.925,73919,2451893230.0,27.099785163840068,40000,USc,400,8.8687,5.6976
HOG,2016-05-10,76566,3799,275026,80.925,72767,2355467790.0,26.458225767745596,40000,USc,400,8.8687,5.6976
HOG,2016-05-17,78777,4147,294615,83.325,74630,2487417900.0,25.331364662355956,40000,USc,400,8.8687,5.6976
HOG,2016-05-24,79166,4719,281493,79.325,74447,2362203310.0,26.447194068769026,40000,USc,400,8.8687,5.6976
HOG,2016-05-31,78287,3356,279938,81.175,74931,2433009570.0,26.766998406790076,40000,USc,400,8.8687,5.6976
HOG,2016-06-07,78582,3020,301629,86.3,75562,2608400240.0,25.051304748548713,40000,USc,400,8.8687,5.6976
HOG,2016-06-14,79327,2649,323033,88.875,76678,2725902900.0,23.73689375388892,40000,USc,400,8.8687,5.6976
HOG,2016-06-21,81532,2504,315333,88.75,79028,2805494000.0,25.061760107568826,40000,USc,400,8.8687,5.6976
HOG,2016-06-28,83742,3792,307342,84.0,79950,2686320000.0,26.013366217438556,40000,USc,400,8.8687,5.6976
HOG,2016-07-05,86906,4990,311159,83.2,81916,2726164480.0,26.32609051963787,40000,USc,400,8.8687,5.6976
HOG,2016-07-12,82373,2713,292292,79.125,79660,2521239000.0,27.253568349458764,40000,USc,400,8.8687,5.6976
HOG,2016-07-19,80600,4672,287523,64.325,75928,1953627440.0000002,26.40762652031316,40000,USc,400,8.8687,5.6976
HOG,2016-07-26,80722,5024,281408,63.55,75698,1924243159.9999998,26.89973277234478,40000,USc,400,8.8687,5.6976
HOG,2016-08-02,76840,4612,291455,60.325,72228,1742861640.0000002,24.78187027156851,40000,USc,400,8.8687,5.6976
HOG,2016-08-09,74711,3332,292411,58.2,71379,1661703120.0,24.4105043927896,40000,USc,400,8.8687,5.6976
HOG,2016-08-16,76433,4818,260906,55.65,71615,1594149900.0,27.448583014572296,40000,USc,400,8.8687,5.6976
HOG,2016-08-23,77192,4984,259465,56.775,72208,1639843680.0,27.829572389339603,40000,USc,400,8.8687,5.6976
HOG,2016-08-30,79101,4926,262042,57.0,74175,1691190000.0,28.30653101411224,40000,USc,400,8.8687,5.6976
HOG,2016-09-06,80856,5027,271027,53.9,75829,1634873240.0,27.97839329660882,40000,USc,400,8.8687,5.6976
HOG,2016-09-13,77847,3392,278371,50.9,74455,1515903800.0,26.74667979063911,40000,USc,400,8.8687,5.6976
HOG,2016-09-20,76247,4060,295023,49.25,72187,1422083900.0,24.468261796537895,40000,USc,400,8.8687,5.6976
HOG,2016-09-27,75666,4679,306690,46.75,70987,1327456900.0,23.146173660699727,40000,USc,400,8.8687,5.6976
HOG,2016-10-04,74128,4595,312533,43.675,69533,1214741510.0,22.248210588961808,40000,USc,400,8.8687,5.6976
HOG,2016-10-11,73876,7117,323345,43.0,66759,1148254800.0,20.6463684300051,40000,USc,400,8.8687,5.6976
HOG,2016-10-18,77790,10766,299940,48.55,67024,1301606080.0,22.3458024938321,40000,USc,400,8.8687,5.6976
HOG,2016-10-25,79124,13210,299883,51.325,65914,1353214420.0,21.97990549647696,40000,USc,400,8.8687,5.6976
HOG,2016-11-01,80004,12228,292534,52.75,67776,1430073600.0,23.168588950344233,40000,USc,400,8.8687,5.6976
HOG,2016-11-08,76700,7583,294790,54.375,69117,1503294750.0,23.44618202788426,40000,USc,400,8.8687,5.6976
HOG,2016-11-15,77992,8449,303024,53.025,69543,1475007030.0,22.949667353080944,40000,USc,400,8.8687,5.6976
HOG,2016-11-22,77642,8196,296226,55.425,69446,1539617820.0,23.443586991013618,40000,USc,400,8.8687,5.6976
HOG,2016-11-29,74141,8101,286915,54.75,66040,1446276000.0,23.01726992314797,40000,USc,400,8.8687,5.6976
HOG,2016-12-06,72160,6113,281122,57.45,66047,1517760060.0000002,23.494070190166546,40000,USc,400,8.8687,5.6976
HOG,2016-12-13,74050,6777,281394,61.625,67273,1658279450.0,23.907048480067093,40000,USc,400,8.8687,5.6976
HOG,2016-12-20,74327,5207,239123,67.5,69120,1866240000.0,28.905625974916678,40000,USc,400,8.8687,5.6976
HOG,2016-12-27,74837,4736,243276,66.575,70101,1866789630.0,28.815419523504165,40000,USc,400,8.8687,5.6976
HOG,2017-01-03,74446,3905,246516,66.9,70541,1887677160.0000002,28.615181164711416,40000,USc,400,8.8687,5.6976
HOG,2017-01-10,76965,3338,251008,68.95,73627,2030632660.0000002,29.332531234064252,40000,USc,400,8.8687,5.6976
HOG,2017-01-17,82345,4246,270810,69.7,78099,2177400120.0,28.839038440234848,40000,USc,400,8.8687,5.6976
HOG,2017-01-24,84061,7497,268525,67.7,76564,2073353120.0,28.512801415138256,40000,USc,400,8.8687,5.6976
HOG,2017-01-31,85494,8171,279164,69.3,77323,2143393559.9999998,27.698055623217893,40000,USc,400,8.8687,5.6976
HOG,2017-02-07,85771,6340,300082,72.125,79431,2291584350.0,26.46976493091888,40000,USc,400,8.8687,5.6976
HOG,2017-02-14,85074,5429,308962,71.25,79645,2269882500.0,25.77825104705433,40000,USc,400,8.8687,5.6976
HOG,2017-02-21,86738,9313,277661,75.275,77425,2331266750.0,27.88472273743882,40000,USc,400,8.8687,5.6976
HOG,2017-02-28,86603,9859,269886,73.775,76744,2264715440.0,28.435709892324905,40000,USc,400,8.8687,5.6976
HOG,2017-03-07,84637,9056,265727,73.5,75581,2222081400.0,28.443101378482428,40000,USc,400,8.8687,5.6976
HOG,2017-03-14,85451,6591,266963,75.325,78860,2376051800.0,29.53967403722613,40000,USc,400,8.8687,5.6976
HOG,2017-03-21,85931,6810,267575,72.65,79121,2299256260.0,29.56965336821452,40000,USc,400,8.8687,5.6976
HOG,2017-03-28,84292,8062,261544,69.6,76230,2122243200.0,29.1461474933472,40000,USc,400,8.8687,5.6976
HOG,2017-04-04,81890,8624,263247,68.3,73266,2001627120.0,27.83165620121027,40000,USc,400,8.8687,5.6976
HOG,2017-04-11,80734,6505,263765,69.45,74229,2062081620.0,28.14209618410327,40000,USc,400,8.8687,5.6976
HOG,2017-04-18,83617,7682,276444,71.35,75935,2167184900.0,27.468492714618513,40000,USc,400,8.8687,5.6976
HOG,2017-04-25,82119,10997,261601,71.65,71122,2038356520.0000002,27.187204941877134,40000,USc,400,8.8687,5.6976
HOG,2017-05-02,84539,14365,267750,74.2,70174,2082764320.0,26.208776844070965,40000,USc,400,8.8687,5.6976
HOG,2017-05-09,83146,11201,262121,77.6,71945,2233172800.0,27.447247645171508,40000,USc,400,8.8687,5.6976
HOG,2017-05-16,81243,9735,272261,79.3,71508,2268233760.0,26.26450354622954,40000,USc,400,8.8687,5.6976
HOG,2017-05-23,82796,9542,281787,80.05,73254,2345593080.0,25.99623119590329,40000,USc,400,8.8687,5.6976
HOG,2017-05-30,83184,9025,297115,80.9,74159,2399785240.0,24.95969574070646,40000,USc,400,8.8687,5.6976
HOG,2017-06-06,87395,8901,312952,81.15,78494,2547915240.0,25.08180168204709,40000,USc,400,8.8687,5.6976
HOG,2017-06-13,85964,6196,321182,82.375,79768,2628355600.0,24.835762900785223,40000,USc,400,8.8687,5.6976
HOG,2017-06-20,83980,2672,297422,81.8,81308,2660397760.0,27.337587670044584,40000,USc,400,8.8687,5.6976
HOG,2017-06-27,88833,6406,311977,78.3,82427,2581613640.0,26.420857947861542,40000,USc,400,8.8687,5.6976
HOG,2017-07-03,93109,8069,333700,84.45,85040,2872651200.0,25.48396763560084,40000,USc,400,8.8687,5.6976
HOG,2017-07-11,93363,6820,345721,82.35,86543,2850726420.0,25.032613002970606,40000,USc,400,8.8687,5.6976
HOG,2017-07-18,88003,3844,344735,67.9,84159,2285758440.0,24.412664800498934,40000,USc,400,8.8687,5.6976
HOG,2017-07-25,89528,2715,324311,66.925,86813,2323984010.0,26.76844140346766,40000,USc,400,8.8687,5.6976
HOG,2017-08-01,88879,3654,322830,64.375,85225,2194543750.0,26.39934330762321,40000,USc,400,8.8687,5.6976
HOG,2017-08-08,87742,2948,322416,68.025,84794,2307244740.0,26.299563297106843,40000,USc,400,8.8687,5.6976
HOG,2017-08-15,90913,4047,339299,64.45,86866,2239405480.0,25.6016080212438,40000,USc,400,8.8687,5.6976
HOG,2017-08-22,91748,4864,309010,58.95,86884,2048724720.0,28.116889421054335,40000,USc,400,8.8687,5.6976
HOG,2017-08-29,90035,4554,312947,55.95,85481,1913064780.0,27.314848840218954,40000,USc,400,8.8687,5.6976
HOG,2017-09-05,91019,7743,303998,60.4,83276,2011948159.9999998,27.393601273692592,40000,USc,400,8.8687,5.6976
HOG,2017-09-12,87123,6967,315595,57.325,80156,1837977080.0,25.39837449896228,40000,USc,400,8.8687,5.6976
HOG,2017-09-19,92754,10892,332493,59.575,81862,1950771460.0000002,24.62066870580734,40000,USc,400,8.8687,5.6976
HOG,2017-09-26,93801,13192,337444,58.025,80609,1870934889.9999998,23.888111805218053,40000,USc,400,8.8687,5.6976
HOG,2017-10-03,89411,10143,324279,62.3,79268,1975358559.9999998,24.444382769158658,40000,USc,400,8.8687,5.6976
HOG,2017-10-10,86438,6503,317440,61.65,79935,1971197100.0,25.181136592741936,40000,USc,400,8.8687,5.6976
HOG,2017-10-17,88033,6073,294124,67.1,81960,2199806399.9999995,27.86579809876107,40000,USc,400,8.8687,5.6976
HOG,2017-10-24,90074,6872,300079,68.725,83202,2287222979.9999995,27.726698636025848,40000,USc,400,8.8687,5.6976
HOG,2017-10-31,92881,5228,315550,72.875,87653,2555084950.0,27.777848201552846,40000,USc,400,8.8687,5.6976
HOG,2017-11-07,92873,5223,323067,70.95,87650,2487507000.0,27.130595201614526,40000,USc,400,8.8687,5.6976
HOG,2017-11-14,92501,4869,325703,67.5,87632,2366064000.0,26.905493655262617,40000,USc,400,8.8687,5.6976
HOG,2017-11-21,90541,4693,304790,66.9,85848,2297292480.0,28.166278421208048,40000,USc,400,8.8687,5.6976
HOG,2017-11-28,91697,5316,302651,71.425,86381,2467905170.0,28.541455339648635,40000,USc,400,8.8687,5.6976
HOG,2017-12-05,92240,8237,306338,70.35,84003,2363844420.0,27.421671487050254,40000,USc,400,8.8687,5.6976
HOG,2017-12-12,91137,7826,297388,66.55,83311,2217738820.0,28.014244017915992,40000,USc,400,8.8687,5.6976
HOG,2017-12-19,88207,7144,266128,71.625,81063,2322454950.0,30.460154512114475,40000,USc,400,8.8687,5.6976
HOG,2017-12-26,89227,8301,270946,75.4,80926,2440728160.0,29.867944165996175,40000,USc,400,8.8687,5.6976
HOG,2018-01-02,91106,9463,283180,75.0,81643,2449290000.0,28.830779009817075,40000,USc,400,8.5968,5.6992
HOG,2018-01-09,89434,6887,291611,76.75,82547,2534192900.0,28.307231208699264,40000,USc,400,8.5968,5.6992
HOG,2018-01-16,87745,4693,289845,75.925,83052,2522289240.0,28.653935724266415,40000,USc,400,8.5968,5.6992
HOG,2018-01-23,87449,5527,291213,74.675,81922,2447010140.0,28.13129908348872,40000,USc,400,8.5968,5.6992
HOG,2018-01-30,87344,5469,287441,72.825,81875,2385018750.0,28.48410630355447,40000,USc,400,8.5968,5.6992
HOG,2018-02-06,94885,5185,288095,71.4,89700,2561832000.0000005,31.135562921952832,40000,USc,400,8.5968,5.6992
HOG,2018-02-13,92272,5101,290197,69.4,87171,2419866960.0,30.038560012681042,40000,USc,400,8.5968,5.6992
HOG,2018-02-20,89449,6821,271333,75.9,82628,2508586080.0,30.452617263657572,40000,USc,400,8.5968,5.6992
HOG,2018-02-27,91057,9981,274952,76.4,81076,2477682560.0,29.487328697372632,40000,USc,400,8.5968,5.6992
HOG,2018-03-06,86364,11074,270817,74.15,75290,2233101400.0,27.801061233231295,40000,USc,400,8.5968,5.6992
HOG,2018-03-13,87753,10149,282047,71.975,77604,2234219160.0,27.514563175640937,40000,USc,400,8.5968,5.6992
HOG,2018-03-20,86326,9501,294449,70.2,76825,2157246000.0,26.0911057602505,40000,USc,400,8.5968,5.6992
HOG,2018-03-27,86048,10611,310213,65.25,75437,1968905700.0,24.317807441983412,40000,USc,400,8.5968,5.6992
HOG,2018-04-03,85108,10155,312855,61.625,74953,1847591450.0,23.957744002812806,40000,USc,400,8.5968,5.6992
HOG,2018-04-10,84178,8731,307597,67.375,75447,2033296650.0,24.52787250850951,40000,USc,400,8.5968,5.6992
HOG,2018-04-17,86944,8709,286398,76.775,78235,2402596850.0,27.316880704474194,40000,USc,400,8.5968,5.6992
HOG,2018-04-24,84449,13690,292632,74.925,70759,2120647230.0,24.18019902129637,40000,USc,400,8.5968,5.6992
HOG,2018-05-01,83614,14460,307115,74.15,69154,2051107640.0000002,22.51729808052358,40000,USc,400,8.5968,5.6992
HOG,2018-05-08,79613,10463,298952,76.4,69150,2113224000.0,23.130803607268057,40000,USc,400,8.5968,5.6992
HOG,2018-05-15,82948,11904,293640,77.75,71044,2209468400.0,24.19425146437815,40000,USc,400,8.5968,5.6992
HOG,2018-05-22,82459,10060,293171,75.275,72399,2179933890.0,24.695143789801858,40000,USc,400,8.5968,5.6992
HOG,2018-05-29,88674,15653,288589,78.775,73021,2300891710.0,25.302766217700608,40000,USc,400,8.5968,5.6992
HOG,2018-06-05,89485,17750,287858,76.825,71735,2204416550.0,24.92027319025353,40000,USc,400,8.5968,5.6992
HOG,2018-06-12,89108,15841,287048,81.725,73267,2395098229.9999995,25.524302555670133,40000,USc,400,8.5968,5.6992
HOG,2018-06-19,98533,14455,269175,77.7,84078,2613144240.0,31.235441627194206,40000,USc,400,8.5968,5.6992
HOG,2018-06-26,99291,14800,273584,74.625,84491,2522056350.0,30.883019474823087,40000,USc,400,8.5968,5.6992
HOG,2018-07-03,108895,14999,285224,75.65,93896,2841292960.0,32.92009087594312,40000,USc,400,8.5968,5.6992
HOG,2018-07-10,109838,13626,292256,69.775,96212,2685276920.0000005,32.920453301215375,40000,USc,400,8.5968,5.6992
HOG,2018-07-17,118252,16549,301761,52.325,101703,2128643790.0000002,33.703162436497756,40000,USc,400,8.5968,5.6992
HOG,2018-07-24,122012,20867,306535,52.45,101145,2122022100.0,32.99623207790302,40000,USc,400,8.5968,5.6992
HOG,2018-07-31,119594,18712,315223,50.7,100882,2045886960.0000002,32.00337538821723,40000,USc,400,8.5968,5.6992
HOG,2018-08-07,115748,17947,316142,50.0,97801,1956020000.0,30.935782022002773,40000,USc,400,8.5968,5.6992
HOG,2018-08-14,113717,19029,305776,51.95,94688,1967616640.0000002,30.966459107320393,40000,USc,400,8.5968,5.6992
HOG,2018-08-21,109584,16811,289247,53.9,92773,2000185880.0,32.07397138086134,40000,USc,400,8.5968,5.6992
HOG,2018-08-28,113034,18640,297490,53.325,94394,2013424020.0,31.73014218965343,40000,USc,400,8.5968,5.6992
HOG,2018-09-04,107734,25898,311217,55.325,81836,1811030680.0,26.29547871742225,40000,USc,400,8.5968,5.6992
HOG,2018-09-11,95563,20244,299567,54.2,75319,1632915920.0,25.142622518501707,40000,USc,400,8.5968,5.6992
HOG,2018-09-18,97089,20527,301676,58.025,76562,1777004020.0,25.3788833052679,40000,USc,400,8.5968,5.6992
HOG,2018-09-25,95335,18207,300919,57.725,77128,1780885520.0,25.63081759543266,40000,USc,400,8.5968,5.6992
HOG,2018-10-02,102482,19388,318837,59.175,83094,1966834980.0,26.061592600607835,40000,USc,400,8.5968,5.6992
HOG,2018-10-09,105844,22003,318086,56.55,83841,1896483420.0,26.357966084643774,40000,USc,400,8.5968,5.6992
HOG,2018-10-16,104247,19404,295658,64.15,84843,2177071380.0,28.69633157228961,40000,USc,400,8.5968,5.6992
HOG,2018-10-23,100195,20652,295435,61.675,79543,1962325809.9999998,26.924027281804797,40000,USc,400,8.5968,5.6992
HOG,2018-10-30,101146,21492,298271,66.725,79654,2125965259.9999998,26.70524455947779,40000,USc,400,8.5968,5.6992
HOG,2018-11-06,102234,20161,296202,61.375,82073,2014892150.0,27.708455716031626,40000,USc,400,8.5968,5.6992
HOG,2018-11-13,104041,24110,315231,61.95,79931,1980690180.0,25.356325995857006,40000,USc,400,8.5968,5.6992
HOG,2018-11-20,98913,18436,300661,66.95,80477,2155174060.0,26.76669072476976,40000,USc,400,8.5968,5.6992
HOG,2018-11-27,96874,15782,300375,64.925,81092,2105959239.9999998,26.99692051602164,40000,USc,400,8.5968,5.6992
HOG,2018-12-04,90099,13578,292119,65.725,76521,2011737089.9999998,26.195146498516014,40000,USc,400,8.5968,5.6992
HOG,2018-12-11,90941,13970,287085,65.325,76971,2011252230.0,26.811223156904752,40000,USc,400,8.5968,5.6992
HOG,2018-12-18,87885,13865,261819,67.85,74020,2008902800.0,28.27143942952956,40000,USc,400,8.5968,5.6992
HOG,2018-12-24,88808,16990,258926,66.85,71818,1920413320.0,27.736882352486813,40000,USc,400,8.5968,5.6992
HOG,2018-12-31,93865,23207,274089,67.2,70658,1899287040.0000002,25.77921769936043,40000,USc,400,8.5968,5.6992
HOG,2019-01-08,87351,22852,269550,66.375,64499,1712448450.0,23.928399183824894,40000,USc,400,8.6434,5.1529
HOG,2019-01-15,79888,13402,264121,67.075,66486,1783819380.0,25.1725534887419,40000,USc,400,8.6434,5.1529
HOG,2019-01-22,80056,14881,267115,66.2,65175,1725834000.0,24.399603167175187,40000,USc,400,8.6434,5.1529
HOG,2019-01-29,80746,16115,281634,62.5,64631,1615775000.0,22.94857865172529,40000,USc,400,8.6434,5.1529
HOG,2019-02-05,82707,15900,290928,61.6,66807,1646124480.0,22.963413628114175,40000,USc,400,8.6434,5.1529
HOG,2019-02-12,82514,17338,308724,60.375,65176,1574000400.0,21.11141343076664,40000,USc,400,8.6434,5.1529
HOG,2019-02-19,82814,18657,308663,65.45,64157,1679630260.0000002,20.785452095003286,40000,USc,400,8.6434,5.1529
HOG,2019-02-26,88928,25426,318626,65.025,63502,1651687020.0,19.92994921946106,40000,USc,400,8.6434,5.1529
HOG,2019-03-05,90703,30124,331686,66.525,60579,1612007190.0000002,18.263960492755196,40000,USc,400,8.6434,5.1529
HOG,2019-03-12,87719,20540,331023,71.6,67179,1924006559.9999998,20.294360210619804,40000,USc,400,8.6434,5.1529
HOG,2019-03-19,95395,21910,373196,79.0,73485,2322126000.0,19.69072551688657,40000,USc,400,8.6434,5.1529
HOG,2019-03-26,98765,22446,408478,86.0,76319,2625373600.0,18.683747961946544,40000,USc,400,8.6434,5.1529
HOG,2019-04-02,100466,23101,406075,83.95,77365,2597916700.0,19.051899279689714,40000,USc,400,8.6434,5.1529
HOG,2019-04-09,105901,23113,419447,86.45,82788,2862809040.0,19.73741616938493,40000,USc,400,8.6434,5.1529
HOG,2019-04-16,121147,32726,421564,96.55,88421,3414819019.9999995,20.97451395280432,40000,USc,400,8.6434,5.1529
HOG,2019-04-23,114821,26865,427870,92.325,87956,3248215080.0,20.55671115058312,40000,USc,400,8.6434,5.1529
HOG,2019-04-30,118843,34206,439314,88.0,84637,2979222400.0,19.26571882525938,40000,USc,400,8.6434,5.1529
HOG,2019-05-07,117455,32875,433766,88.475,84580,2993286199.9999995,19.498992544367237,40000,USc,400,8.6434,5.1529
HOG,2019-05-14,116392,30555,431754,89.6,85837,3076398079.9999995,19.880997049245636,40000,USc,400,8.6434,5.1529
HOG,2019-05-21,116330,28699,433547,91.1,87631,3193273640.0,20.212572108675644,40000,USc,400,8.6434,5.1529
HOG,2019-05-28,118161,31441,437793,85.625,86720,2970160000.0,19.80844828492004,40000,USc,400,8.6434,5.1529
HOG,2019-06-04,117985,32682,433839,85.625,85303,2921627750.0,19.662363226911367,40000,USc,400,8.6434,5.1529
HOG,2019-06-11,114812,28463,437615,84.0,86349,2901326400.0,19.7317276601579,40000,USc,400,8.6434,5.1529
HOG,2019-06-18,111492,25746,413719,81.5,85746,2795319600.0,20.72566162056855,40000,USc,400,8.6434,5.1529
HOG,2019-06-25,110304,28482,416053,75.8,81822,2480843040.0,19.66624444481833,40000,USc,400,8.6434,5.1529
HOG,2019-07-02,112207,37167,423586,79.225,75040,2378017600.0,17.715410802056724,40000,USc,400,8.6434,5.1529
HOG,2019-07-09,107466,35824,414675,79.075,71642,2266036460.0,17.276662446494242,40000,USc,400,8.6434,5.1529
HOG,2019-07-16,97259,25945,405438,75.45,71314,2152256520.0,17.589372481119184,40000,USc,400,8.6434,5.1529
HOG,2019-07-23,103603,26209,397396,81.65,77394,2527688040.0,19.475284099487663,40000,USc,400,8.6434,5.1529
HOG,2019-07-30,101915,26283,395859,73.7,75632,2229631360.0,19.10579271912474,40000,USc,400,8.6434,5.1529
HOG,2019-08-06,102178,30847,396318,64.6,71331,1843193039.9999998,17.998425506790003,40000,USc,400,8.6434,5.1529
HOG,2019-08-13,104022,31673,394701,64.15,72349,1856475340.0000002,18.33007770438889,40000,USc,400,8.6434,5.1529
HOG,2019-08-20,99103,27657,367884,64.25,71446,1836162200.0,19.42079568559655,40000,USc,400,8.6434,5.1529
HOG,2019-08-27,100281,29878,374789,62.825,70403,1769227390.0000002,18.7847028594756,40000,USc,400,8.6434,5.1529
HOG,2019-09-03,101263,33051,383746,66.0,68212,1800796800.0,17.77529928650722,40000,USc,400,8.6434,5.1529
HOG,2019-09-10,99601,32596,391125,62.175,67005,1666414350.0,17.131351869606902,40000,USc,400,8.6434,5.1529
HOG,2019-09-17,99108,30710,374191,67.675,68398,1851533859.9999998,18.278900347683404,40000,USc,400,8.6434,5.1529
HOG,2019-09-24,97770,32389,378360,69.2,65381,1809746080.0,17.28010360503224,40000,USc,400,8.6434,5.1529
HOG,2019-10-01,98030,30726,386247,69.85,67304,1880473759.9999998,17.425119159501563,40000,USc,400,8.6434,5.1529
HOG,2019-10-08,103375,35379,398940,67.3,67996,1830452320.0,17.04416704266306,40000,USc,400,8.6434,5.1529
HOG,2019-10-15,106581,35102,407297,79.275,71479,2266599090.0,17.54960139652391,40000,USc,400,8.6434,5.1529
HOG,2019-10-22,101373,29899,383064,76.15,71474,2177098040.0,18.65850092934862,40000,USc,400,8.6434,5.1529
HOG,2019-10-29,99420,29139,387354,72.625,70281,2041663050.0,18.143868399448568,40000,USc,400,8.6434,5.1529
HOG,2019-11-05,104818,30340,394670,73.675,74478,2194866660.0,18.87095548179492,40000,USc,400,8.6434,5.1529
HOG,2019-11-12,103815,32030,391720,75.95,71785,2180828300.0,18.325589706933524,40000,USc,400,8.6434,5.1529
HOG,2019-11-19,106133,29703,397792,69.75,76430,2132397000.0,19.213558844823424,40000,USc,400,8.6434,5.1529
HOG,2019-11-26,104118,30768,402552,67.575,73350,1982650500.0,18.221248434984798,40000,USc,400,8.6434,5.1529
HOG,2019-12-03,105654,32537,399748,68.45,73117,2001943460.0000002,18.290773187107877,40000,USc,400,8.6434,5.1529
HOG,2019-12-10,103197,31021,394788,67.825,72176,1958134880.0,18.282217291305713,40000,USc,400,8.6434,5.1529
HOG,2019-12-17,102001,28010,372255,77.15,73991,2283362260.0,19.876428792091446,40000,USc,400,8.6434,5.1529
HOG,2019-12-24,101548,27059,361479,78.025,74489,2324801690.0,20.606729574885403,40000,USc,400,8.6434,5.1529
HOG,2019-12-31,103578,27108,364525,77.875,76470,2382040500.0,20.97798504903642,40000,USc,400,8.6434,5.1529
HOG,2020-01-07,103765,25985,369859,75.675,77780,2354400600.0,21.029635617897632,40000,USc,400,8.8732,5.0506
HOG,2020-01-14,103576,25071,379028,74.975,78505,2354364950.0,20.712190128433782,40000,USc,400,8.8732,5.0506
HOG,2020-01-21,105104,25130,383961,73.825,79974,2361632220.0,20.828677912600497,40000,USc,400,8.8732,5.0506
HOG,2020-01-28,105187,26845,386050,71.4,78342,2237447520.0000005,20.293226266027716,40000,USc,400,8.8732,5.0506
HOG,2020-02-04,104318,34970,401518,62.35,69348,1729539120.0,17.27145482892423,40000,USc,400,8.8732,5.0506
HOG,2020-02-11,97081,31788,390968,64.375,65293,1681294750.0,16.70034376214933,40000,USc,400,8.8732,5.0506
HOG,2020-02-18,96504,28758,378597,73.675,67746,1996474620.0,17.893961124890055,40000,USc,400,8.8732,5.0506
HOG,2020-02-25,98779,27055,376037,71.55,71724,2052740880.0,19.0736549860785,40000,USc,400,8.8732,5.0506
HOG,2020-03-03,100052,27936,371463,69.65,72116,2009151760.0000002,19.414046621063203,40000,USc,400,8.8732,5.0506
HOG,2020-03-10,97406,26213,366781,71.1,71193,2024728920.0,19.41022026768017,40000,USc,400,8.8732,5.0506
HOG,2020-03-17,95597,26624,356649,62.55,68973,1725704459.9999998,19.33918222117544,40000,USc,400,8.8732,5.0506
HOG,2020-03-24,89196,23293,320594,66.65,65903,1756973980.0,20.556529442222875,40000,USc,400,8.8732,5.0506
HOG,2020-03-31,92991,27742,338048,53.0,65249,1383278800.0,19.301696800454373,40000,USc,400,8.8732,5.0506
HOG,2020-04-07,94118,31566,344073,48.375,62552,1210381200.0,18.179862994190184,40000,USc,400,8.8732,5.0506
HOG,2020-04-14,94161,32479,351552,38.3,61682,944968239.9999999,17.545626251592935,40000,USc,400,8.8732,5.0506
HOG,2020-04-21,86782,26687,311409,48.05,60095,1155025900.0,19.297772382943332,40000,USc,400,8.8732,5.0506
HOG,2020-04-28,85259,25935,293110,56.1,59324,1331230560.0,20.23950052881171,40000,USc,400,8.8732,5.0506
HOG,2020-05-05,84118,22545,292027,63.825,61573,1571958690.0,21.084694223479335,40000,USc,400,8.8732,5.0506
HOG,2020-05-12,83313,19848,293577,61.475,63465,1560604350.0,21.61783790964551,40000,USc,400,8.8732,5.0506
HOG,2020-05-19,83108,20872,299799,56.275,62236,1400932360.0,20.759242025490412,40000,USc,400,8.8732,5.0506
HOG,2020-05-26,85457,22101,307338,59.55,63356,1509139920.0,20.614437524809816,40000,USc,400,8.8732,5.0506
HOG,2020-06-02,92140,22375,310277,54.65,69765,1525062900.0,22.48474749981468,40000,USc,400,8.8732,5.0506
HOG,2020-06-09,91767,23115,308827,52.95,68652,1454049360.0000002,22.22992160659528,40000,USc,400,8.8732,5.0506
HOG,2020-06-16,83123,16280,282902,52.575,66843,1405708290.0,23.627616630493954,40000,USc,400,8.8732,5.0506
HOG,2020-06-23,84691,16907,287742,52.55,67784,1424819680.0,23.557214449055056,40000,USc,400,8.8732,5.0506
HOG,2020-06-30,88941,17599,294254,48.85,71342,1394022680.0,24.245039999456253,40000,USc,400,8.8732,5.0506
HOG,2020-07-07,90098,18899,299056,49.2,71199,1401196320.0,23.80791557434059,40000,USc,400,8.8732,5.0506
HOG,2020-07-14,85889,16723,293683,49.975,69166,1382628340.0,23.551244028425206,40000,USc,400,8.8732,5.0506
HOG,2020-07-21,85741,16176,276116,50.225,69565,1397560850.0,25.194121311332918,40000,USc,400,8.8732,5.0506
HOG,2020-07-28,87593,16658,285366,50.6,70935,1435724400.0,24.85755135510187,40000,USc,400,8.8732,5.0506
HOG,2020-08-04,93976,18400,287163,49.125,75576,1485068400.0,26.31815380115126,40000,USc,400,8.8732,5.0506
HOG,2020-08-11,89460,16496,277306,51.825,72964,1512543720.0,26.311727838561012,40000,USc,400,8.8732,5.0506
HOG,2020-08-18,87996,14299,261463,53.05,73697,1563850339.9999998,28.186397310518124,40000,USc,400,8.8732,5.0506
HOG,2020-08-25,89065,14064,263034,56.65,75001,1699522659.9999998,28.513804299064,40000,USc,400,8.8732,5.0506
HOG,2020-09-01,89488,14132,263857,55.625,75356,1676671000.0,28.559409073854397,40000,USc,400,8.8732,5.0506
HOG,2020-09-08,89329,13879,267011,58.475,75450,1764775500.0,28.257262809397364,40000,USc,400,8.8732,5.0506
HOG,2020-09-15,91513,14316,273742,62.975,77197,1944592430.0,28.200641479933658,40000,USc,400,8.8732,5.0506
HOG,2020-09-22,94881,16913,283498,64.0,77968,1995980800.0,27.50213405385576,40000,USc,400,8.8732,5.0506
HOG,2020-09-29,94564,17751,291619,61.65,76813,1894208580.0,26.340190453982764,40000,USc,400,8.8732,5.0506
HOG,2020-10-06,95820,17023,290056,63.825,78797,2011687410.0000002,27.166133436301955,40000,USc,400,8.8732,5.0506
HOG,2020-10-13,96194,17225,291255,66.35,78969,2095837259.9999998,27.11335427717979,40000,USc,400,8.8732,5.0506
HOG,2020-10-20,92906,13451,270736,69.0,79455,2192958000.0,29.347777909107027,40000,USc,400,8.8732,5.0506
HOG,2020-10-27,94058,13761,266925,67.95,80297,2182472460.0,30.082232836939216,40000,USc,400,8.8732,5.0506
HOG,2020-11-03,96012,15793,264962,65.725,80219,2108957509.9999998,30.27566217042444,40000,USc,400,8.8732,5.0506
HOG,2020-11-10,95793,14146,254301,66.75,81647,2179974900.0,32.10644079260404,40000,USc,400,8.8732,5.0506
HOG,2020-11-17,95994,15060,250936,65.65,80934,2125326840.0000002,32.25284534702075,40000,USc,400,8.8732,5.0506
HOG,2020-11-24,96305,16207,251288,66.825,80098,2141019540.0000002,31.874980102511856,40000,USc,400,8.8732,5.0506
HOG,2020-12-01,96464,16741,250974,68.875,79723,2196368650.0,31.765441838596825,40000,USc,400,8.8732,5.0506
HOG,2020-12-08,95933,15750,244820,65.55,80183,2102398259.9999998,32.75181766195573,40000,USc,400,8.8732,5.0506
HOG,2020-12-15,96916,15279,239420,69.35,81637,2264610379.9999995,34.09781973101662,40000,USc,400,8.8732,5.0506
HOG,2020-12-21,95568,13462,217143,69.95,82106,2297325880.0,37.81194880792842,40000,USc,400,8.8732,5.0506
HOG,2020-12-29,96884,13337,225124,71.225,83547,2380254029.9999995,37.11154741386969,40000,USc,400,8.8732,5.0506
HOG,2021-01-05,99586,14568,241713,74.05,85018,2518233160.0,35.1731185331364,40000,USc,400,7.8214,4.8672
HOG,2021-01-12,99747,11715,245388,73.575,88032,2590781760.0,35.874614895593915,40000,USc,400,7.8214,4.8672
HOG,2021-01-19,101101,13065,246824,71.45,88036,2516068880.0,35.66752017631997,40000,USc,400,7.8214,4.8672
HOG,2021-01-26,101546,13550,262486,77.0,87996,2710276800.0,33.52407366488118,40000,USc,400,7.8214,4.8672
HOG,2021-02-02,101572,15459,272986,78.125,86113,2691031250.0,31.544841127383823,40000,USc,400,7.8214,4.8672
HOG,2021-02-09,102824,15723,288133,80.3,87101,2797684120.0,30.229442653219174,40000,USc,400,7.8214,4.8672
HOG,2021-02-16,105774,15395,298009,88.35,90379,3193993860.0,30.32760755547651,40000,USc,400,7.8214,4.8672
HOG,2021-02-23,105026,14733,306142,88.825,90293,3208110290.0,29.493829660745668,40000,USc,400,7.8214,4.8672
HOG,2021-03-02,103664,14022,314188,87.65,89642,3142848520.0000005,28.53132519383299,40000,USc,400,7.8214,4.8672
HOG,2021-03-09,103799,14594,319949,90.775,89205,3239033550.0000005,27.88100603533688,40000,USc,400,7.8214,4.8672
HOG,2021-03-16,107131,15496,334436,95.125,91635,3486711750.0,27.399861258955376,40000,USc,400,7.8214,4.8672
HOG,2021-03-23,106998,15696,341311,95.85,91302,3500518679.9999995,26.750383081705543,40000,USc,400,7.8214,4.8672
HOG,2021-03-30,107153,15637,355881,101.625,91516,3720125400.0,25.71533743020841,40000,USc,400,7.8214,4.8672
HOG,2021-04-06,108482,15466,363049,102.55,93016,3815516319.9999995,25.620783971309656,40000,USc,400,7.8214,4.8672
HOG,2021-04-13,107895,14526,366677,104.825,93369,3914962170.0000005,25.463555117992133,40000,USc,400,7.8214,4.8672
HOG,2021-04-20,106597,13214,340965,106.35,93383,3972512819.9999995,27.387855058437083,40000,USc,400,7.8214,4.8672
HOG,2021-04-27,105937,12996,343649,106.55,92941,3961145419.9999995,27.045328227348254,40000,USc,400,7.8214,4.8672
HOG,2021-05-04,107351,14170,358691,113.325,93181,4223894730.0000005,25.978070261032478,40000,USc,400,7.8214,4.8672
HOG,2021-05-11,107024,12738,347438,111.475,94286,4204212740.0,27.137503669719486,40000,USc,400,7.8214,4.8672
HOG,2021-05-18,106537,12299,350156,111.8,94238,4214323360.0,26.913147282925326,40000,USc,400,7.8214,4.8672
HOG,2021-05-25,108952,13550,365975,117.675,95402,4490572140.0,26.067900812897054,40000,USc,400,7.8214,4.8672
HOG,2021-06-01,110818,15154,371987,119.875,95664,4587088800.0,25.717027745593256,40000,USc,400,7.8214,4.8672
HOG,2021-06-08,112327,15711,381717,121.525,96616,4696503760.0,25.31089786412447,40000,USc,400,7.8214,4.8672
HOG,2021-06-15,112586,15242,389751,114.65,97344,4464195840.0,24.975946181023268,40000,USc,400,7.8214,4.8672
HOG,2021-06-22,107907,11494,351619,104.0,96413,4010780800.0,27.419735566053028,40000,USc,400,7.8214,4.8672
HOG,2021-06-29,109386,11893,336836,103.9,97493,4051809080.0000005,28.94375898063152,40000,USc,400,7.8214,4.8672
HOG,2021-07-06,107691,12078,335768,102.2,95613,3908659440.0,28.475911939196113,40000,USc,400,7.8214,4.8672
HOG,2021-07-13,108455,11594,335442,105.9,96861,4103031960.0,28.875632747240953,40000,USc,400,7.8214,4.8672
HOG,2021-07-20,108787,11353,326042,91.175,97434,3553417979.9999995,29.883879990921415,40000,USc,400,7.8214,4.8672
HOG,2021-07-27,109842,11324,340494,92.475,98518,3644180819.9999995,28.933843180790262,40000,USc,400,7.8214,4.8672
HOG,2021-08-03,111267,11588,347556,91.525,99679,3649248190.0000005,28.67998250641623,40000,USc,400,7.8214,4.8672
HOG,2021-08-10,110700,12164,341277,83.875,98536,3305882800.0,28.87273387893119,40000,USc,400,7.8214,4.8672
HOG,2021-08-17,107475,10760,321901,80.95,96715,3131631700.0,30.044951708755175,40000,USc,400,7.8214,4.8672
HOG,2021-08-24,107320,10510,322400,80.7,96810,3125026800.0,30.027915632754343,40000,USc,400,7.8214,4.8672
HOG,2021-08-31,107572,10631,327244,81.875,96941,3174817750.0,29.62346139272225,40000,USc,400,7.8214,4.8672
HOG,2021-09-07,107285,11359,328973,80.8,95926,3100328320.0,29.159231912649364,40000,USc,400,7.8214,4.8672
HOG,2021-09-14,102824,9504,315769,72.075,93320,2690415600.0,29.553249369000756,40000,USc,400,7.8214,4.8672
HOG,2021-09-21,102624,10721,302642,73.25,91903,2692757900.0,30.366902148412976,40000,USc,400,7.8214,4.8672
HOG,2021-09-28,102450,9784,304877,83.35,92666,3089484440.0,30.394552557260795,40000,USc,400,7.8214,4.8672
HOG,2021-10-05,103101,10054,324041,82.425,93047,3067759590.0,28.71457624189532,40000,USc,400,7.8214,4.8672
HOG,2021-10-12,102330,10421,317055,78.075,91909,2870318070.0,28.988345870590276,40000,USc,400,7.8214,4.8672
HOG,2021-10-19,99412,8502,290440,80.55,90910,2929120200.0,31.300785015838038,40000,USc,400,7.8214,4.8672
HOG,2021-10-26,99974,11152,292455,75.2,88822,2671765760.0,30.37116821391325,40000,USc,400,7.8214,4.8672
HOG,2021-11-02,99394,13772,289390,77.475,85622,2653425779.9999995,29.58706244168769,40000,USc,400,7.8214,4.8672
HOG,2021-11-09,97029,13139,286563,78.75,83890,2642535000.0,29.274539978992404,40000,USc,400,7.8214,4.8672
HOG,2021-11-16,95685,12688,286158,83.275,82997,2764630070.0000005,29.003906932533773,40000,USc,400,7.8214,4.8672
HOG,2021-11-23,96661,13375,297616,83.35,83286,2776755240.0,27.984382560077414,40000,USc,400,7.8214,4.8672
HOG,2021-11-30,94637,14727,289238,80.05,79910,2558718200.0,27.627766752639694,40000,USc,400,7.8214,4.8672
HOG,2021-12-07,95173,15311,285784,76.475,79862,2442978579.9999995,27.944881448926463,40000,USc,400,7.8214,4.8672
HOG,2021-12-14,93710,13719,273487,80.35,79991,2570910740.0,29.24855660415303,40000,USc,400,7.8214,4.8672
HOG,2021-12-21,88910,10996,258230,85.6,77914,2667775360.0,30.172326995314254,40000,USc,400,7.8214,4.8672
HOG,2021-12-28,89370,9871,262948,87.65,79499,2787234940.0,30.23373442657864,40000,USc,400,7.8214,4.8672
HOG,2022-01-04,91078,9863,264825,87.0,81215,2826282000.0,30.66742188237515,40000,USc,400,8.4653,5.0219
HOG,2022-01-11,93668,8776,267471,84.175,84892,2858313640.0,31.738767941197366,40000,USc,400,8.4653,5.0219
HOG,2022-01-18,95301,9134,276468,89.325,86167,3078746910.0,31.167079010952442,40000,USc,400,8.4653,5.0219
HOG,2022-01-25,98429,10624,314486,97.25,87805,3415614500.0,27.920161787806137,40000,USc,400,8.4653,5.0219
HOG,2022-02-01,97673,11087,329074,98.075,86586,3396768780.0000005,26.312014926733806,40000,USc,400,8.4653,5.0219
HOG,2022-02-08,97568,11705,358156,103.925,85863,3569324910.0,23.97363160187181,40000,USc,400,8.4653,5.0219
HOG,2022-02-15,98756,12975,367616,108.0,85781,3705739200.0,23.33440329038997,40000,USc,400,8.4653,5.0219
HOG,2022-02-22,97945,11224,362129,115.875,86721,4019518350.0,23.947543554921037,40000,USc,400,8.4653,5.0219
HOG,2022-03-01,96685,11502,356855,110.9,85183,3778717880.0000005,23.87047960656289,40000,USc,400,8.4653,5.0219
HOG,2022-03-08,95975,10882,324248,108.225,85093,3683675969.9999995,26.24318422935531,40000,USc,400,8.4653,5.0219
HOG,2022-03-15,104412,11787,322624,110.75,92625,4103287500.0,28.709891390597104,40000,USc,400,8.4653,5.0219
HOG,2022-03-22,103384,11405,315861,111.525,91979,4103183190.0,29.12008763348435,40000,USc,400,8.4653,5.0219
HOG,2022-03-29,103902,12519,328610,118.475,91383,4330640370.0,27.808952862055325,40000,USc,400,8.4653,5.0219
HOG,2022-04-05,99086,12341,315456,108.45,86745,3762998100.0,27.4982881923311,40000,USc,400,8.4653,5.0219
HOG,2022-04-12,98137,13490,319762,112.25,84647,3800650300.0,26.471875957743574,40000,USc,400,8.4653,5.0219
HOG,2022-04-19,97011,12278,298882,121.15,84733,4106161180.0000005,28.349984274730495,40000,USc,400,8.4653,5.0219
HOG,2022-04-26,95831,13445,291155,111.3,82386,3667824719.9999995,28.296268310693616,40000,USc,400,8.4653,5.0219
HOG,2022-05-03,93882,19957,290967,102.45,73925,3029446500.0,25.40666123649761,40000,USc,400,8.4653,5.0219
HOG,2022-05-10,92861,18497,286010,101.75,74364,3026614800.0,26.000489493374356,40000,USc,400,8.4653,5.0219
HOG,2022-05-17,92464,17977,274130,107.75,74487,3210389700.0,27.17214460292562,40000,USc,400,8.4653,5.0219
HOG,2022-05-24,92488,17653,266011,108.75,74835,3255322500.0,28.132295281022213,40000,USc,400,8.4653,5.0219
HOG,2022-05-31,92383,17849,261981,108.425,74534,3232539580.0,28.45015478221703,40000,USc,400,8.4653,5.0219
HOG,2022-06-07,96400,17265,264832,109.3,79135,3459782200.0,29.881207709038183,40000,USc,400,8.4653,5.0219
HOG,2022-06-14,96689,17593,259639,106.6,79096,3372653440.0,30.46383632659192,40000,USc,400,8.4653,5.0219
HOG,2022-06-21,93856,14384,238727,109.6,79472,3484052479.9999995,33.28990855663582,40000,USc,400,8.4653,5.0219
HOG,2022-06-28,92737,13358,241543,103.8,79379,3295816080.0,32.86329970233044,40000,USc,400,8.4653,5.0219
HOG,2022-07-05,93221,14436,251545,105.975,78785,3339696150.0,31.320439682760544,40000,USc,400,8.4653,5.0219
HOG,2022-07-12,90934,12343,256385,109.0,78591,3426567600.0,30.65350937067301,40000,USc,400,8.4653,5.0219
HOG,2022-07-19,89700,11973,257851,94.475,77727,2937303329.9999995,30.14415301860377,40000,USc,400,8.4653,5.0219
HOG,2022-07-26,90519,12591,270459,93.675,77928,2919962160.0,28.813239714707215,40000,USc,400,8.4653,5.0219
HOG,2022-08-02,94697,12711,286762,96.175,81986,3154001420.0,28.590259518346222,40000,USc,400,8.4653,5.0219
HOG,2022-08-09,96883,13701,310366,99.775,83182,3319793620.0000005,26.801260447342816,40000,USc,400,8.4653,5.0219
HOG,2022-08-16,96211,11294,295970,87.65,84917,2977190020.0000005,28.69108355576579,40000,USc,400,8.4653,5.0219
HOG,2022-08-23,94292,11463,280797,84.4,82829,2796307040.0,29.49782227018095,40000,USc,400,8.4653,5.0219
HOG,2022-08-30,93967,12352,275111,85.475,81615,2790416850.0,29.666207458080557,40000,USc,400,8.4653,5.0219
HOG,2022-09-06,93227,14412,276293,83.475,78815,2631632850.0,28.525876515148774,40000,USc,400,8.4653,5.0219
HOG,2022-09-13,88012,12667,255557,85.65,75345,2581319700.0,29.482659445837918,40000,USc,400,8.4653,5.0219
HOG,2022-09-20,88243,14038,266913,88.375,74205,2623146750.0,27.801193647368244,40000,USc,400,8.4653,5.0219
HOG,2022-09-27,88149,18492,276650,76.175,69657,2122448789.9999998,25.178745707572748,40000,USc,400,8.4653,5.0219
HOG,2022-10-04,90407,19465,279056,74.55,70942,2115490439.9999998,25.422137492116274,40000,USc,400,8.4653,5.0219
HOG,2022-10-11,87102,14612,256751,79.625,72490,2308806500.0,28.23358039501307,40000,USc,400,8.4653,5.0219
HOG,2022-10-18,87128,12059,247253,87.725,75069,2634171210.0,30.361208964097504,40000,USc,400,8.4653,5.0219
HOG,2022-10-25,89733,13156,256898,90.725,76577,2778979329.9999995,29.808328597342136,40000,USc,400,8.4653,5.0219
HOG,2022-11-01,90914,14765,257819,88.425,76149,2693390130.0,29.535837157075314,40000,USc,400,8.4653,5.0219
HOG,2022-11-08,87425,13586,252403,88.4,73839,2610947040.0,29.254406643344176,40000,USc,400,8.4653,5.0219
HOG,2022-11-15,89421,14914,259198,90.025,74507,2682997070.0000005,28.745206367333083,40000,USc,400,8.4653,5.0219
HOG,2022-11-22,89488,15200,264489,90.25,74288,2681796800.0,28.08736847279093,40000,USc,400,8.4653,5.0219
HOG,2022-11-29,89327,15842,264628,84.125,73485,2472770250.0,27.769170306996994,40000,USc,400,8.4653,5.0219
HOG,2022-12-06,88614,14338,262607,86.825,74276,2579605480.0,28.284089913825603,40000,USc,400,8.4653,5.0219
HOG,2022-12-13,90557,14524,256091,84.85,76033,2580560020.0,29.689836815819376,40000,USc,400,8.4653,5.0219
HOG,2022-12-20,86824,12146,232254,92.1,74678,2751137520.0,32.153590465610925,40000,USc,400,8.4653,5.0219
HOG,2022-12-27,86782,10440,243792,96.375,76342,2942984100.0,31.314399159939622,40000,USc,400,8.4653,5.0219
HOG,2023-01-03,88428,11793,247874,93.775,76635,2874578850.0,30.916917466131988,40000,USc,400,7.66,5.027
HOG,2023-01-10,88363,13220,255641,89.575,75143,2692373690.0,29.3939548038069,40000,USc,400,7.66,5.027
HOG,2023-01-17,89538,15493,269776,88.2,74045,2612307600.0,27.446844789751495,40000,USc,400,7.66,5.027
HOG,2023-01-24,91691,17761,283534,85.525,73930,2529145300.0,26.074474313486213,40000,USc,400,7.66,5.027
HOG,2023-01-31,92509,19459,289404,86.15,73050,2517303000.0,25.241530870340423,40000,USc,400,7.66,5.027
HOG,2023-02-07,90610,19519,297821,83.1,71091,2363064840.0,23.87037851595421,40000,USc,400,7.66,5.027
HOG,2023-02-14,89757,20300,293901,87.125,69457,2420576450.0,23.63278791157567,40000,USc,400,7.66,5.027
HOG,2023-02-21,85571,17553,272345,97.05,68018,2640458760.0,24.974939874056805,40000,USc,400,7.66,5.027
HOG,2023-02-28,85103,18345,283179,94.45,66758,2522117240.0,23.574488221231093,40000,USc,400,7.66,5.027
HOG,2023-03-07,84750,18882,289063,92.625,65868,2440409400.0,22.78672815268644,40000,USc,400,7.66,5.027
HOG,2023-03-14,85690,17807,282563,93.675,67883,2543576010.0,24.024022961251116,40000,USc,400,7.66,5.027
HOG,2023-03-21,87597,23402,310858,84.7,64195,2174926600.0,20.65090813168714,40000,USc,400,7.66,5.027
HOG,2023-03-28,87046,20758,313667,86.0,66288,2280307200.0,21.133240028437804,40000,USc,400,7.66,5.027
HOG,2023-04-04,87038,20427,325095,82.425,66611,2196164670.0,20.489703009889418,40000,USc,400,7.66,5.027
HOG,2023-04-11,88033,21419,328638,82.2,66614,2190268320.0,20.26971926557489,40000,USc,400,7.66,5.027
HOG,2023-04-18,87320,22622,331978,85.75,64698,2219141400.0,19.488640813547885,40000,USc,400,7.66,5.027
HOG,2023-04-25,86162,21237,304201,87.15,64925,2263285500.0,21.342796374765367,40000,USc,400,7.66,5.027
HOG,2023-05-02,88026,22577,309981,90.0,65449,2356164000.0,21.11387472135389,40000,USc,400,7.66,5.027
HOG,2023-05-09,89795,24691,318099,84.3,65104,2195306880.0,20.466584302371274,40000,USc,400,7.66,5.027
HOG,2023-05-16,91011,24950,319469,88.075,66061,2327329030.0,20.678375679643406,40000,USc,400,7.66,5.027
HOG,2023-05-23,92271,27798,330477,80.775,64473,2083122630.0,19.509073248667836,40000,USc,400,7.66,5.027
HOG,2023-05-30,96154,31817,339064,79.525,64337,2046559970.0000002,18.974883797749097,40000,USc,400,7.66,5.027
HOG,2023-06-06,93997,25735,325110,88.45,68262,2415109560.0,20.996585770969826,40000,USc,400,7.66,5.027
HOG,2023-06-13,91677,21734,307580,90.475,69943,2531237170.0,22.739775017881527,40000,USc,400,7.66,5.027
HOG,2023-06-20,91491,20018,276029,92.775,71473,2652363030.0,25.893293820576822,40000,USc,400,7.66,5.027
HOG,2023-06-27,92027,19662,277850,91.05,72365,2635533300.0,26.044628396616883,40000,USc,400,7.66,5.027
HOG,2023-07-03,92596,19229,293748,94.725,73367,2779875629.9999995,24.976170050519492,40000,USc,400,7.66,5.027
HOG,2023-07-11,89883,17475,301421,97.575,72408,2826084240.0,24.022214776010962,40000,USc,400,7.66,5.027
HOG,2023-07-18,90718,18988,308944,81.65,71730,2342701800.0,23.217799989642135,40000,USc,400,7.66,5.027
HOG,2023-07-25,89354,16073,288987,84.4,73281,2473966560.0,25.3578880710897,40000,USc,400,7.66,5.027
HOG,2023-08-01,95945,15974,306834,85.625,79971,2739006750.0,26.06327851541876,40000,USc,400,7.66,5.027
HOG,2023-08-08,103618,17749,322725,84.575,85869,2904948270.0,26.607483151289795,40000,USc,400,7.66,5.027
HOG,2023-08-15,106453,18538,334189,71.25,87915,2505577500.0,26.306970007989488,40000,USc,400,7.66,5.027
HOG,2023-08-22,103607,15764,302055,72.2,87843,2536905840.0,29.081789740279092,40000,USc,400,7.66,5.027
HOG,2023-08-29,102255,15866,307337,72.8,86389,2515647680.0,28.108883733491247,40000,USc,400,7.66,5.027
HOG,2023-09-05,103224,17544,304469,75.1,85680,2573827199.9999995,28.140795943100937,40000,USc,400,7.66,5.027
HOG,2023-09-12,95804,14995,297539,76.825,80809,2483260570.0,27.159128719260334,40000,USc,400,7.66,5.027
HOG,2023-09-19,96199,17192,305785,76.15,79007,2406553220.0000005,25.83743479896005,40000,USc,400,7.66,5.027
HOG,2023-09-26,93772,14553,311448,72.4,79219,2294182240.0,25.435706763247794,40000,USc,400,7.66,5.027
HOG,2023-10-03,87616,14457,311909,69.1,73159,2022114759.9999998,23.455238547140354,40000,USc,400,7.66,5.027
HOG,2023-10-10,85778,15995,295419,71.475,69783,1995095970.0,23.621703411087303,40000,USc,400,7.66,5.027
HOG,2023-10-17,86160,17229,300825,72.125,68931,1988659350.0,22.913986537023188,40000,USc,400,7.66,5.027
HOG,2023-10-24,88274,20044,311709,69.5,68230,1896794000.0,21.88900545059655,40000,USc,400,7.66,5.027
HOG,2023-10-31,91023,20610,297331,74.6,70413,2101123920.0,23.681688084996182,40000,USc,400,7.66,5.027
HOG,2023-11-07,88895,16639,292112,75.625,72256,2185744000.0,24.7357178068686,40000,USc,400,7.66,5.027
HOG,2023-11-14,88804,15285,295718,75.95,73519,2233507220.0,24.861185318445276,40000,USc,400,7.66,5.027
HOG,2023-11-21,87760,15854,300727,72.225,71906,2077364339.9999998,23.91072301456138,40000,USc,400,7.66,5.027
HOG,2023-11-28,88335,19078,309515,68.975,69257,1910800629.9999998,22.37597531622054,40000,USc,400,7.66,5.027
HOG,2023-12-05,91432,18567,303820,69.4,72865,2022732400.0,23.982950431176352,40000,USc,400,7.66,5.027
HOG,2023-12-12,93243,20134,301751,68.175,73109,1993682430.0,24.228254421692057,40000,USc,400,7.66,5.027
HOG,2023-12-19,92316,18547,268622,77.575,73769,2289052070.0,27.46200981304584,40000,USc,400,7.66,5.027
HOG,2023-12-26,93530,18846,281471,76.125,74684,2274127800.0,26.5334617065346,40000,USc,400,7.66,5.027
HOG,2024-01-02,96269,22575,305634,72.725,73694,2143758459.9999998,24.111846195122272,40000,USc,400,7.9696,4.9951
HOG,2024-01-09,94869,17078,284498,78.475,77791,2441859490.0,27.343250216170233,40000,USc,400,7.9696,4.9951
HOG,2024-01-16,99829,16252,295768,77.55,83577,2592558540.0,28.25762083795407,40000,USc,400,7.9696,4.9951
HOG,2024-01-23,98501,15595,299937,80.375,82906,2665427900.0,27.64113797230752,40000,USc,400,7.9696,4.9951
HOG,2024-01-30,108406,16960,332956,84.4,91446,3087216960.0,27.464890255769532,40000,USc,400,7.9696,4.9951
HOG,2024-02-06,106869,14780,335854,81.35,92089,2996576060.0,27.419354838709676,40000,USc,400,7.9696,4.9951
HOG,2024-02-13,105325,13853,324245,81.075,91472,2966436960.0,28.21076654998535,40000,USc,400,7.9696,4.9951
HOG,2024-02-20,105051,13363,320544,88.95,91688,3262259040.0,28.60387341519417,40000,USc,400,7.9696,4.9951
HOG,2024-02-27,106309,14959,344440,90.275,91350,3298648500.0000005,26.521309952386485,40000,USc,400,7.9696,4.9951
HOG,2024-03-05,112632,17540,361151,91.725,95092,3488925479.9999995,26.33026074965873,40000,USc,400,7.9696,4.9951
HOG,2024-03-12,112634,14867,361522,92.125,97767,3602713950.0,27.043167497413712,40000,USc,400,7.9696,4.9951
HOG,2024-03-19,114802,15995,366761,92.0,98807,3636097600.0,26.940432597795294,40000,USc,400,7.9696,4.9951
HOG,2024-03-26,116281,17422,375591,91.9,98859,3634056840.0000005,26.320918232865004,40000,USc,400,7.9696,4.9951
HOG,2024-04-02,119435,18811,402035,93.6,100624,3767362559.9999995,25.028666658375514,40000,USc,400,7.9696,4.9951
HOG,2024-04-09,128511,21194,446392,98.7,107317,4236875160.0,24.04097743687163,40000,USc,400,7.9696,4.9951
HOG,2024-04-16,125313,19334,404687,102.7,105979,4353617320.0,26.18789335955936,40000,USc,400,7.9696,4.9951
HOG,2024-04-23,128042,21298,407751,107.775,106744,4601733840.000001,26.178721817972246,40000,USc,400,7.9696,4.9951
HOG,2024-04-30,131496,24965,410000,102.725,106531,4377358790.0,25.983170731707318,40000,USc,400,7.9696,4.9951
HOG,2024-05-07,134330,26435,407561,98.35,107895,4244589300.0,26.47333773349266,40000,USc,400,7.9696,4.9951
HOG,2024-05-14,130349,23216,392589,98.375,107133,4215683550.0,27.288844058289968,40000,USc,400,7.9696,4.9951
HOG,2024-05-21,132791,23543,385430,99.6,109248,4352440320.0,28.344446462392654,40000,USc,400,7.9696,4.9951
HOG,2024-05-28,134871,26282,395706,96.65,108589,4198050740.0000005,27.44183813235079,40000,USc,400,7.9696,4.9951
HOG,2024-06-04,135442,32397,409347,93.825,103045,3867278850.0,25.173019467591068,40000,USc,400,7.9696,4.9951
HOG,2024-06-11,115592,27279,404246,92.35,88313,3262282220.0,21.846350984301637,40000,USc,400,7.9696,4.9951
HOG,2024-06-18,115287,26545,384365,91.375,88742,3243520100.0,23.087950255616406,40000,USc,400,7.9696,4.9951
HOG,2024-06-25,119172,33864,393901,86.625,85308,2955922200.0,21.65721843813547,40000,USc,400,7.9696,4.9951
HOG,2024-07-02,119259,34528,385045,89.5,84731,3033369800.0,22.005479878975184,40000,USc,400,7.9696,4.9951
HOG,2024-07-09,113333,31965,389813,88.375,81368,2876358800.0,20.873598366396195,40000,USc,400,7.9696,4.9951
HOG,2024-07-16,106152,29809,391133,72.225,76343,2205549270.0,19.51842467907336,40000,USc,400,7.9696,4.9951
HOG,2024-07-23,106435,25971,349892,77.1,80464,2481509760.0,22.99681044436569,40000,USc,400,7.9696,4.9951
HOG,2024-07-30,112743,24464,356297,74.625,88279,2635128150.0,24.77680137637982,40000,USc,400,7.9696,4.9951
HOG,2024-08-06,113358,21471,354904,76.275,91887,2803472370.0000005,25.89066339066339,40000,USc,400,7.9696,4.9951
HOG,2024-08-13,111485,19491,357737,72.95,91994,2684384920.0,25.715539628274403,40000,USc,400,7.9696,4.9951
HOG,2024-08-20,115052,18486,329181,68.225,96566,2635286140.0,29.335228946992686,40000,USc,400,7.9696,4.9951
HOG,2024-08-27,119510,18218,342747,71.625,101292,2902015800.0,29.552993899290147,40000,USc,400,7.9696,4.9951
HOG,2024-09-03,124567,19594,358266,73.775,104973,3097753230.0,29.300296427793874,40000,USc,400,7.9696,4.9951
HOG,2024-09-10,119809,19404,355631,71.2,100405,2859534400.0,28.232915578225747,40000,USc,400,7.9696,4.9951
HOG,2024-09-17,120951,24095,364753,73.775,96856,2858220560.0,26.553859735218076,40000,USc,400,7.9696,4.9951
HOG,2024-09-24,128149,25322,394310,74.975,102827,3083781729.9999995,26.077705358727904,40000,USc,400,7.9696,4.9951
HOG,2024-10-01,128332,26644,398937,74.525,101688,3031319280.0,25.489738981342917,40000,USc,400,7.9696,4.9951
HOG,2024-10-08,130712,26171,420629,77.125,104541,3225089850.0,24.853493220866845,40000,USc,400,7.9696,4.9951
HOG,2024-10-15,132356,28848,425513,79.175,103508,3278098360.0,24.325461266753308,40000,USc,400,7.9696,4.9951
HOG,2024-10-22,130225,20932,417695,82.55,109293,3608854860.0,26.165742946408265,40000,USc,400,7.9696,4.9951
HOG,2024-10-29,131659,22900,449671,85.2,108759,3706506720.0000005,24.18634957557859,40000,USc,400,7.9696,4.9951
HOG,2024-11-05,134810,27388,472636,84.5,107422,3630863600.0,22.728272920386935,40000,USc,400,7.9696,4.9951
HOG,2024-11-12,129965,22022,472089,86.35,107943,3728351219.9999995,22.864968258103875,40000,USc,400,7.9696,4.9951
HOG,2024-11-19,131916,23079,471337,82.75,108837,3602504700.0,23.091121639082015,40000,USc,400,7.9696,4.9951
HOG,2024-11-26,134345,22810,493572,88.35,111535,3941646900.0,22.597513635295357,40000,USc,400,7.9696,4.9951
HOG,2024-12-03,139157,24435,504267,87.85,114722,4031331079.9999995,22.75024937186054,40000,USc,400,7.9696,4.9951
HOG,2024-12-10,141295,22851,495015,84.55,118444,4005776079.9999995,23.927355736694846,40000,USc,400,7.9696,4.9951
HOG,2024-12-17,130818,16379,430580,88.125,114439,4033974750.0,26.57787170792884,40000,USc,400,7.9696,4.9951
HOG,2024-12-24,125716,15361,419120,89.05,110355,3930845100.0,26.330167970986828,40000,USc,400,7.9696,4.9951
HOG,2024-12-31,125562,15798,411023,86.775,109764,3809908440.0000005,26.705074898484998,40000,USc,400,7.9696,4.9951
HOG,2025-01-07,126863,19933,407302,85.7,106930,3665560400.0,26.253246976444995,40000,USc,400,9.5123,4.8052
HOG,2025-01-14,121574,15835,405836,90.425,105739,3824579629.9999995,26.054613193506736,40000,USc,400,9.5123,4.8052
HOG,2025-01-21,120027,15220,411707,86.7,104807,3634706760.0,25.456696145559825,40000,USc,400,9.5123,4.8052
HOG,2025-01-28,119683,16677,410726,90.725,103006,3738087740.0,25.07900644225104,40000,USc,400,9.5123,4.8052
HOG,2025-02-04,117867,17996,420828,89.725,99871,3584370190.0,23.732023534555687,40000,USc,400,9.5123,4.8052
HOG,2025-02-11,119165,17158,439262,92.8,102007,3786499840.0,23.2223593208609,40000,USc,400,9.5123,4.8052
HOG,2025-02-18,120260,17777,432911,97.025,102483,3977365230.0000005,23.67299514218858,40000,USc,400,9.5123,4.8052
HOG,2025-02-25,115807,13958,397303,90.6,101849,3691007759.9999995,25.635094625512515,40000,USc,400,9.5123,4.8052
HOG,2025-03-04,111728,18214,407940,85.35,93514,3192567960.0,22.923469137618277,40000,USc,400,9.5123,4.8052
HOG,2025-03-11,110065,16274,372319,90.275,93791,3386793010.0,25.191032421122745,40000,USc,400,9.5123,4.8052
HOG,2025-03-18,110353,16394,374611,90.2,93959,3390040720.0000005,25.081751470191744,40000,USc,400,9.5123,4.8052
HOG,2025-03-25,112913,17566,379248,88.975,95347,3393399729.9999995,25.141068641100283,40000,USc,400,9.5123,4.8052
HOG,2025-04-01,114509,16850,387012,89.75,97659,3505958100.0,25.23410126817773,40000,USc,400,9.5123,4.8052
HOG,2025-04-08,109882,17846,398104,84.525,92036,3111737160.0,23.11858207905472,40000,USc,400,9.5123,4.8052
HOG,2025-04-15,106374,15391,366911,95.025,90983,3458263830.0000005,24.797021621047065,40000,USc,400,9.5123,4.8052
HOG,2025-04-22,101643,13700,352262,100.4,87943,3531790880.0000005,24.965224747489085,40000,USc,400,9.5123,4.8052
HOG,2025-04-29,105427,13862,364973,99.475,91565,3643371350.0,25.088157206149496,40000,USc,400,9.5123,4.8052
HOG,2025-05-06,111331,15179,363413,97.5,96152,3749928000.0,26.458051858353993,40000,USc,400,9.5123,4.8052
HOG,2025-05-13,112889,16038,386992,99.6,96851,3858543840.0,25.02661553727209,40000,USc,400,9.5123,4.8052
HOG,2025-05-20,114262,16075,407340,103.525,98187,4065923670.0000005,24.104433642657238,40000,USc,400,9.5123,4.8052
HOG,2025-05-27,114642,16987,414900,102.375,97655,3998972250.0,23.536996866714873,40000,USc,400,9.5123,4.8052
HOG,2025-06-03,117284,18384,452619,104.425,98900,4131053000.0,21.85060724361991,40000,USc,400,9.5123,4.8052
HOG,2025-06-10,116671,17912,480063,108.15,98759,4272314340.0000005,20.572091579646838,40000,USc,400,9.5123,4.8052
HOG,2025-06-17,117515,16623,495012,111.7,100892,4507854560.0,20.38172811972235,40000,USc,400,9.5123,4.8052
HOG,2025-06-24,116949,16632,493416,110.775,100317,4445046270.0,20.331120190670752,40000,USc,400,9.5123,4.8052
HOG,2025-07-01,118037,17139,485321,106.975,100898,4317425420.0,20.789951392995565,40000,USc,400,9.5123,4.8052
HOG,2025-07-08,118792,17666,479022,106.925,101126,4325159020.0,21.110930186922523,40000,USc,400,9.5123,4.8052
HOG,2025-07-15,115490,15465,467909,103.975,100025,4160039750.0,21.37701989061976,40000,USc,400,9.5123,4.8052
HOG,2025-07-22,115634,15408,439822,90.45,100226,3626176680.0000005,22.78785508683058,40000,USc,400,9.5123,4.8052
HOG,2025-07-29,117403,15166,446910,88.525,102237,3620212170.0000005,22.8764180707525,40000,USc,400,9.5123,4.8052
HOG,2025-08-05,118860,15474,449533,92.775,103386,3836654460.0,22.998534034208834,40000,USc,400,9.5123,4.8052
HOG,2025-08-12,116714,15557,449290,91.5,101157,3702346200.0,22.514856774021233,40000,USc,400,9.5123,4.8052
HOG,2025-08-19,115203,13172,432853,83.025,102031,3388449510.0,23.57174375596334,40000,USc,400,9.5123,4.8052
HOG,2025-08-26,115626,15128,449960,85.85,100498,3451101319.9999995,22.33487421104098,40000,USc,400,9.5123,4.8052
HOG,2025-09-02,119422,16374,477720,88.075,103048,3630381040.0,21.570794607720003,40000,USc,400,9.5123,4.8052
HOG,2025-09-09,121517,17064,493554,87.8,104453,3668389360.0,21.163439056314,40000,USc,400,9.5123,4.8052
HOG,2025-09-16,122867,16986,507408,88.175,105881,3734422869.9999995,20.86703402390187,40000,USc,400,9.5123,4.8052
HOG,2025-09-23,118811,10344,508976,90.575,108467,3929759410.0,21.31082801546635,40000,USc,400,9.5123,4.8052
HOG,2025-09-30,119996,10059,503582,88.75,109937,3902763500.0,21.831002696680976,40000,USc,400,9.5123,4.8052
HOG,2025-10-07,119292,8145,487694,86.275,111147,3835682970.0000005,22.790315238653747,40000,USc,400,9.5123,4.8052
HOG,2025-10-14,118921,8923,474857,83.125,109998,3657433500.0,23.164447402059988,40000,USc,400,9.5123,4.8052
HOG,2025-10-21,117778,8909,449638,85.825,108869,3737472770.0000005,24.212588793651783,40000,USc,400,9.5123,4.8052
HOG,2025-10-28,117073,9824,458929,82.4,107249,3534927040.0000005,23.369410083041167,40000,USc,400,9.5123,4.8052
HOG,2025-11-04,115027,11900,458585,80.85,103127,3335127179.9999995,22.488088358755736,40000,USc,400,9.5123,4.8052
HOG,2025-11-10,115403,11316,453519,82.375,104087,3429666650.0,22.950967875656808,40000,USc,400,9.5123,4.8052
HOG,2025-11-18,112227,12754,457513,77.775,99473,3094605030.0,21.742114431721067,40000,USc,400,9.5123,4.8052
HOG,2025-11-25,112677,12590,444326,79.075,100087,3165751810.0,22.525578066554736,40000,USc,400,9.5123,4.8052
HOG,2025-12-02,110648,10720,441533,80.125,99928,3202692400.0,22.63205694704586,40000,USc,400,9.5123,4.8052
HOG,2025-12-09,110921,9995,428181,82.05,100926,3312391320.0,23.570873065362548,40000,USc,400,9.5123,4.8052
HOG,2025-12-16,110366,6189,387702,89.625,104177,3734745450.0,26.87037982780589,40000,USc,400,9.5123,4.8052
HOG,2025-12-23,112027,5911,390702,90.325,106116,3833971080.0000005,27.160342153354733,40000,USc,400,9.5123,4.8052
HOG,2025-12-30,112441,6066,395555,90.275,106375,3841201250.0,26.892593950272403,40000,USc,400,9.5123,4.8052
HOG,2026-01-06,116919,6862,404996,91.675,110057,4035790190.0,27.174836294679455,40000,USc,400,11.7399,4.9465
HOG,2026-01-13,119984,4890,408728,91.25,115094,4200931000.0,28.15906911197667,40000,USc,400,11.7399,4.9465
HOG,2026-01-20,124541,6708,442303,95.2,117833,4487080640.0,26.64078697182701,40000,USc,400,11.7399,4.9465
HOG,2026-01-27,123839,7610,473854,97.025,116229,4510847490.000001,24.528441249836447,40000,USc,400,11.7399,4.9465
HOG,2026-02-03,117546,7803,495793,98.3,109743,4315094760.0,22.13484256534481,40000,USc,400,11.7399,4.9465
HOG,2026-02-10,117888,8590,505682,95.575,109298,4178462540.0,21.613978745535732,40000,USc,400,11.7399,4.9465
HOG,2026-02-17,117083,8631,484649,96.225,108452,4174317479.9999995,22.37743191464338,40000,USc,400,11.7399,4.9465
HOG,2026-02-24,117658,9097,477499,100.4,108561,4359809760.0,22.735335571383395,40000,USc,400,11.7399,4.9465
HOG,2026-03-03,115707,11813,490078,99.925,103894,4152643179.9999995,21.19948253135215,40000,USc,400,11.7399,4.9465
HOG,2026-03-10,112979,11768,488840,101.275,101211,4100057610.0,20.704320432043204,40000,USc,400,11.7399,4.9465
HOG,2026-03-17,111950,7946,470541,98.55,104004,4099837679.9999995,22.103068595510276,40000,USc,400,11.7399,4.9465
HOG,2026-03-24,106516,8193,452439,95.425,98323,3752988910.0,21.731769365594037,40000,USc,400,11.7399,4.9465
HOG,2026-03-31,106179,8917,443113,96.375,97262,3749450100.0,21.94970583124395,40000,USc,400,11.7399,4.9465
HOG,2026-04-07,104302,9182,441518,98.5,95120,3747728000.0,21.543855516649376,40000,USc,400,11.7399,4.9465
HOG,2026-04-14,101238,10184,444456,94.125,91054,3428183100.0,20.486617347948954,40000,USc,400,11.7399,4.9465
HOG,2026-04-21,99458,11695,414739,103.05,87763,3617590860.0,21.16101933987399,40000,USc,400,11.7399,4.9465
HOG,2026-04-28,100026,13151,424383,102.0,86875,3544500000.0,20.47089539401908,40000,USc,400,11.7399,4.9465
HOG,2026-05-05,100461,13161,429909,101.4,87300,3540888000.0,20.306623029524854,40000,USc,400,11.7399,4.9465
HOG,2026-05-12,101521,14657,436108,98.45,86864,3420704320.0000005,19.91800196281655,40000,USc,400,11.7399,4.9465
HOG,2026-05-19,103100,16369,442209,102.1,86731,3542094040.0,19.613124110997287,40000,USc,400,11.7399,4.9465
HOG,2026-05-26,106053,18502,456580,100.025,87551,3502915510.0,19.175390950107317,40000,USc,400,11.7399,4.9465
HOG,2026-06-02,101247,18946,455899,101.5,82301,3341420600.0,18.052463374563228,40000,USc,400,11.7399,4.9465
HOG,2026-06-09,94615,16384,457144,96.175,78231,3009546570.0,17.11298846752883,40000,USc,400,11.7399,4.9465
HOG,2026-06-16,93319,15989,430813,95.075,77330,2940859900.0,17.94978331665943,40000,USc,400,11.7399,4.9465
HOG,2026-06-23,92994,17853,412623,97.275,75141,2923736310.0,18.21056993914542,40000,USc,400,11.7399,4.9465
HOG,2026-06-30,91862,20057,419027,98.15,71805,2819064300.0,17.136127266262076,40000,USc,400,11.7399,4.9465
HOG,2026-07-07,82689,19474,422731,96.925,63215,2450845550.0,14.953954169436356,40000,USc,400,11.7399,4.9465
HOG,2026-07-14,78870,16107,406437,98.4,62763,2470351680.0,15.442245661689267,40000,USc,400,11.7399,4.9465
HOG,2026-07-21,82375,15684,372403,88.2,66691,2352858480.0,17.90828752722185,40000,USc,400,11.7399,4.9465
HOG,2026-07-28,83224,16892,377546,88.175,66332,2339529640.0,17.569249839754626,40000,USc,400,11.7399,4.9465
HOG,2026-08-04,86126,16804,376495,84.35,69322,2338924279.9999995,18.412462316896637,40000,USc,400,11.7399,4.9465
HOG,2026-08-11,88014,17788,383160,83.3,70226,2339930320.0,18.328113581793506,40000,USc,400,11.7399,4.9465
HOG,2026-08-18,88999,16870,391825,70.825,72129,2043414570.0,18.40847317042047,40000,USc,400,11.7399,4.9465
HOG,2026-08-25,87842,18398,393310,70.35,69444,1954154159.9999998,17.65630164501284,40000,USc,400,11.7399,4.9465
HRW,2016-01-05,45813,3025,214167,468.25,42788,1001774050.0,19.97880158941387,5000,USc,50,3.6657,3.2189
HRW,2016-01-12,50420,5701,220559,489.0,44719,1093379550.0,20.275300486491144,5000,USc,50,3.6657,3.2189
HRW,2016-01-19,49959,5816,222265,481.25,44143,1062190937.5,19.860526848581646,5000,USc,50,3.6657,3.2189
HRW,2016-01-26,50230,6656,226890,486.25,43574,1059392875.0,19.20490105337388,5000,USc,50,3.6657,3.2189
HRW,2016-02-02,51674,7519,229778,475.75,44155,1050337062.5,19.21637406540226,5000,USc,50,3.6657,3.2189
HRW,2016-02-09,47708,6044,234549,454.5,41664,946814400.0,17.763452412928643,5000,USc,50,3.6657,3.2189
HRW,2016-02-16,43854,3625,232351,459.5,40229,924261275.0,17.313891483144037,5000,USc,50,3.6657,3.2189
HRW,2016-02-23,44329,3074,232224,456.5,41255,941645375.0,17.76517500344495,5000,USc,50,3.6657,3.2189
HRW,2016-03-01,46537,2439,227029,450.0,44098,992205000.0,19.423950244241926,5000,USc,50,3.6657,3.2189
HRW,2016-03-08,49270,2688,223289,471.0,46582,1097006100.0,20.861753153984296,5000,USc,50,3.6657,3.2189
HRW,2016-03-15,48409,3305,213655,498.75,45104,1124781000.0,21.110669069293955,5000,USc,50,3.6657,3.2189
HRW,2016-03-22,47959,3517,217664,488.25,44442,1084940325.0,20.417708027050868,5000,USc,50,3.6657,3.2189
HRW,2016-03-29,47684,3826,219309,492.0,43858,1078906800.0,19.998267284972346,5000,USc,50,3.6657,3.2189
HRW,2016-04-05,46079,6708,224154,485.5,39371,955731025.0,17.564263854314444,5000,USc,50,3.6657,3.2189
HRW,2016-04-12,42088,4326,228975,457.75,37762,864277775.0,16.4917567420024,5000,USc,50,3.6657,3.2189
HRW,2016-04-19,43282,4636,231553,486.75,38646,940547025.0,16.689915483712152,5000,USc,50,3.6657,3.2189
HRW,2016-04-26,44099,4877,212459,476.75,39222,934954425.0,18.460973646680063,5000,USc,50,3.6657,3.2189
HRW,2016-05-03,45828,4890,214396,456.0,40938,933386400.0,19.094572659937686,5000,USc,50,3.6657,3.2189
HRW,2016-05-10,43961,3598,228015,449.0,40363,906149350.0,17.70190557638752,5000,USc,50,3.6657,3.2189
HRW,2016-05-17,47593,5029,237934,475.25,42564,1011427050.0,17.88899442702598,5000,USc,50,3.6657,3.2189
HRW,2016-05-24,48144,6524,240135,463.75,41620,965063750.0,17.331917463093678,5000,USc,50,3.6657,3.2189
HRW,2016-05-31,47687,6807,243093,465.5,40880,951482000.0,16.816609281221588,5000,USc,50,3.6657,3.2189
HRW,2016-06-07,46128,5278,240720,501.75,40850,1024824375.0,16.9699235626454,5000,USc,50,3.6657,3.2189
HRW,2016-06-14,46193,4595,239811,478.25,41598,994712175.0,17.3461601010796,5000,USc,50,3.6657,3.2189
HRW,2016-06-21,46311,4646,242968,453.75,41665,945274687.5,17.14834875374535,5000,USc,50,3.6657,3.2189
HRW,2016-06-28,45326,4440,228591,427.75,40886,874449325.0,17.886093503243785,5000,USc,50,3.6657,3.2189
HRW,2016-07-05,45040,5015,238479,415.5,40025,831519375.0,16.78344843780794,5000,USc,50,3.6657,3.2189
HRW,2016-07-12,46578,6611,241613,421.25,39967,841804937.5,16.541742373133896,5000,USc,50,3.6657,3.2189
HRW,2016-07-19,48190,8283,247621,437.75,39907,873464462.5,16.11616139180441,5000,USc,50,3.6657,3.2189
HRW,2016-07-26,53730,11670,257976,439.25,42060,923742750.0,16.30384221788073,5000,USc,50,3.6657,3.2189
HRW,2016-08-02,55538,8692,256519,433.25,46846,1014801475.0,18.262195003099187,5000,USc,50,3.6657,3.2189
HRW,2016-08-09,53432,5179,258228,434.75,48253,1048899587.5,18.686199792431495,5000,USc,50,3.6657,3.2189
HRW,2016-08-16,51954,4168,255053,437.0,47786,1044124100.0,18.735713753611993,5000,USc,50,3.6657,3.2189
HRW,2016-08-23,52926,4972,249325,433.25,47954,1038803525.0,19.23353053243758,5000,USc,50,3.6657,3.2189
HRW,2016-08-30,52797,4500,237786,396.0,48297,956280600.0,20.31112008276349,5000,USc,50,3.6657,3.2189
HRW,2016-09-06,53700,4992,242682,410.25,48708,999122850.0,20.070709817786238,5000,USc,50,3.6657,3.2189
HRW,2016-09-13,53218,3410,242207,415.5,49808,1034761200.0,20.56422811892307,5000,USc,50,3.6657,3.2189
HRW,2016-09-20,51586,3345,243909,434.5,48241,1048035725.0,19.77827796432276,5000,USc,50,3.6657,3.2189
HRW,2016-09-27,52281,3307,244616,435.5,48974,1066408850.0,20.020767243352847,5000,USc,50,3.6657,3.2189
HRW,2016-10-04,48187,3528,251436,418.5,44659,934489575.0,17.761577498846627,5000,USc,50,3.6657,3.2189
HRW,2016-10-11,46393,3625,258236,421.75,42768,901870200.0,16.561594820241947,5000,USc,50,3.6657,3.2189
HRW,2016-10-18,47897,4985,262975,437.75,42912,939236400.0,16.3179009411541,5000,USc,50,3.6657,3.2189
HRW,2016-10-25,51334,10255,266565,430.25,41079,883711987.5,15.41050025322154,5000,USc,50,3.6657,3.2189
HRW,2016-11-01,52756,14573,275396,431.75,38183,824275512.5,13.864762015425061,5000,USc,50,3.6657,3.2189
HRW,2016-11-08,48817,11250,277904,434.0,37567,815203900.0,13.517977431055328,5000,USc,50,3.6657,3.2189
HRW,2016-11-15,44056,7855,271379,425.25,36201,769723762.5,13.339646767067459,5000,USc,50,3.6657,3.2189
HRW,2016-11-22,46878,10697,276708,435.0,36181,786936750.0,13.075516428870868,5000,USc,50,3.6657,3.2189
HRW,2016-11-29,45260,8203,250946,417.5,37057,773564875.0,14.76692196727583,5000,USc,50,3.6657,3.2189
HRW,2016-12-06,45064,9391,262423,404.5,35673,721486425.0,13.593701771567279,5000,USc,50,3.6657,3.2189
HRW,2016-12-13,41143,8028,265726,414.25,33115,685894437.5,12.462085004854623,5000,USc,50,3.6657,3.2189
HRW,2016-12-20,44033,9103,256027,424.5,34930,741389250.0,13.64309233010581,5000,USc,50,3.6657,3.2189
HRW,2016-12-27,44876,8510,251983,429.0,36366,780050700.0,14.431925963259426,5000,USc,50,3.6657,3.2189
HRW,2017-01-03,44260,8309,250139,426.5,35951,766655075.0,14.372408940629011,5000,USc,50,3.6657,3.2189
HRW,2017-01-10,48210,8663,245306,449.5,39547,888818825.0,16.121497232028567,5000,USc,50,3.6657,3.2189
HRW,2017-01-17,54981,9404,245453,463.75,45577,1056816687.5,18.568524320338316,5000,USc,50,3.6657,3.2189
HRW,2017-01-24,58833,14858,241812,453.0,43975,996033750.0,18.185615271367837,5000,USc,50,3.6657,3.2189
HRW,2017-01-31,59594,15273,245724,442.0,44321,979494100.0,18.03690319219938,5000,USc,50,3.6657,3.2189
HRW,2017-02-07,59470,13637,249385,452.5,45833,1036971625.0,18.378410890791347,5000,USc,50,3.6657,3.2189
HRW,2017-02-14,56406,7428,247112,478.5,48978,1171798650.0,19.820162517401016,5000,USc,50,3.6657,3.2189
HRW,2017-02-21,57262,7223,246301,466.0,50039,1165908700.0,20.3161984726006,5000,USc,50,3.6657,3.2189
HRW,2017-02-28,55368,5520,218198,463.5,49848,1155227400.0,22.84530563983171,5000,USc,50,3.6657,3.2189
HRW,2017-03-07,56203,5587,224417,474.25,50616,1200231900.0,22.554441062842834,5000,USc,50,3.6657,3.2189
HRW,2017-03-14,57329,8160,227369,442.25,49169,1087249512.5,21.625199565464072,5000,USc,50,3.6657,3.2189
HRW,2017-03-21,54450,7059,236736,450.0,47391,1066297500.0,20.01850162206002,5000,USc,50,3.6657,3.2189
HRW,2017-03-28,52748,6566,258540,437.5,46182,1010231250.0,17.862613135298215,5000,USc,50,3.6657,3.2189
HRW,2017-04-04,54203,10651,283387,435.75,43552,948889200.0,15.368383165071087,5000,USc,50,3.6657,3.2189
HRW,2017-04-11,55280,9564,285975,441.75,45716,1009752150.0,15.986012763353441,5000,USc,50,3.6657,3.2189
HRW,2017-04-18,55556,9351,290218,430.75,46205,995140187.5,15.920790578117138,5000,USc,50,3.6657,3.2189
HRW,2017-04-25,59178,11474,291127,425.0,47704,1013710000.0,16.38597587994243,5000,USc,50,3.6657,3.2189
HRW,2017-05-02,61529,10826,267715,466.25,50703,1182013687.5,18.93917038641839,5000,USc,50,3.6657,3.2189
HRW,2017-05-09,56947,7297,263019,439.0,49650,1089817500.0,18.87696326120927,5000,USc,50,3.6657,3.2189
HRW,2017-05-16,53297,4642,264255,441.0,48655,1072842750.0,18.41213978921875,5000,USc,50,3.6657,3.2189
HRW,2017-05-23,58936,9607,285419,448.25,49329,1105586212.5,17.283011992894657,5000,USc,50,3.6657,3.2189
HRW,2017-05-30,59025,10530,294038,451.5,48495,1094774625.0,16.49276624109809,5000,USc,50,3.6657,3.2189
HRW,2017-06-06,60749,12208,305463,455.5,48541,1105521275.0,15.890958970480876,5000,USc,50,3.6657,3.2189
HRW,2017-06-13,59344,8965,305985,474.0,50379,1193982300.0,16.46453257512623,5000,USc,50,3.6657,3.2189
HRW,2017-06-20,61897,13085,303045,493.5,48812,1204436100.0,16.107178801828113,5000,USc,50,3.6657,3.2189
HRW,2017-06-27,62109,10159,276764,475.0,51950,1233812500.0,18.770504834443784,5000,USc,50,3.6657,3.2189
HRW,2017-07-03,61435,7524,282276,559.25,53911,1507486337.5,19.098683557936205,5000,USc,50,3.6657,3.2189
HRW,2017-07-11,61689,7440,292316,555.5,54249,1506765975.0,18.558340973467068,5000,USc,50,3.6657,3.2189
HRW,2017-07-18,62341,6387,286671,529.0,55954,1479983300.0,19.518542161571975,5000,USc,50,3.6657,3.2189
HRW,2017-07-25,65555,10200,279670,501.25,55355,1387334687.5,19.79297028640898,5000,USc,50,3.6657,3.2189
HRW,2017-08-01,69487,17885,290675,492.5,51602,1270699250.0,17.752472692870043,5000,USc,50,3.6657,3.2189
HRW,2017-08-08,60070,10253,286537,487.75,49817,1214912087.5,17.385887337411923,5000,USc,50,3.6657,3.2189
HRW,2017-08-15,54557,3859,284055,453.25,50698,1148943425.0,17.847951981130414,5000,USc,50,3.6657,3.2189
HRW,2017-08-22,58145,13354,310503,426.25,44791,954608187.5,14.425303459225836,5000,USc,50,3.6657,3.2189
HRW,2017-08-29,60421,14571,290956,426.25,45850,977178125.0,15.758396458571056,5000,USc,50,3.6657,3.2189
HRW,2017-09-05,61184,12357,287654,443.0,48827,1081518050.0,16.974212074228063,5000,USc,50,3.6657,3.2189
HRW,2017-09-12,58431,8856,288775,441.25,49575,1093748437.5,17.167344818630422,5000,USc,50,3.6657,3.2189
HRW,2017-09-19,59689,9402,288542,460.5,50287,1157858175.0,17.427965426177124,5000,USc,50,3.6657,3.2189
HRW,2017-09-26,59830,8929,282723,469.25,50901,1194264712.5,18.003841215606794,5000,USc,50,3.6657,3.2189
HRW,2017-10-03,59478,9568,286314,460.0,49910,1147930000.0,17.43191042002836,5000,USc,50,3.6657,3.2189
HRW,2017-10-10,58769,9804,297387,449.5,48965,1100488375.0,16.465077491618665,5000,USc,50,3.6657,3.2189
HRW,2017-10-17,59048,9812,307178,451.25,49236,1110887250.0,16.028491623749098,5000,USc,50,3.6657,3.2189
HRW,2017-10-24,56480,8718,317559,452.25,47762,1080018225.0,15.04035470573972,5000,USc,50,3.6657,3.2189
HRW,2017-10-31,57297,10722,336417,435.25,46575,1013588437.5,13.844425222268791,5000,USc,50,3.6657,3.2189
HRW,2017-11-07,53158,7479,345716,444.0,45679,1014073800.0,13.212868365941988,5000,USc,50,3.6657,3.2189
HRW,2017-11-14,53582,6147,331402,444.75,47435,1054835812.5,14.313432025153741,5000,USc,50,3.6657,3.2189
HRW,2017-11-21,53858,8381,332484,437.5,45477,994809375.0,13.677951420218717,5000,USc,50,3.6657,3.2189
HRW,2017-11-28,55483,6940,323751,428.0,48543,1038820200.0,14.993930520677928,5000,USc,50,3.6657,3.2189
HRW,2017-12-05,54117,9060,322937,431.0,45057,970978350.0,13.952256941756442,5000,USc,50,3.6657,3.2189
HRW,2017-12-12,54365,8442,339227,411.75,45923,945439762.5,13.537542707390626,5000,USc,50,3.6657,3.2189
HRW,2017-12-19,57489,13247,344410,432.5,44242,956733250.0,12.845736186521878,5000,USc,50,3.6657,3.2189
HRW,2017-12-26,58943,14788,342709,432.75,44155,955403812.5,12.884108675290115,5000,USc,50,3.6657,3.2189
HRW,2018-01-02,60632,14318,343536,448.5,46314,1038591450.0,13.481556518094173,5000,USc,50,4.3488,3.5826
HRW,2018-01-09,59312,7942,339255,451.75,51370,1160319875.0,15.142002328631854,5000,USc,50,4.3488,3.5826
HRW,2018-01-16,60761,8650,339206,435.75,52111,1135368412.5,15.362640991020207,5000,USc,50,4.3488,3.5826
HRW,2018-01-23,60740,7459,358516,437.25,53281,1164855862.5,14.861540349663613,5000,USc,50,4.3488,3.5826
HRW,2018-01-30,63070,9361,352211,484.5,53709,1301100525.0,15.249097841918621,5000,USc,50,4.3488,3.5826
HRW,2018-02-06,67135,11566,336170,485.0,55569,1347548250.0,16.530029449385726,5000,USc,50,4.3488,3.5826
HRW,2018-02-13,69974,16053,339700,488.0,53921,1315672400.0,15.87312334412717,5000,USc,50,4.3488,3.5826
HRW,2018-02-20,69619,13114,336912,487.0,56505,1375896750.0,16.771441800826327,5000,USc,50,4.3488,3.5826
HRW,2018-02-27,72431,11220,326472,505.5,61211,1547108025.0,18.74923423754564,5000,USc,50,4.3488,3.5826
HRW,2018-03-06,73113,12968,333735,540.25,60145,1624666812.5,18.02178375058055,5000,USc,50,4.3488,3.5826
HRW,2018-03-13,74782,13071,322509,520.0,61711,1604486000.0,19.134659807943343,5000,USc,50,4.3488,3.5826
HRW,2018-03-20,73358,16769,298677,487.75,56589,1380064237.5,18.946554304482767,5000,USc,50,4.3488,3.5826
HRW,2018-03-27,77028,23993,304207,484.5,53035,1284772875.0,17.433852606941983,5000,USc,50,4.3488,3.5826
HRW,2018-04-03,76584,25129,315769,502.0,51455,1291520500.0,16.295139801563803,5000,USc,50,4.3488,3.5826
HRW,2018-04-10,70712,15339,301949,539.0,55373,1492302350.0,18.338527367204396,5000,USc,50,4.3488,3.5826
HRW,2018-04-17,70992,17373,293491,500.0,53619,1340475000.0,18.269384751150803,5000,USc,50,4.3488,3.5826
HRW,2018-04-24,66111,12037,279036,512.25,54074,1384970325.0,19.378861508909246,5000,USc,50,4.3488,3.5826
HRW,2018-05-01,66428,9363,273030,552.5,57065,1576420625.0,20.90063363000403,5000,USc,50,4.3488,3.5826
HRW,2018-05-08,64978,10332,282330,538.5,54646,1471343550.0,19.35536429001523,5000,USc,50,4.3488,3.5826
HRW,2018-05-15,63846,13445,284114,530.25,50401,1336256512.5,17.739710116361742,5000,USc,50,4.3488,3.5826
HRW,2018-05-22,66355,13754,294034,558.75,52601,1469540437.5,17.889427753253027,5000,USc,50,4.3488,3.5826
HRW,2018-05-29,78153,24815,318314,576.25,53338,1536801125.0,16.756410336962873,5000,USc,50,4.3488,3.5826
HRW,2018-06-05,80859,24376,330723,547.75,56483,1546928162.5,17.078642852175385,5000,USc,50,4.3488,3.5826
HRW,2018-06-12,70132,15535,318574,568.0,54597,1550554800.0,17.137933415784087,5000,USc,50,4.3488,3.5826
HRW,2018-06-19,73209,22956,294405,499.5,50253,1255068675.0,17.069343251643147,5000,USc,50,4.3488,3.5826
HRW,2018-06-26,65114,19760,264423,475.5,45354,1078291350.0,17.152063171509287,5000,USc,50,4.3488,3.5826
HRW,2018-07-03,69894,20983,270436,484.75,48911,1185480362.5,18.085979677261903,5000,USc,50,4.3488,3.5826
HRW,2018-07-10,69926,19002,283809,494.0,50924,1257822800.0,17.943053250601636,5000,USc,50,4.3488,3.5826
HRW,2018-07-17,74059,20796,293472,515.75,53263,1373519612.5,18.14926125831425,5000,USc,50,4.3488,3.5826
HRW,2018-07-24,76085,20553,302683,536.25,55532,1488951750.0,18.346587023387503,5000,USc,50,4.3488,3.5826
HRW,2018-07-31,76353,18506,312538,584.0,57847,1689132400.0,18.508789331217322,5000,USc,50,4.3488,3.5826
HRW,2018-08-07,79819,16487,317248,607.25,63332,1922917850.0,19.962931208392174,5000,USc,50,4.3488,3.5826
HRW,2018-08-14,79530,13487,308705,573.0,66043,1892131950.0,21.393563434346706,5000,USc,50,4.3488,3.5826
HRW,2018-08-21,80877,14955,313197,562.25,65922,1853232225.0,21.048094330405466,5000,USc,50,4.3488,3.5826
HRW,2018-08-28,77537,14686,280351,528.25,62851,1660052037.5,22.418682294694865,5000,USc,50,4.3488,3.5826
HRW,2018-09-04,77265,16088,273227,538.0,61177,1645661300.0,22.390539734360075,5000,USc,50,4.3488,3.5826
HRW,2018-09-11,76514,18410,285014,521.25,58104,1514335500.0,20.386366985481416,5000,USc,50,4.3488,3.5826
HRW,2018-09-18,73654,19605,296625,538.5,54049,1455269325.0,18.22132321955331,5000,USc,50,4.3488,3.5826
HRW,2018-09-25,70033,18017,294772,546.25,52016,1420687000.0,17.646180777007313,5000,USc,50,4.3488,3.5826
HRW,2018-10-02,72153,18749,305546,548.0,53404,1463269600.0,17.4782193188587,5000,USc,50,4.3488,3.5826
HRW,2018-10-09,70745,17851,308794,544.25,52894,1439377975.0,17.129218831972125,5000,USc,50,4.3488,3.5826
HRW,2018-10-16,73348,19676,318996,551.75,53672,1480676300.0,16.825289345320947,5000,USc,50,4.3488,3.5826
HRW,2018-10-23,72859,20863,325365,532.75,51996,1385043450.0,15.980821538887097,5000,USc,50,4.3488,3.5826
HRW,2018-10-30,74839,23950,349816,520.0,50889,1323114000.0,14.547362041759095,5000,USc,50,4.3488,3.5826
HRW,2018-11-06,73242,22005,359999,530.5,51237,1359061425.0,14.232539534832043,5000,USc,50,4.3488,3.5826
HRW,2018-11-13,73244,21853,353489,507.5,51391,1304046625.0,14.538217596587163,5000,USc,50,4.3488,3.5826
HRW,2018-11-20,71912,20740,340569,497.0,51172,1271624200.0,15.025442714985804,5000,USc,50,4.3488,3.5826
HRW,2018-11-27,66424,15456,314082,483.5,50968,1232151400.0,16.22760935042441,5000,USc,50,4.3488,3.5826
HRW,2018-12-04,68445,15606,299403,504.0,52839,1331542800.0,17.648119758319055,5000,USc,50,4.3488,3.5826
HRW,2018-12-11,71758,17036,307773,505.75,54722,1383782575.0,17.77998719835723,5000,USc,50,4.3488,3.5826
HRW,2018-12-18,70234,15875,309503,528.75,54359,1437116062.5,17.563319257002355,5000,USc,50,4.3488,3.5826
HRW,2018-12-24,69705,16384,307915,514.5,53321,1371682725.0,17.316791971810403,5000,USc,50,4.3488,3.5826
HRW,2018-12-31,69786,16624,315588,501.0,53162,1331708100.0,16.845380686211136,5000,USc,50,4.3488,3.5826
HRW,2019-01-08,67020,17162,323796,517.5,49858,1290075750.0,15.397966620958876,5000,USc,50,5.1987,3.6062
HRW,2019-01-15,65551,20369,324089,506.0,45182,1143104600.0,13.941232192391595,5000,USc,50,5.1987,3.6062
HRW,2019-01-22,65438,21810,321190,519.25,43628,1132691950.0,13.58323733615617,5000,USc,50,5.1987,3.6062
HRW,2019-01-29,70428,26769,320343,510.5,43659,1114395975.0,13.628829098809714,5000,USc,50,5.1987,3.6062
HRW,2019-02-05,69429,25228,325600,517.0,44201,1142595850.0,13.5752457002457,5000,USc,50,5.1987,3.6062
HRW,2019-02-12,67980,21734,315093,495.75,46246,1146322725.0,14.676936650449232,5000,USc,50,5.1987,3.6062
HRW,2019-02-19,67417,24791,333796,468.25,42626,997981225.0,12.77007513571163,5000,USc,50,5.1987,3.6062
HRW,2019-02-26,62913,20372,308377,444.25,42541,944941962.5,13.79512739276924,5000,USc,50,5.1987,3.6062
HRW,2019-03-05,57867,19890,320860,451.5,37977,857330775.0,11.836003241289035,5000,USc,50,5.1987,3.6062
HRW,2019-03-12,65268,25928,339359,441.25,39340,867938750.0,11.592443400646513,5000,USc,50,5.1987,3.6062
HRW,2019-03-19,62645,25785,351607,445.25,36860,820595750.0,10.483295270003158,5000,USc,50,5.1987,3.6062
HRW,2019-03-26,64472,26749,356715,451.0,37723,850653650.0,10.575108980558708,5000,USc,50,5.1987,3.6062
HRW,2019-04-02,68209,28359,363549,440.0,39850,876700000.0,10.96138347237924,5000,USc,50,5.1987,3.6062
HRW,2019-04-09,64376,24304,352512,434.25,40072,870063300.0,11.367556281771968,5000,USc,50,5.1987,3.6062
HRW,2019-04-16,65235,25840,346142,422.75,39395,832711812.5,11.381167266613124,5000,USc,50,5.1987,3.6062
HRW,2019-04-23,70294,33845,362639,419.25,36449,764062162.5,10.05104249680812,5000,USc,50,5.1987,3.6062
HRW,2019-04-30,67510,32830,350217,394.75,34680,684496500.0,9.902431920780545,5000,USc,50,5.1987,3.6062
HRW,2019-05-07,66706,33909,356511,404.5,32797,663319325.0,9.199435641537008,5000,USc,50,5.1987,3.6062
HRW,2019-05-14,70592,36551,368000,409.5,34041,696989475.0,9.250271739130435,5000,USc,50,5.1987,3.6062
HRW,2019-05-21,66299,30640,360058,442.75,35659,789401112.5,9.903682184536935,5000,USc,50,5.1987,3.6062
HRW,2019-05-28,68178,29577,355313,471.5,38601,910018575.0,10.863942495771333,5000,USc,50,5.1987,3.6062
HRW,2019-06-04,64021,25132,335398,480.5,38889,934308225.0,11.594881305195619,5000,USc,50,5.1987,3.6062
HRW,2019-06-11,58703,21087,328053,471.0,37616,885856800.0,11.466439874044742,5000,USc,50,5.1987,3.6062
HRW,2019-06-18,61884,22867,315157,476.5,39017,929580025.0,12.380178768042596,5000,USc,50,5.1987,3.6062
HRW,2019-06-25,60497,15331,277905,478.0,45166,1079467400.0,16.252316439070906,5000,USc,50,5.1987,3.6062
HRW,2019-07-02,59214,20448,286499,432.75,38766,838799325.0,13.530937280758398,5000,USc,50,5.1987,3.6062
HRW,2019-07-09,59858,22152,294997,437.75,37706,825290075.0,12.781824899914238,5000,USc,50,5.1987,3.6062
HRW,2019-07-16,58654,22269,298936,466.0,36385,847770500.0,12.171501592314074,5000,USc,50,5.1987,3.6062
HRW,2019-07-23,58291,23253,306113,449.25,35038,787041075.0,11.446099969619063,5000,USc,50,5.1987,3.6062
HRW,2019-07-30,60380,26159,304259,450.0,34221,769972500.0,11.247325469419147,5000,USc,50,5.1987,3.6062
HRW,2019-08-06,64339,28324,309938,435.0,36015,783326250.0,11.620065948673606,5000,USc,50,5.1987,3.6062
HRW,2019-08-13,62278,26205,314218,400.5,36073,722361825.0,11.480246198499131,5000,USc,50,5.1987,3.6062
HRW,2019-08-20,61249,25480,316901,401.5,35769,718062675.0,11.287121214511787,5000,USc,50,5.1987,3.6062
HRW,2019-08-27,58087,22787,301474,405.25,35300,715266250.0,11.709135779536544,5000,USc,50,5.1987,3.6062
HRW,2019-09-03,62106,28371,309780,384.0,33735,647712000.0,10.889986441991091,5000,USc,50,5.1987,3.6062
HRW,2019-09-10,62655,28232,318580,403.5,34423,694484025.0,10.80513528783979,5000,USc,50,5.1987,3.6062
HRW,2019-09-17,61544,25930,315876,417.0,35614,742551900.0,11.274677405057682,5000,USc,50,5.1987,3.6062
HRW,2019-09-24,60634,25675,320059,418.0,34959,730643100.0,10.922673632049092,5000,USc,50,5.1987,3.6062
HRW,2019-10-01,58186,28375,331819,422.5,29811,629757375.0,8.984114833689452,5000,USc,50,5.1987,3.6062
HRW,2019-10-08,62435,34601,338159,424.25,27834,590428725.0,8.231039244852274,5000,USc,50,5.1987,3.6062
HRW,2019-10-15,66575,33932,345040,433.5,32643,707537025.0,9.460642244377464,5000,USc,50,5.1987,3.6062
HRW,2019-10-22,66741,31679,325514,434.0,35062,760845400.0,10.771272510552542,5000,USc,50,5.1987,3.6062
HRW,2019-10-29,71187,37290,337837,431.5,33897,731327775.0,10.03353688317147,5000,USc,50,5.1987,3.6062
HRW,2019-11-05,74714,35066,337880,440.25,39648,872751600.0,11.73434355392447,5000,USc,50,5.1987,3.6062
HRW,2019-11-12,71815,38513,329060,445.0,33302,740969500.0,10.12034279462712,5000,USc,50,5.1987,3.6062
HRW,2019-11-19,74888,33839,311434,432.0,41049,886658400.0,13.18064180532633,5000,USc,50,5.1987,3.6062
HRW,2019-11-26,72428,29476,278314,441.75,42952,948702300.0,15.432928275257444,5000,USc,50,5.1987,3.6062
HRW,2019-12-03,71861,27264,283645,436.75,44597,973886987.5,15.722822542262335,5000,USc,50,5.1987,3.6062
HRW,2019-12-10,71641,28131,292381,430.75,43510,937096625.0,14.881267934646916,5000,USc,50,5.1987,3.6062
HRW,2019-12-17,73248,26113,304352,474.25,47135,1117688687.5,15.487001892545473,5000,USc,50,5.1987,3.6062
HRW,2019-12-24,71901,24783,296914,468.75,47118,1104328125.0,15.869241598577366,5000,USc,50,5.1987,3.6062
HRW,2019-12-31,71712,21538,289139,494.0,50174,1239297800.0,17.352899470496887,5000,USc,50,5.1987,3.6062
HRW,2020-01-07,73793,19677,293158,483.0,54116,1306901400.0,18.45967021196761,5000,USc,50,5.4199,4.2211
HRW,2020-01-14,84470,19673,315056,503.5,64797,1631264475.0,20.56681986694429,5000,USc,50,5.4199,4.2211
HRW,2020-01-21,85384,17269,320448,507.5,68115,1728418125.0,21.256178849610546,5000,USc,50,5.4199,4.2211
HRW,2020-01-28,85314,18607,329663,489.0,66707,1630986150.0,20.234906556089097,5000,USc,50,5.4199,4.2211
HRW,2020-02-04,87558,21717,331638,474.25,65841,1561254712.5,19.853273750293994,5000,USc,50,5.4199,4.2211
HRW,2020-02-11,86656,21126,318010,474.25,65530,1553880125.0,20.606270243074118,5000,USc,50,5.4199,4.2211
HRW,2020-02-18,86091,20791,313424,492.25,65300,1607196250.0,20.834396855378017,5000,USc,50,5.4199,4.2211
HRW,2020-02-25,84363,20076,285634,464.0,64287,1491458400.0,22.506774403607412,5000,USc,50,5.4199,4.2211
HRW,2020-03-03,84726,21816,270676,459.25,62910,1444570875.0,23.24180939573512,5000,USc,50,5.4199,4.2211
HRW,2020-03-10,83941,21796,291084,445.0,62145,1382726250.0,21.34950735870058,5000,USc,50,5.4199,4.2211
HRW,2020-03-17,80222,24026,281467,436.5,56196,1226477700.0,19.965395588115125,5000,USc,50,5.4199,4.2211
HRW,2020-03-24,81628,19886,252977,495.5,61742,1529658050.0,24.406171312016507,5000,USc,50,5.4199,4.2211
HRW,2020-03-31,83675,16215,252675,497.5,67460,1678067500.0,26.698327891560304,5000,USc,50,5.4199,4.2211
HRW,2020-04-07,79546,14463,253638,479.75,65083,1561178462.5,25.659798610618285,5000,USc,50,5.4199,4.2211
HRW,2020-04-14,78090,13724,261464,489.75,64366,1576162425.0,24.617538169690665,5000,USc,50,5.4199,4.2211
HRW,2020-04-21,78349,13815,262103,504.75,64534,1628676825.0,24.62161821879185,5000,USc,50,5.4199,4.2211
HRW,2020-04-28,76761,11543,240891,484.0,65218,1578275600.0,27.073655719806883,5000,USc,50,5.4199,4.2211
HRW,2020-05-05,75181,10995,238538,482.25,64186,1547684925.0,26.908081731212636,5000,USc,50,5.4199,4.2211
HRW,2020-05-12,72874,10656,229126,468.75,62218,1458234375.0,27.154491415203864,5000,USc,50,5.4199,4.2211
HRW,2020-05-19,70115,12743,245269,447.75,57372,1284415650.0,23.391459988828593,5000,USc,50,5.4199,4.2211
HRW,2020-05-26,71154,14901,251063,454.5,56253,1278349425.0,22.4059299857008,5000,USc,50,5.4199,4.2211
HRW,2020-06-02,74164,16736,248242,458.25,57428,1315819050.0,23.133877426060053,5000,USc,50,5.4199,4.2211
HRW,2020-06-09,73625,15154,244743,466.25,58471,1363105187.5,23.890775221354644,5000,USc,50,5.4199,4.2211
HRW,2020-06-16,73441,17692,254969,446.75,55749,1245293287.5,21.86501104055787,5000,USc,50,5.4199,4.2211
HRW,2020-06-23,71556,17435,265741,443.25,54121,1199456662.5,20.366070722997204,5000,USc,50,5.4199,4.2211
HRW,2020-06-30,70634,16744,249999,440.5,53890,1186927250.0,21.5560862243449,5000,USc,50,5.4199,4.2211
HRW,2020-07-07,71289,18433,257653,441.5,52856,1166796200.0,20.51441279550403,5000,USc,50,5.4199,4.2211
HRW,2020-07-14,72369,19046,269513,443.0,53323,1181104450.0,19.784945438624483,5000,USc,50,5.4199,4.2211
HRW,2020-07-21,73491,19522,285181,453.5,53969,1223747075.0,18.924472527973464,5000,USc,50,5.4199,4.2211
HRW,2020-07-28,75434,19546,288210,447.75,55888,1251192600.0,19.39141598140245,5000,USc,50,5.4199,4.2211
HRW,2020-08-04,81855,26903,293675,433.0,54952,1189710800.0,18.711841321188388,5000,USc,50,5.4199,4.2211
HRW,2020-08-11,80414,25706,286378,428.75,54708,1172802750.0,19.10342274895418,5000,USc,50,5.4199,4.2211
HRW,2020-08-18,80899,26024,275508,442.25,54875,1213423437.5,19.91775193460807,5000,USc,50,5.4199,4.2211
HRW,2020-08-25,78179,21886,259364,455.25,56293,1281369412.5,21.704245770423032,5000,USc,50,5.4199,4.2211
HRW,2020-09-01,77928,17815,241042,485.5,60113,1459243075.0,24.938807344778088,5000,USc,50,5.4199,4.2211
HRW,2020-09-08,76036,15974,243041,469.75,60062,1410706225.0,24.712702795001668,5000,USc,50,5.4199,4.2211
HRW,2020-09-15,74375,15068,246071,478.5,59307,1418919975.0,24.10158043816622,5000,USc,50,5.4199,4.2211
HRW,2020-09-22,73612,12813,249295,503.75,60799,1531374812.5,24.388375218115087,5000,USc,50,5.4199,4.2211
HRW,2020-09-29,72798,11418,239008,485.5,61380,1489999500.0,25.681148748159053,5000,USc,50,5.4199,4.2211
HRW,2020-10-06,75111,10985,263344,541.5,64126,1736211450.0,24.350659213804,5000,USc,50,5.4199,4.2211
HRW,2020-10-13,76720,11683,265231,541.25,65037,1760063812.5,24.520889337973315,5000,USc,50,5.4199,4.2211
HRW,2020-10-20,79080,13221,279840,579.0,65859,1906618050.0,23.534519725557463,5000,USc,50,5.4199,4.2211
HRW,2020-10-27,78221,13088,274237,555.25,65133,1808254912.5,23.75062445986501,5000,USc,50,5.4199,4.2211
HRW,2020-11-03,81534,14515,277511,563.0,67019,1886584850.0,24.150033692358143,5000,USc,50,5.4199,4.2211
HRW,2020-11-10,79725,12607,266829,570.0,67118,1912863000.0,25.153937540522207,5000,USc,50,5.4199,4.2211
HRW,2020-11-17,82760,13712,261286,561.5,69048,1938522600.0,26.426214952197974,5000,USc,50,5.4199,4.2211
HRW,2020-11-24,81059,9362,231979,570.75,71697,2046053137.5,30.90667689747779,5000,USc,50,5.4199,4.2211
HRW,2020-12-01,78733,9577,223335,539.5,69156,1865483100.0,30.965142051178724,5000,USc,50,5.4199,4.2211
HRW,2020-12-08,78337,9733,216806,536.75,68604,1841159850.0,31.643035709343835,5000,USc,50,5.4199,4.2211
HRW,2020-12-15,82333,12405,224349,570.25,69928,1993822100.0,31.16929426919665,5000,USc,50,5.4199,4.2211
HRW,2020-12-21,82935,12528,227476,577.75,70407,2033882212.5,30.951397070460178,5000,USc,50,5.4199,4.2211
HRW,2020-12-29,82792,12445,231190,587.5,70347,2066443125.0,30.428219213633806,5000,USc,50,5.4199,4.2211
HRW,2021-01-05,84049,11090,237961,612.5,72959,2234369375.0,30.660066145292713,5000,USc,50,5.4354,4.4301
HRW,2021-01-12,81630,11239,242317,626.0,70391,2203238300.0,29.049138112472505,5000,USc,50,5.4354,4.4301
HRW,2021-01-19,78519,10611,239814,646.75,67908,2195974950.0,28.31694563286547,5000,USc,50,5.4354,4.4301
HRW,2021-01-26,78657,9903,241423,643.25,68754,2211300525.0,28.4786453651889,5000,USc,50,5.4354,4.4301
HRW,2021-02-02,79551,10789,243413,622.0,68762,2138498200.0,28.249107483988116,5000,USc,50,5.4354,4.4301
HRW,2021-02-09,76246,9564,248840,640.25,66682,2134657525.0,26.797138723677865,5000,USc,50,5.4354,4.4301
HRW,2021-02-16,78325,10089,251963,645.25,68236,2201463950.0,27.0817540670654,5000,USc,50,5.4354,4.4301
HRW,2021-02-23,78141,7985,243842,648.0,70156,2273054400.0,28.771089475972143,5000,USc,50,5.4354,4.4301
HRW,2021-03-02,77552,8360,238498,635.0,69192,2196846000.0,29.01156403827286,5000,USc,50,5.4354,4.4301
HRW,2021-03-09,76808,7746,233235,625.75,69062,2160777325.0,29.61047870173859,5000,USc,50,5.4354,4.4301
HRW,2021-03-16,77454,8895,232247,612.0,68559,2097905400.0,29.519864626884306,5000,USc,50,5.4354,4.4301
HRW,2021-03-23,76995,10444,238843,590.25,66551,1964086387.5,27.863910602362218,5000,USc,50,5.4354,4.4301
HRW,2021-03-30,75006,10732,242246,563.5,64274,1810919950.0,26.53253304492128,5000,USc,50,5.4354,4.4301
HRW,2021-04-06,72655,11593,249263,562.25,61062,1716605475.0,24.497017206725427,5000,USc,50,5.4354,4.4301
HRW,2021-04-13,74384,11684,238080,593.25,62700,1859838750.0,26.335685483870968,5000,USc,50,5.4354,4.4301
HRW,2021-04-20,74198,10590,233678,628.25,63608,1998086300.0,27.220363063703047,5000,USc,50,5.4354,4.4301
HRW,2021-04-27,78103,9437,237214,711.0,68666,2441076300.0,28.946858111241326,5000,USc,50,5.4354,4.4301
HRW,2021-05-04,80107,11357,241762,699.5,68750,2404531250.0,28.437057933008496,5000,USc,50,5.4354,4.4301
HRW,2021-05-11,81905,11416,245939,712.75,70489,2512051737.5,28.661172079255426,5000,USc,50,5.4354,4.4301
HRW,2021-05-18,80353,12075,243775,654.25,68278,2233544075.0,28.008614501076813,5000,USc,50,5.4354,4.4301
HRW,2021-05-25,77528,13262,244330,611.75,64266,1965736275.0,26.302950927024927,5000,USc,50,5.4354,4.4301
HRW,2021-06-01,76371,13767,240969,643.25,62604,2013501150.0,25.980105324751317,5000,USc,50,5.4354,4.4301
HRW,2021-06-08,75215,12688,227637,641.5,62527,2005553525.0,27.467854522770903,5000,USc,50,5.4354,4.4301
HRW,2021-06-15,74945,12717,222545,619.5,62228,1927512300.0,27.961985216473074,5000,USc,50,5.4354,4.4301
HRW,2021-06-22,73294,13278,218576,607.25,60016,1822235800.0,27.45772637435034,5000,USc,50,5.4354,4.4301
HRW,2021-06-29,73929,11972,194370,625.25,61957,1936930712.5,31.875803879199466,5000,USc,50,5.4354,4.4301
HRW,2021-07-06,74719,10421,200791,582.5,64298,1872679250.0,32.022351599424276,5000,USc,50,5.4354,4.4301
HRW,2021-07-13,76465,11800,210612,613.0,64665,1981982250.0,30.703378724858982,5000,USc,50,5.4354,4.4301
HRW,2021-07-20,76906,10881,223310,671.5,66025,2216789375.0,29.56652187541982,5000,USc,50,5.4354,4.4301
HRW,2021-07-27,75033,9884,229649,653.0,65149,2127114850.0,28.36894565184259,5000,USc,50,5.4354,4.4301
HRW,2021-08-03,78322,10701,247412,718.5,67621,2429284425.0,27.33133396924967,5000,USc,50,5.4354,4.4301
HRW,2021-08-10,76124,8432,253628,726.25,67692,2458065750.0,26.689482233822766,5000,USc,50,5.4354,4.4301
HRW,2021-08-17,77316,9520,256929,728.25,67796,2468621850.0,26.387056346305787,5000,USc,50,5.4354,4.4301
HRW,2021-08-24,76908,9503,259263,718.0,67405,2419839500.0,25.99869630452475,5000,USc,50,5.4354,4.4301
HRW,2021-08-31,75152,8473,250744,714.5,66679,2382107275.0,26.592460836550423,5000,USc,50,5.4354,4.4301
HRW,2021-09-07,73112,8623,256768,717.25,64489,2312736762.5,25.11566861914257,5000,USc,50,5.4354,4.4301
HRW,2021-09-14,71983,8660,243759,701.75,63323,2221845762.5,25.977707489774737,5000,USc,50,5.4354,4.4301
HRW,2021-09-21,71142,9068,244081,698.25,62074,2167158525.0,25.431721436736165,5000,USc,50,5.4354,4.4301
HRW,2021-09-28,66973,9690,244526,716.5,57283,2052163475.0,23.42613873371339,5000,USc,50,5.4354,4.4301
HRW,2021-10-05,68150,10774,256057,748.75,57376,2148014000.0,22.407510827667277,5000,USc,50,5.4354,4.4301
HRW,2021-10-12,68457,11185,260494,749.0,57272,2144836400.0,21.985919061475503,5000,USc,50,5.4354,4.4301
HRW,2021-10-19,69547,12003,262312,757.5,57544,2179479000.0,21.93723504833938,5000,USc,50,5.4354,4.4301
HRW,2021-10-26,71305,12367,264135,777.25,58938,2290478025.0,22.313589641660514,5000,USc,50,5.4354,4.4301
HRW,2021-11-02,75291,14520,265646,801.0,60771,2433878550.0,22.876685513804084,5000,USc,50,5.4354,4.4301
HRW,2021-11-09,74001,12530,264960,800.75,61471,2461145162.5,23.2001056763285,5000,USc,50,5.4354,4.4301
HRW,2021-11-16,77927,16915,273576,823.25,61012,2511406450.0,22.301663888645205,5000,USc,50,5.4354,4.4301
HRW,2021-11-23,77730,17638,285026,883.5,60092,2654564100.0,21.082988920309024,5000,USc,50,5.4354,4.4301
HRW,2021-11-30,70703,12333,251380,824.0,58370,2404844000.0,23.219826557403135,5000,USc,50,5.4354,4.4301
HRW,2021-12-07,69843,10997,247516,828.0,58846,2436224400.0,23.774624670728358,5000,USc,50,5.4354,4.4301
HRW,2021-12-14,68231,10645,239385,811.5,57586,2336551950.0,24.055809678969027,5000,USc,50,5.4354,4.4301
HRW,2021-12-21,69103,11682,247544,839.25,57421,2409528712.5,23.196280257247196,5000,USc,50,5.4354,4.4301
HRW,2021-12-28,72625,10913,244520,824.0,61712,2542534400.0,25.23801734009488,5000,USc,50,5.4354,4.4301
HRW,2022-01-04,71155,11584,247064,805.0,59571,2397732750.0,24.111566233850336,5000,USc,50,5.021,4.7615
HRW,2022-01-11,67527,14304,242770,791.0,53223,2104969650.0,21.923219508176466,5000,USc,50,5.021,4.7615
HRW,2022-01-18,69522,14573,239872,777.0,54949,2134768650.0,22.907634071504805,5000,USc,50,5.021,4.7615
HRW,2022-01-25,71808,15753,242083,836.25,56055,2343799687.5,23.155281453055355,5000,USc,50,5.021,4.7615
HRW,2022-02-01,70472,14937,246168,789.0,55535,2190855750.0,22.559796561697702,5000,USc,50,5.021,4.7615
HRW,2022-02-08,69584,12485,240374,805.5,57099,2299662225.0,23.754232986928702,5000,USc,50,5.021,4.7615
HRW,2022-02-15,70424,12989,249029,807.0,57435,2317502250.0,23.06357894060531,5000,USc,50,5.021,4.7615
HRW,2022-02-22,69571,11213,233966,884.5,58358,2580882550.0,24.942940427241563,5000,USc,50,5.021,4.7615
HRW,2022-03-01,69496,11827,234174,1003.0,57669,2892100350.0,24.62655973763099,5000,USc,50,5.021,4.7615
HRW,2022-03-08,70344,10847,214381,1188.75,59497,3536352937.5,27.75292586563175,5000,USc,50,5.021,4.7615
HRW,2022-03-15,77857,12543,209692,1145.75,65314,3741675775.0,31.147587890811284,5000,USc,50,5.021,4.7615
HRW,2022-03-22,77688,12692,208907,1113.0,64996,3617027400.0,31.112408870933,5000,USc,50,5.021,4.7615
HRW,2022-03-29,75118,11764,204327,1023.5,63354,3242140950.0,31.00618126826117,5000,USc,50,5.021,4.7615
HRW,2022-04-05,75099,11281,208282,1087.75,63818,3470901475.0,30.640189742752614,5000,USc,50,5.021,4.7615
HRW,2022-04-12,74072,11210,210439,1164.5,62862,3660139950.0,29.87183934536849,5000,USc,50,5.021,4.7615
HRW,2022-04-19,75125,12049,211504,1173.5,63076,3700984300.0,29.822603827823585,5000,USc,50,5.021,4.7615
HRW,2022-04-26,72469,7066,195409,1165.25,65403,3810542287.5,33.469799241590714,5000,USc,50,5.021,4.7615
HRW,2022-05-03,72323,5987,193800,1094.5,66336,3630237600.0,34.22910216718266,5000,USc,50,5.021,4.7615
HRW,2022-05-10,70525,5964,197589,1175.5,64561,3794572775.0,32.67438976866121,5000,USc,50,5.021,4.7615
HRW,2022-05-17,72376,7236,204633,1369.75,65140,4461275750.0,31.832597870333718,5000,USc,50,5.021,4.7615
HRW,2022-05-24,70541,6672,203755,1241.75,63869,3965466537.5,31.345979239773257,5000,USc,50,5.021,4.7615
HRW,2022-05-31,70174,7281,205209,1175.75,62893,3697322237.5,30.648265914263018,5000,USc,50,5.021,4.7615
HRW,2022-06-07,70308,6538,205338,1158.25,63770,3693080125.0,31.056112361082704,5000,USc,50,5.021,4.7615
HRW,2022-06-14,69260,6366,202723,1148.0,62894,3610115600.0,31.024600070046322,5000,USc,50,5.021,4.7615
HRW,2022-06-21,67614,6830,199865,1048.0,60784,3185081600.0,30.412528456708277,5000,USc,50,5.021,4.7615
HRW,2022-06-28,60201,4840,171480,989.75,55361,2739677487.5,32.284231397247495,5000,USc,50,5.021,4.7615
HRW,2022-07-05,58434,5671,170838,862.5,52763,2275404375.0,30.884814853838137,5000,USc,50,5.021,4.7615
HRW,2022-07-12,57646,7933,172630,865.25,49713,2150708662.5,28.797428025256327,5000,USc,50,5.021,4.7615
HRW,2022-07-19,59008,9444,178991,875.5,49564,2169664100.0,27.690777748601885,5000,USc,50,5.021,4.7615
HRW,2022-07-26,58093,7813,181353,885.0,50280,2224890000.0,27.72493424426395,5000,USc,50,5.021,4.7615
HRW,2022-08-02,58271,7993,186023,847.5,50278,2130530250.0,27.027840643361305,5000,USc,50,5.021,4.7615
HRW,2022-08-09,58700,8808,180595,859.0,49892,2142861400.0,27.626456989396164,5000,USc,50,5.021,4.7615
HRW,2022-08-16,60289,9289,174537,873.5,51000,2227425000.0,29.220165351759224,5000,USc,50,5.021,4.7615
HRW,2022-08-23,59452,8446,176942,878.0,51006,2239163400.0,28.826395089916467,5000,USc,50,5.021,4.7615
HRW,2022-08-30,58284,6360,159411,897.5,51924,2330089500.0,32.57240717390895,5000,USc,50,5.021,4.7615
HRW,2022-09-06,57640,6583,160602,883.5,51057,2255442975.0,31.79101131990884,5000,USc,50,5.021,4.7615
HRW,2022-09-13,58377,6828,165458,932.5,51549,2403472125.0,31.15533851491013,5000,USc,50,5.021,4.7615
HRW,2022-09-20,60064,8676,172256,956.25,51388,2456988750.0,29.832342559910828,5000,USc,50,5.021,4.7615
HRW,2022-09-27,57462,7474,167941,939.5,49988,2348186300.0,29.76521516484956,5000,USc,50,5.021,4.7615
HRW,2022-10-04,56691,7095,169709,986.0,49596,2445082800.0,29.224142502754713,5000,USc,50,5.021,4.7615
HRW,2022-10-11,58250,8450,174177,988.25,49800,2460742500.0,28.591605091372568,5000,USc,50,5.021,4.7615
HRW,2022-10-18,58121,9828,174916,943.75,48293,2278825937.5,27.609252441171762,5000,USc,50,5.021,4.7615
HRW,2022-10-25,57726,10731,174982,932.25,46995,2190554437.5,26.85704815352436,5000,USc,50,5.021,4.7615
HRW,2022-11-01,59300,11389,179185,983.25,47911,2355424537.5,26.738287245026086,5000,USc,50,5.021,4.7615
HRW,2022-11-08,57052,10721,172714,942.75,46331,2183927512.5,26.825271836677977,5000,USc,50,5.021,4.7615
HRW,2022-11-15,59569,12782,173978,955.25,46787,2234664087.5,26.89248065847406,5000,USc,50,5.021,4.7615
HRW,2022-11-22,59389,13130,165174,913.0,46259,2111723350.0,28.006223739813773,5000,USc,50,5.021,4.7615
HRW,2022-11-29,58017,10211,154278,890.25,47806,2127964575.0,30.986919716356187,5000,USc,50,5.021,4.7615
HRW,2022-12-06,58901,12415,159860,833.0,46486,1936141900.0,29.079194295008133,5000,USc,50,5.021,4.7615
HRW,2022-12-13,60684,14367,165081,865.0,46317,2003210250.0,28.057135587984078,5000,USc,50,5.021,4.7615
HRW,2022-12-20,59653,13621,165627,840.0,46032,1933344000.0,27.792570051984278,5000,USc,50,5.021,4.7615
HRW,2022-12-27,57015,11322,162296,875.0,45693,1999068750.0,28.154113471681374,5000,USc,50,5.021,4.7615
HRW,2023-01-03,58808,11830,164954,865.25,46978,2032385725.0,28.47945487832972,5000,USc,50,6.3093,5.0587
HRW,2023-01-10,59449,12930,176931,807.0,46519,1877041650.0,26.29217039410844,5000,USc,50,6.3093,5.0587
HRW,2023-01-17,59736,13856,184108,847.5,45880,1944165000.0,24.920155560866448,5000,USc,50,6.3093,5.0587
HRW,2023-01-24,59669,14438,196188,828.5,45231,1873694175.0,23.054926906844457,5000,USc,50,6.3093,5.0587
HRW,2023-01-31,61424,15010,202955,872.5,46414,2024810750.0,22.869108915769505,5000,USc,50,6.3093,5.0587
HRW,2023-02-07,61677,12817,206406,875.5,48860,2138846500.0,23.67179248665252,5000,USc,50,6.3093,5.0587
HRW,2023-02-14,64518,14811,206923,894.25,49707,2222524237.5,24.021979190326835,5000,USc,50,6.3093,5.0587
HRW,2023-02-21,64906,15081,198418,893.25,49825,2225309062.5,25.111129030632302,5000,USc,50,6.3093,5.0587
HRW,2023-02-28,61548,14577,180456,813.75,46971,1911132562.5,26.029059715387685,5000,USc,50,6.3093,5.0587
HRW,2023-03-07,62100,18638,185870,799.75,43462,1737936725.0,23.38300963038683,5000,USc,50,6.3093,5.0587
HRW,2023-03-14,63679,20936,191175,816.25,42743,1744448687.5,22.358048908068522,5000,USc,50,6.3093,5.0587
HRW,2023-03-21,64526,20050,188590,804.25,44476,1788491150.0,23.58343496473832,5000,USc,50,6.3093,5.0587
HRW,2023-03-28,64592,19923,188039,858.25,44669,1916858462.5,23.75517844702429,5000,USc,50,6.3093,5.0587
HRW,2023-04-04,64062,20061,191019,857.0,44001,1885442850.0,23.034881346881726,5000,USc,50,6.3093,5.0587
HRW,2023-04-11,61788,19373,193081,848.75,42415,1799986562.5,21.96746443202594,5000,USc,50,6.3093,5.0587
HRW,2023-04-18,63632,21147,190739,866.75,42485,1841193687.5,22.273892596689716,5000,USc,50,6.3093,5.0587
HRW,2023-04-25,61120,20642,184479,803.75,40478,1626709625.0,21.941792832788558,5000,USc,50,6.3093,5.0587
HRW,2023-05-02,61925,24711,202728,741.25,37214,1379243875.0,18.35661576101969,5000,USc,50,6.3093,5.0587
HRW,2023-05-09,63719,24390,207854,857.5,39329,1686230875.0,18.921454482473273,5000,USc,50,6.3093,5.0587
HRW,2023-05-16,62364,20187,210458,885.75,42177,1867913887.5,20.04057816761539,5000,USc,50,6.3093,5.0587
HRW,2023-05-23,60967,19137,210376,834.25,41830,1744833875.0,19.883446781001634,5000,USc,50,6.3093,5.0587
HRW,2023-05-30,62734,22595,204606,779.5,40139,1564417525.0,19.617704270647,5000,USc,50,6.3093,5.0587
HRW,2023-06-06,64147,25066,212187,813.5,39081,1589619675.0,18.41818773063383,5000,USc,50,6.3093,5.0587
HRW,2023-06-13,62621,22462,203293,789.25,40159,1584774537.5,19.754246334108895,5000,USc,50,6.3093,5.0587
HRW,2023-06-20,60325,20806,194449,835.75,39519,1651400212.5,20.323580990388226,5000,USc,50,6.3093,5.0587
HRW,2023-06-27,59385,14437,172529,836.0,44948,1878826400.0,26.052431765094564,5000,USc,50,6.3093,5.0587
HRW,2023-07-03,58207,13117,161776,798.5,45090,1800218250.0,27.871872218376026,5000,USc,50,6.3093,5.0587
HRW,2023-07-11,58595,13545,169015,819.25,45050,1845360625.0,26.654438955122327,5000,USc,50,6.3093,5.0587
HRW,2023-07-18,61721,17023,181494,831.5,44698,1858319350.0,24.627811387704277,5000,USc,50,6.3093,5.0587
HRW,2023-07-25,64000,15217,202754,921.25,48783,2247066937.5,24.06019116762185,5000,USc,50,6.3093,5.0587
HRW,2023-08-01,66096,17542,201710,818.25,48554,1986465525.0,24.071191314263054,5000,USc,50,6.3093,5.0587
HRW,2023-08-08,63194,19945,200689,781.25,43249,1689414062.5,21.550259356516797,5000,USc,50,6.3093,5.0587
HRW,2023-08-15,61707,19437,205223,745.0,42270,1574557500.0,20.597106562129976,5000,USc,50,6.3093,5.0587
HRW,2023-08-22,64916,20191,212241,747.75,44725,1672155937.5,21.072742778256792,5000,USc,50,6.3093,5.0587
HRW,2023-08-29,63980,18280,199163,729.25,45700,1666336250.0,22.946029131917072,5000,USc,50,6.3093,5.0587
HRW,2023-09-05,63130,18912,209439,725.5,44218,1604007950.0,21.112591255687814,5000,USc,50,6.3093,5.0587
HRW,2023-09-12,66878,18738,214115,729.0,48140,1754703000.0,22.48324498517152,5000,USc,50,6.3093,5.0587
HRW,2023-09-19,70840,19566,217113,735.0,51274,1884319500.0,23.616273553403065,5000,USc,50,6.3093,5.0587
HRW,2023-09-26,70399,19839,218729,717.75,50560,1814472000.0,23.115361931888316,5000,USc,50,6.3093,5.0587
HRW,2023-10-03,69576,20470,232872,689.0,49106,1691701700.0,21.08712082173898,5000,USc,50,6.3093,5.0587
HRW,2023-10-10,70098,20097,235601,680.75,50001,1701909037.5,21.222745234527867,5000,USc,50,6.3093,5.0587
HRW,2023-10-17,74526,24353,242114,676.75,50173,1697728887.5,20.722882609018892,5000,USc,50,6.3093,5.0587
HRW,2023-10-24,75755,26400,247257,671.75,49355,1657711062.5,19.961012226145268,5000,USc,50,6.3093,5.0587
HRW,2023-10-31,76033,27192,246478,642.0,48841,1567796100.0,19.815561632275497,5000,USc,50,6.3093,5.0587
HRW,2023-11-07,73228,27238,245471,645.75,45990,1484902125.0,18.73541070024565,5000,USc,50,6.3093,5.0587
HRW,2023-11-14,74846,26060,245968,649.75,48786,1584935175.0,19.834287386977167,5000,USc,50,6.3093,5.0587
HRW,2023-11-21,73791,25829,242800,626.75,47962,1503009175.0,19.75370675453048,5000,USc,50,6.3093,5.0587
HRW,2023-11-28,72479,23871,226335,618.0,48608,1501987200.0,21.476130514502838,5000,USc,50,6.3093,5.0587
HRW,2023-12-05,75287,25368,216556,661.0,49919,1649822950.0,23.051312362622138,5000,USc,50,6.3093,5.0587
HRW,2023-12-12,73665,23706,211976,655.0,49959,1636157250.0,23.56823413971393,5000,USc,50,6.3093,5.0587
HRW,2023-12-19,72709,24864,212106,644.25,47845,1541207062.5,22.557117667581302,5000,USc,50,6.3093,5.0587
HRW,2023-12-26,71889,25300,216111,646.75,46589,1506571787.5,21.557903114603143,5000,USc,50,6.3093,5.0587
HRW,2024-01-02,75685,23970,221600,633.5,51715,1638072625.0,23.337093862815887,5000,USc,50,5.4859,5.096
HRW,2024-01-09,78578,23283,226120,629.75,55295,1741101312.5,24.45382982487175,5000,USc,50,5.4859,5.096
HRW,2024-01-16,83894,24899,232308,605.25,58995,1785336187.5,25.395165039516503,5000,USc,50,5.4859,5.096
HRW,2024-01-23,85169,26534,241680,621.5,58635,1822082625.0,24.26142005958292,5000,USc,50,5.4859,5.096
HRW,2024-01-30,88320,26807,252209,627.75,61513,1930739287.5,24.38969267551911,5000,USc,50,5.4859,5.096
HRW,2024-02-06,90379,28059,266137,615.75,62320,1918677000.0,23.416511045063256,5000,USc,50,5.4859,5.096
HRW,2024-02-13,94549,31520,270086,593.75,63029,1871173437.5,23.336640921780468,5000,USc,50,5.4859,5.096
HRW,2024-02-20,92598,27612,269353,582.0,64986,1891092600.0,24.126703619413927,5000,USc,50,5.4859,5.096
HRW,2024-02-27,86864,25822,261559,585.25,61042,1786241525.0,23.337755535080042,5000,USc,50,5.4859,5.096
HRW,2024-03-05,92957,28050,276170,568.25,64907,1844170137.5,23.502552775464387,5000,USc,50,5.4859,5.096
HRW,2024-03-12,100692,28903,288594,597.75,71789,2145593737.5,24.87543053563137,5000,USc,50,5.4859,5.096
HRW,2024-03-19,103378,30376,294636,579.0,73002,2113407900.0,24.777012992302367,5000,USc,50,5.4859,5.096
HRW,2024-03-26,106151,30622,295600,573.5,75529,2165794075.0,25.55108254397835,5000,USc,50,5.4859,5.096
HRW,2024-04-02,110614,35474,316914,557.75,75140,2095466750.0,23.70990237099024,5000,USc,50,5.4859,5.096
HRW,2024-04-09,104312,32348,298227,575.0,71964,2068965000.0,24.13061191642608,5000,USc,50,5.4859,5.096
HRW,2024-04-16,103116,31873,291814,583.25,71243,2077623987.5,24.413838952209286,5000,USc,50,5.4859,5.096
HRW,2024-04-23,103080,30327,285022,615.0,72753,2237154750.0,25.525398039449588,5000,USc,50,5.4859,5.096
HRW,2024-04-30,95701,19208,254177,636.25,76493,2433433562.5,30.094383048033457,5000,USc,50,5.4859,5.096
HRW,2024-05-07,96477,17390,258893,664.25,79087,2626676987.5,30.548141510199194,5000,USc,50,5.4859,5.096
HRW,2024-05-14,95475,17138,267408,686.0,78337,2686959100.0,29.294935080476275,5000,USc,50,5.4859,5.096
HRW,2024-05-21,94025,19190,273573,717.0,74835,2682834750.0,27.35467315853538,5000,USc,50,5.4859,5.096
HRW,2024-05-28,95251,20167,282175,746.5,75084,2802510300.0,26.60901922565784,5000,USc,50,5.4859,5.096
HRW,2024-06-04,95944,26503,281265,701.25,69441,2434775062.5,24.68881659644819,5000,USc,50,5.4859,5.096
HRW,2024-06-11,87503,19644,260735,663.75,67859,2252070562.5,26.026041766544576,5000,USc,50,5.4859,5.096
HRW,2024-06-18,87663,20101,257480,608.5,67562,2055573850.0,26.23970793848066,5000,USc,50,5.4859,5.096
HRW,2024-06-25,86431,25345,242346,581.5,61086,1776075450.0,25.206110272090314,5000,USc,50,5.4859,5.096
HRW,2024-07-02,91406,28614,253122,592.75,62792,1860997900.0,24.807010058390816,5000,USc,50,5.4859,5.096
HRW,2024-07-09,92744,31020,253920,577.5,61724,1782280500.0,24.30844360428481,5000,USc,50,5.4859,5.096
HRW,2024-07-16,94238,34559,258571,565.5,59679,1687423725.0,23.080314497758835,5000,USc,50,5.4859,5.096
HRW,2024-07-23,93308,34691,258121,583.5,58617,1710150975.0,22.70911704200743,5000,USc,50,5.4859,5.096
HRW,2024-07-30,92258,35448,266937,564.5,56810,1603462250.0,21.282175194896176,5000,USc,50,5.4859,5.096
HRW,2024-08-06,99272,41807,279383,579.5,57465,1665048375.0,20.568538529545464,5000,USc,50,5.4859,5.096
HRW,2024-08-13,92916,36016,273418,562.0,56900,1598890000.0,20.810626952139216,5000,USc,50,5.4859,5.096
HRW,2024-08-20,91586,32558,265327,562.25,59028,1659424650.0,22.247264696016614,5000,USc,50,5.4859,5.096
HRW,2024-08-27,90364,31165,252994,545.25,59199,1613912737.5,23.399369154999725,5000,USc,50,5.4859,5.096
HRW,2024-09-03,93201,31259,253755,577.75,61942,1789349525.0,24.410159405725995,5000,USc,50,5.4859,5.096
HRW,2024-09-10,91830,30848,243760,582.25,60982,1775338475.0,25.017230062356415,5000,USc,50,5.4859,5.096
HRW,2024-09-17,89052,30039,245346,594.25,59013,1753423762.5,24.052970091218118,5000,USc,50,5.4859,5.096
HRW,2024-09-24,86816,33956,252403,585.75,52860,1548137250.0,20.94269877933305,5000,USc,50,5.4859,5.096
HRW,2024-10-01,89149,35452,256541,611.5,53697,1641785775.0,20.93115720294222,5000,USc,50,5.4859,5.096
HRW,2024-10-08,91258,31538,243179,619.25,59720,1849080500.0,24.55804160721115,5000,USc,50,5.4859,5.096
HRW,2024-10-15,93371,32745,256046,600.25,60626,1819537825.0,23.677776649508292,5000,USc,50,5.4859,5.096
HRW,2024-10-22,96233,35128,266912,600.5,61105,1834677625.0,22.89331315190025,5000,USc,50,5.4859,5.096
HRW,2024-10-29,97373,37800,279555,588.5,59573,1752935525.0,21.30993901021266,5000,USc,50,5.4859,5.096
HRW,2024-11-05,99757,37896,285127,589.5,61861,1823352975.0,21.695946017038022,5000,USc,50,5.4859,5.096
HRW,2024-11-12,101489,37349,288712,562.75,64140,1804739250.0,22.215910665299678,5000,USc,50,5.4859,5.096
HRW,2024-11-19,98004,32784,277021,569.25,65220,1856324250.0,23.543341479526823,5000,USc,50,5.4859,5.096
HRW,2024-11-26,99032,33789,260061,558.25,65243,1821095237.5,25.087575607261375,5000,USc,50,5.4859,5.096
HRW,2024-12-03,100188,38526,273423,542.25,61662,1671810975.0,22.55187017917293,5000,USc,50,5.4859,5.096
HRW,2024-12-10,100886,42114,285572,565.25,58772,1661043650.0,20.58044906363369,5000,USc,50,5.4859,5.096
HRW,2024-12-17,100315,42940,287856,559.75,57375,1605782812.5,19.931840920460232,5000,USc,50,5.4859,5.096
HRW,2024-12-24,99931,43137,295745,552.5,56794,1568934250.0,19.20370589528141,5000,USc,50,5.4859,5.096
HRW,2024-12-31,96866,43361,292121,568.0,53505,1519542000.0,18.3160402709836,5000,USc,50,5.4859,5.096
HRW,2025-01-07,96923,42562,291463,565.0,54361,1535698250.0,18.651080926223912,5000,USc,50,4.8388,5.1045
HRW,2025-01-14,102675,41419,300057,570.75,61256,1748093100.0,20.41478785697384,5000,USc,50,4.8388,5.1045
HRW,2025-01-21,102831,42773,313190,584.5,60058,1755195050.0,19.1762189086497,5000,USc,50,4.8388,5.1045
HRW,2025-01-28,102672,42295,304686,571.0,60377,1723763350.0,19.816138582015583,5000,USc,50,4.8388,5.1045
HRW,2025-02-04,104587,37449,294769,604.0,67138,2027567600.0,22.77647920914343,5000,USc,50,4.8388,5.1045
HRW,2025-02-11,96077,29193,278911,602.25,66884,2014044450.0,23.980409521316837,5000,USc,50,4.8388,5.1045
HRW,2025-02-18,96384,26752,274363,640.0,69632,2228224000.0,25.37951545944606,5000,USc,50,4.8388,5.1045
HRW,2025-02-25,95257,19561,240789,606.75,75696,2296427400.0,31.436652006528536,5000,USc,50,4.8388,5.1045
HRW,2025-03-04,91021,27679,258175,549.25,63342,1739529675.0,24.534521158129177,5000,USc,50,4.8388,5.1045
HRW,2025-03-11,92010,33227,273914,571.5,58783,1679724225.0,21.46038537643202,5000,USc,50,4.8388,5.1045
HRW,2025-03-18,94311,32689,276341,618.0,61622,1904119800.0,22.299260696024113,5000,USc,50,4.8388,5.1045
HRW,2025-03-25,95476,30829,282025,585.75,64647,1893349012.5,22.922435954259374,5000,USc,50,4.8388,5.1045
HRW,2025-04-01,95264,36816,301903,576.0,58448,1683302400.0,19.3598606174831,5000,USc,50,4.8388,5.1045
HRW,2025-04-08,89509,34768,287542,575.25,54741,1574488012.5,19.03756668591023,5000,USc,50,4.8388,5.1045
HRW,2025-04-15,91671,40100,293614,567.25,51571,1462682487.5,17.56421696513109,5000,USc,50,4.8388,5.1045
HRW,2025-04-22,90402,40759,285436,558.0,49643,1385039700.0,17.391989798063314,5000,USc,50,4.8388,5.1045
HRW,2025-04-29,91011,37653,281242,530.5,53358,1415320950.0,18.972272989098357,5000,USc,50,4.8388,5.1045
HRW,2025-05-06,92486,40728,298195,536.75,51758,1389055325.0,17.35709854289978,5000,USc,50,4.8388,5.1045
HRW,2025-05-13,92138,39707,315042,512.0,52431,1342233600.0,16.64254289904203,5000,USc,50,4.8388,5.1045
HRW,2025-05-20,94897,39604,321977,551.5,55293,1524704475.0,17.172965770846986,5000,USc,50,4.8388,5.1045
HRW,2025-05-27,95224,40907,314372,539.25,54317,1464522112.5,17.277938238774446,5000,USc,50,4.8388,5.1045
HRW,2025-06-03,95229,39437,318790,550.0,55792,1534280000.0,17.501176322971233,5000,USc,50,4.8388,5.1045
HRW,2025-06-10,93794,37440,320896,541.0,56354,1524375700.0,17.561452931790985,5000,USc,50,4.8388,5.1045
HRW,2025-06-17,96487,33890,309230,562.75,62597,1761323087.5,20.242861300650002,5000,USc,50,4.8388,5.1045
HRW,2025-06-24,90741,23182,275798,549.5,67559,1856183525.0,24.495826655740796,5000,USc,50,4.8388,5.1045
HRW,2025-07-01,88283,27438,278267,532.5,60845,1619998125.0,21.865690146513963,5000,USc,50,4.8388,5.1045
HRW,2025-07-08,89594,30862,281880,523.25,58732,1536575950.0,20.83581665957145,5000,USc,50,4.8388,5.1045
HRW,2025-07-15,88054,30016,290593,545.75,58038,1583711925.0,19.972263612681655,5000,USc,50,4.8388,5.1045
HRW,2025-07-22,89283,31743,299687,555.25,57540,1597454250.0,19.200032033421536,5000,USc,50,4.8388,5.1045
HRW,2025-07-29,91007,32813,303887,539.0,58194,1568328300.0,19.149881370377805,5000,USc,50,4.8388,5.1045
HRW,2025-08-05,94439,35421,310680,525.0,59018,1549222500.0,18.996395004506244,5000,USc,50,4.8388,5.1045
HRW,2025-08-12,91156,31214,297334,530.0,59942,1588463000.0,20.159820269461278,5000,USc,50,4.8388,5.1045
HRW,2025-08-19,92537,31860,312987,521.5,60677,1582152775.0,19.386428190308223,5000,USc,50,4.8388,5.1045
HRW,2025-08-26,89825,28596,288844,517.25,61229,1583535012.5,21.19794768110122,5000,USc,50,4.8388,5.1045
HRW,2025-09-02,93808,31283,295883,511.0,62525,1597513750.0,21.131663529165245,5000,USc,50,4.8388,5.1045
HRW,2025-09-09,94862,33748,314134,509.25,61114,1556115225.0,19.454754977175345,5000,USc,50,4.8388,5.1045
HRW,2025-09-16,102329,35080,321284,543.25,67249,1826650962.5,20.931325556205724,5000,USc,50,4.8388,5.1045
HRW,2025-09-23,102083,35215,324291,533.0,66868,1782032200.0,20.619752012852654,5000,USc,50,4.8388,5.1045
HRW,2025-09-30,103703,38196,335663,518.25,65507,1697450137.5,19.51570473957511,5000,USc,50,4.8388,5.1045
HRW,2025-10-07,107223,42020,352367,512.5,65203,1670826875.0,18.504286723785142,5000,USc,50,4.8388,5.1045
HRW,2025-10-14,108844,41928,363648,509.0,66916,1703012200.0,18.401311158042944,5000,USc,50,4.8388,5.1045
HRW,2025-10-21,108854,42431,363400,505.25,66423,1678011037.5,18.278205833791965,5000,USc,50,4.8388,5.1045
HRW,2025-10-28,108932,40615,344611,538.25,68317,1838581262.5,19.82438169414209,5000,USc,50,4.8388,5.1045
HRW,2025-11-04,105427,39118,334052,548.5,66309,1818524325.0,19.84990360782154,5000,USc,50,4.8388,5.1045
HRW,2025-11-10,101298,31927,322469,539.0,69371,1869548450.0,21.512455460834996,5000,USc,50,4.8388,5.1045
HRW,2025-11-18,102930,35269,307182,543.0,67661,1836996150.0,22.026355710946603,5000,USc,50,4.8388,5.1045
HRW,2025-11-25,102739,31541,278932,528.25,71198,1880517175.0,25.52521761576298,5000,USc,50,4.8388,5.1045
HRW,2025-12-02,103450,31386,288004,533.0,72064,1920505600.0,25.021874696184774,5000,USc,50,4.8388,5.1045
HRW,2025-12-09,103306,32239,288285,527.0,71067,1872615450.0,24.651646807846404,5000,USc,50,4.8388,5.1045
HRW,2025-12-16,103704,36005,305866,517.0,67699,1750019150.0,22.13354867817933,5000,USc,50,4.8388,5.1045
HRW,2025-12-23,103786,38441,315308,540.25,65345,1765131812.5,20.72418080099458,5000,USc,50,4.8388,5.1045
HRW,2025-12-30,103928,39015,306949,533.75,64913,1732365687.5,21.14781282884127,5000,USc,50,4.8388,5.1045
HRW,2026-01-06,103256,41830,314325,533.75,61426,1639306375.0,19.542193589437684,5000,USc,50,4.4038,4.9798
HRW,2026-01-13,108214,39769,316894,531.0,68445,1817214750.0,21.598704929724136,5000,USc,50,4.4038,4.9798
HRW,2026-01-20,109382,38426,325078,535.0,70956,1898073000.0,21.82737681417998,5000,USc,50,4.4038,4.9798
HRW,2026-01-27,110151,38787,330399,542.75,71364,1936640550.0,21.599338981050185,5000,USc,50,4.4038,4.9798
HRW,2026-02-03,112957,33691,334508,547.0,79266,2167925100.0,23.696294259031177,5000,USc,50,4.4038,4.9798
HRW,2026-02-10,105734,26144,315925,545.5,79590,2170817250.0,25.19268813800744,5000,USc,50,4.4038,4.9798
HRW,2026-02-17,102372,22912,329255,551.0,79460,2189123000.0,24.13327056536727,5000,USc,50,4.4038,4.9798
HRW,2026-02-24,100135,18949,326573,566.75,81186,2300608275.0,24.85998536315005,5000,USc,50,4.4038,4.9798
HRW,2026-03-03,100907,17958,317720,579.0,82949,2401373550.0,26.10757900037769,5000,USc,50,4.4038,4.9798
HRW,2026-03-10,99265,18640,323195,610.5,80625,2461078125.0,24.946239886136855,5000,USc,50,4.4038,4.9798
HRW,2026-03-17,97472,17848,336331,621.5,79624,2474315800.0,23.674297046659394,5000,USc,50,4.4038,4.9798
HRW,2026-03-24,97226,19528,341739,621.25,77698,2413494125.0,22.736064657531042,5000,USc,50,4.4038,4.9798
HRW,2026-03-31,95605,18383,331432,651.0,77222,2513576100.0,23.29950034999638,5000,USc,50,4.4038,4.9798
HRW,2026-04-07,94195,16651,328956,622.5,77544,2413557000.0,23.572757450844488,5000,USc,50,4.4038,4.9798
HRW,2026-04-14,94258,17767,333674,638.25,76491,2441019037.5,22.923871803017313,5000,USc,50,4.4038,4.9798
HRW,2026-04-21,95852,17121,339882,656.5,78731,2584345075.0,23.164215816077345,5000,USc,50,4.4038,4.9798
HRW,2026-04-28,92585,12438,322717,702.25,80147,2814161537.5,24.83507221497473,5000,USc,50,4.4038,4.9798
HRW,2026-05-05,93334,14237,337396,691.75,79097,2735767487.5,23.443372179871723,5000,USc,50,4.4038,4.9798
HRW,2026-05-12,96747,16266,356338,731.25,80481,2942586562.5,22.585578860520066,5000,USc,50,4.4038,4.9798
HRW,2026-05-19,98776,17445,355102,714.25,81331,2904533337.5,22.903560103857483,5000,USc,50,4.4038,4.9798
HRW,2026-05-26,97613,17453,349120,688.5,80160,2759508000.0,22.96058661778185,5000,USc,50,4.4038,4.9798
HRW,2026-06-02,97799,22509,346354,646.75,75290,2434690375.0,21.73787512198502,5000,USc,50,4.4038,4.9798
HRW,2026-06-09,91787,21094,324328,639.75,70693,2261292337.5,21.796761303371895,5000,USc,50,4.4038,4.9798
HRW,2026-06-16,93266,27238,322423,641.0,66028,2116197400.0,20.478687934793737,5000,USc,50,4.4038,4.9798
HRW,2026-06-23,92626,24215,300776,627.25,68411,2145539987.5,22.74483336436418,5000,USc,50,4.4038,4.9798
HRW,2026-06-30,85163,22021,284827,622.75,63142,1966084025.0,22.16854441467979,5000,USc,50,4.4038,4.9798
HRW,2026-07-07,80394,21855,296898,652.0,58539,1908371400.0,19.71687246124932,5000,USc,50,4.4038,4.9798
HRW,2026-07-14,80757,22816,300969,677.75,57941,1963475637.5,19.25148437214464,5000,USc,50,4.4038,4.9798
HRW,2026-07-21,89142,24619,345541,751.0,64523,2422838650.0,18.673037353020337,5000,USc,50,4.4038,4.9798
HRW,2026-07-28,87933,26237,352142,744.75,61696,2297404800.0,17.520204917334485,5000,USc,50,4.4038,4.9798
HRW,2026-08-04,90541,27765,356687,724.0,62776,2272491200.0,17.59974431364193,5000,USc,50,4.4038,4.9798
HRW,2026-08-11,90389,24546,345187,717.0,65843,2360471550.0,19.07458855634772,5000,USc,50,4.4038,4.9798
HRW,2026-08-18,91365,22195,339878,757.25,69170,2618949125.0,20.35142021548909,5000,USc,50,4.4038,4.9798
HRW,2026-08-25,89631,20301,321485,772.25,69330,2677004625.0,21.56554738168188,5000,USc,50,4.4038,4.9798
LIVE,2016-01-05,70261,3811,365002,137.25,66450,3648105000.0,18.20537969654961,40000,USc,400,16.082,10.8212
LIVE,2016-01-12,69732,4113,380249,133.125,65619,3494211750.0,17.2568501166341,40000,USc,400,16.082,10.8212
LIVE,2016-01-19,70501,4312,384807,129.575,66189,3430575869.9999995,17.200570675689374,40000,USc,400,16.082,10.8212
LIVE,2016-01-26,71119,3865,383390,133.025,67254,3578585340.0,17.54192858447012,40000,USc,400,16.082,10.8212
LIVE,2016-02-02,75745,4696,381362,134.85,71049,3832383060.0,18.630330237412224,40000,USc,400,16.082,10.8212
LIVE,2016-02-09,75978,4192,339982,131.975,71786,3789582940.0,21.11464724603067,40000,USc,400,16.082,10.8212
LIVE,2016-02-16,77192,3970,346483,132.125,73222,3869782700.0,21.13292715659931,40000,USc,400,16.082,10.8212
LIVE,2016-02-23,77011,3828,346499,135.575,73183,3968714090.0,21.120695875024172,40000,USc,400,16.082,10.8212
LIVE,2016-03-01,79099,4445,358898,126.425,74654,3775252779.9999995,20.80089607632252,40000,USc,400,16.082,10.8212
LIVE,2016-03-08,79356,5077,364410,126.775,74279,3766688090.0,20.383359402870393,40000,USc,400,16.082,10.8212
LIVE,2016-03-15,79438,4358,372767,130.225,75080,3910917200.0,20.14126786974169,40000,USc,400,16.082,10.8212
LIVE,2016-03-22,80493,4771,377528,126.175,75722,3821689340.0,20.057320251742915,40000,USc,400,16.082,10.8212
LIVE,2016-03-29,80932,3895,373319,125.45,77037,3865716660.0,20.635702977882186,40000,USc,400,16.082,10.8212
LIVE,2016-04-05,80837,2260,347396,120.675,78577,3792911790.0,22.61885571509171,40000,USc,400,16.082,10.8212
LIVE,2016-04-12,79840,2356,353973,122.75,77484,3804464400.0,21.889805154630437,40000,USc,400,16.082,10.8212
LIVE,2016-04-19,78142,1600,358883,118.5,76542,3628090800.0,21.327842221559674,40000,USc,400,16.082,10.8212
LIVE,2016-04-26,78504,1154,356601,118.575,77350,3668710500.0,21.690909447814224,40000,USc,400,16.082,10.8212
LIVE,2016-05-03,79884,1238,367174,114.0,78646,3586257600.0,21.41927260644817,40000,USc,400,16.082,10.8212
LIVE,2016-05-10,81240,1209,352597,119.875,80031,3837486450.0,22.697583927259732,40000,USc,400,16.082,10.8212
LIVE,2016-05-17,82997,2244,348062,119.75,80753,3868068700.0,23.200751590233924,40000,USc,400,16.082,10.8212
LIVE,2016-05-24,83368,2708,360199,113.1,80660,3649058400.0,22.393177104878138,40000,USc,400,16.082,10.8212
LIVE,2016-05-31,82575,1039,346003,118.0,81536,3848499200.0,23.56511359728095,40000,USc,400,16.082,10.8212
LIVE,2016-06-07,83196,1283,312325,115.9,81913,3797486680.0000005,26.22684703433923,40000,USc,400,16.082,10.8212
LIVE,2016-06-14,81648,974,312457,114.4,80674,3691642240.0,25.81923272642316,40000,USc,400,16.082,10.8212
LIVE,2016-06-21,80862,993,318054,111.5,79869,3562157400.0,25.11177347242921,40000,USc,400,16.082,10.8212
LIVE,2016-06-28,80513,1231,314402,112.675,79282,3573239740.0,25.21676070762909,40000,USc,400,16.082,10.8212
LIVE,2016-07-05,81802,1883,316595,114.05,79919,3645904779.9999995,25.243291902904343,40000,USc,400,16.082,10.8212
LIVE,2016-07-12,81176,2163,328057,108.8,79013,3438645760.0,24.08514374026465,40000,USc,400,16.082,10.8212
LIVE,2016-07-19,80853,1974,322104,109.3,78879,3448589879.9999995,24.48867446539006,40000,USc,400,16.082,10.8212
LIVE,2016-07-26,82886,3295,327904,112.425,79591,3579207269.9999995,24.272652971601445,40000,USc,400,16.082,10.8212
LIVE,2016-08-02,81146,2686,327275,114.45,78460,3591898800.0,23.973722404705523,40000,USc,400,16.082,10.8212
LIVE,2016-08-09,79696,1656,297118,115.3,78040,3599204800.0,26.26565876183873,40000,USc,400,16.082,10.8212
LIVE,2016-08-16,78369,1536,302238,113.25,76833,3480534900.0,25.421356679173368,40000,USc,400,16.082,10.8212
LIVE,2016-08-23,77648,1807,314263,109.775,75841,3330178310.0,24.132971428389595,40000,USc,400,16.082,10.8212
LIVE,2016-08-30,76759,3681,330287,107.65,73078,3146738680.0,22.125605912433734,40000,USc,400,16.082,10.8212
LIVE,2016-09-06,79296,7985,348402,101.4,71311,2892374160.0,20.468022571627028,40000,USc,400,16.082,10.8212
LIVE,2016-09-13,74298,2106,341759,105.7,72192,3052277760.0,21.123657314072197,40000,USc,400,16.082,10.8212
LIVE,2016-09-20,75413,1832,339975,106.975,73581,3148530990.0,21.643061989852193,40000,USc,400,16.082,10.8212
LIVE,2016-09-27,77098,3071,352640,103.125,74027,3053613750.0,20.99223003629764,40000,USc,400,16.082,10.8212
LIVE,2016-10-04,78765,4974,357703,102.4,73791,3022479360.0,20.629125279910987,40000,USc,400,16.082,10.8212
LIVE,2016-10-11,76329,3782,330057,98.375,72547,2854724450.0,21.980142823815278,40000,USc,400,16.082,10.8212
LIVE,2016-10-18,75451,3719,338763,99.15,71732,2844891120.0000005,21.174685547122916,40000,USc,400,16.082,10.8212
LIVE,2016-10-25,78090,5449,344908,103.9,72641,3018959960.0,21.060978579795194,40000,USc,400,16.082,10.8212
LIVE,2016-11-01,80112,6857,348502,106.575,73255,3122860650.0,21.01996545213514,40000,USc,400,16.082,10.8212
LIVE,2016-11-08,80643,5391,344738,104.1,75252,3133493279.9999995,21.82875110953826,40000,USc,400,16.082,10.8212
LIVE,2016-11-15,79622,3792,345496,106.6,75830,3233391200.0,21.94815569500081,40000,USc,400,16.082,10.8212
LIVE,2016-11-22,83745,5933,359393,110.2,77812,3429952960.0,21.65095035239974,40000,USc,400,16.082,10.8212
LIVE,2016-11-29,82522,6443,364957,110.3,76079,3356605479.9999995,20.846017476031424,40000,USc,400,16.082,10.8212
LIVE,2016-12-06,84250,6786,338121,110.775,77464,3432429840.0,22.91014163568663,40000,USc,400,16.082,10.8212
LIVE,2016-12-13,89187,5882,350418,113.9,83305,3795375800.0,23.77303677322512,40000,USc,400,16.082,10.8212
LIVE,2016-12-20,93375,7905,365206,115.55,85470,3950423400.0,23.403229957886783,40000,USc,400,16.082,10.8212
LIVE,2016-12-27,94208,8126,373656,116.0,86082,3994204800.0,23.03776735821183,40000,USc,400,16.082,10.8212
LIVE,2017-01-03,91488,4930,372917,113.575,86558,3932329940.0,23.21106305156375,40000,USc,400,16.082,10.8212
LIVE,2017-01-10,97367,4528,394232,117.9,92839,4378287240.0,23.54933135818503,40000,USc,400,16.082,10.8212
LIVE,2017-01-17,104882,3147,409445,118.675,101735,4829360450.0,24.847049054207528,40000,USc,400,16.082,10.8212
LIVE,2017-01-24,110656,4986,424069,118.2,105670,4996077600.0,24.918114740761528,40000,USc,400,16.082,10.8212
LIVE,2017-01-31,112556,5185,424036,114.05,107371,4898265020.0,25.321199143468952,40000,USc,400,16.082,10.8212
LIVE,2017-02-07,113305,3977,388877,116.3,109328,5085938560.0,28.113773763940785,40000,USc,400,16.082,10.8212
LIVE,2017-02-14,115542,5730,380207,113.8,109812,4998642240.0,28.882161559361087,40000,USc,400,16.082,10.8212
LIVE,2017-02-21,116769,5592,381025,115.3,111177,5127483240.0,29.17840036742996,40000,USc,400,16.082,10.8212
LIVE,2017-02-28,115713,4661,394522,117.925,111052,5238322840.0,28.148493620127645,40000,USc,400,16.082,10.8212
LIVE,2017-03-07,116815,5535,395304,105.375,111280,4690452000.0,28.150486714022627,40000,USc,400,16.082,10.8212
LIVE,2017-03-14,114481,6537,408376,106.775,107944,4610288240.000001,26.432503379238742,40000,USc,400,16.082,10.8212
LIVE,2017-03-21,119063,6292,435711,110.95,112771,5004776980.0,25.882064028679558,40000,USc,400,16.082,10.8212
LIVE,2017-03-28,120620,4916,462310,111.75,115704,5171968800.0,25.027362592200035,40000,USc,400,16.082,10.8212
LIVE,2017-04-04,125329,4027,463589,109.225,121302,5299684380.0,26.165849491683367,40000,USc,400,16.082,10.8212
LIVE,2017-04-11,124835,3842,451888,113.675,120993,5501551710.0,26.774997344474738,40000,USc,400,16.082,10.8212
LIVE,2017-04-18,125911,4251,473094,115.825,121660,5636507800.0,25.715819689110408,40000,USc,400,16.082,10.8212
LIVE,2017-04-25,125889,3049,481580,115.925,122840,5696090800.0,25.507703808297688,40000,USc,400,16.082,10.8212
LIVE,2017-05-02,128967,3225,515796,120.775,125742,6074596020.0,24.37824256101249,40000,USc,400,16.082,10.8212
LIVE,2017-05-09,129660,4206,508924,120.875,125454,6065700900.0,24.650831951332616,40000,USc,400,16.082,10.8212
LIVE,2017-05-16,130641,4858,505565,118.625,125783,5968403350.0,24.879689060753808,40000,USc,400,16.082,10.8212
LIVE,2017-05-23,131273,5206,509737,121.1,126067,6106685480.0,24.73177344395247,40000,USc,400,16.082,10.8212
LIVE,2017-05-30,130322,4149,510981,119.775,126173,6044948430.0,24.692307541767697,40000,USc,400,16.082,10.8212
LIVE,2017-06-06,130003,3349,472729,123.975,126654,6280771859.999999,26.792094413501182,40000,USc,400,16.082,10.8212
LIVE,2017-06-13,129635,3520,476033,120.95,126115,6101443700.0,26.492911205735737,40000,USc,400,16.082,10.8212
LIVE,2017-06-20,128573,3208,468371,116.35,125365,5834487100.0,26.76617467776613,40000,USc,400,16.082,10.8212
LIVE,2017-06-27,128243,2832,458089,115.525,125411,5795242310.0,27.376994426847183,40000,USc,400,16.082,10.8212
LIVE,2017-07-03,130749,2781,448956,115.25,127968,5899324800.0,28.50346136369711,40000,USc,400,16.082,10.8212
LIVE,2017-07-11,131544,2502,436579,115.2,129042,5946255360.0,29.557537123865323,40000,USc,400,16.082,10.8212
LIVE,2017-07-18,133618,5369,442265,116.95,128249,5999488220.0,28.998225046069663,40000,USc,400,16.082,10.8212
LIVE,2017-07-25,135429,8476,441415,112.925,126953,5734467010.0,28.760463509395922,40000,USc,400,16.082,10.8212
LIVE,2017-08-01,129123,5141,420185,113.15,123982,5611425320.0,29.506526886966455,40000,USc,400,16.082,10.8212
LIVE,2017-08-08,125452,3604,374954,110.4,121848,5380807680.0,32.49678627244942,40000,USc,400,16.082,10.8212
LIVE,2017-08-15,123019,2074,362030,109.0,120945,5273202000.0,33.407452421070076,40000,USc,400,16.082,10.8212
LIVE,2017-08-22,125987,4304,371127,107.65,121683,5239669980.0,32.7874285621903,40000,USc,400,16.082,10.8212
LIVE,2017-08-29,125803,4905,377170,105.875,120898,5120030300.0,32.05398096349126,40000,USc,400,16.082,10.8212
LIVE,2017-09-05,127981,4534,372828,109.175,123447,5390930490.0,33.11097878914674,40000,USc,400,16.082,10.8212
LIVE,2017-09-12,125045,3017,376148,111.65,122028,5449770480.0,32.44148579814328,40000,USc,400,16.082,10.8212
LIVE,2017-09-19,125521,4209,383525,113.35,121312,5500286080.0,31.630793299002676,40000,USc,400,16.082,10.8212
LIVE,2017-09-26,129539,7033,397627,113.475,122506,5560547340.0,30.80927603004826,40000,USc,400,16.082,10.8212
LIVE,2017-10-03,126817,6721,393082,114.925,120096,5520813120.0,30.552403824138473,40000,USc,400,16.082,10.8212
LIVE,2017-10-10,124010,3361,372752,118.6,120649,5723588559.999999,32.367096621882645,40000,USc,400,16.082,10.8212
LIVE,2017-10-17,124867,3312,373987,116.225,121555,5651091950.0,32.50246666327974,40000,USc,400,16.082,10.8212
LIVE,2017-10-24,124778,3884,383241,119.525,120894,5779942140.000001,31.54516348720518,40000,USc,400,16.082,10.8212
LIVE,2017-10-31,125213,2168,411359,125.475,123045,6175628550.0,29.911828840501848,40000,USc,400,16.082,10.8212
LIVE,2017-11-07,127222,2351,440316,130.525,124871,6519514910.0,28.359405517855357,40000,USc,400,16.082,10.8212
LIVE,2017-11-14,129589,1542,444213,125.175,128047,6411313290.0,28.825585923869856,40000,USc,400,16.082,10.8212
LIVE,2017-11-21,131754,2421,439490,124.0,129333,6414916800.0,29.42797333272657,40000,USc,400,16.082,10.8212
LIVE,2017-11-28,132043,2958,438052,125.775,129085,6494266350.0,29.46796270762375,40000,USc,400,16.082,10.8212
LIVE,2017-12-05,131486,4340,405396,120.4,127146,6123351360.0,31.36340763105704,40000,USc,400,16.082,10.8212
LIVE,2017-12-12,133185,5005,386112,119.1,128180,6106495200.0,33.197621415547815,40000,USc,400,16.082,10.8212
LIVE,2017-12-19,133625,5373,381993,120.4,128252,6176616320.0,33.57443722790732,40000,USc,400,16.082,10.8212
LIVE,2017-12-26,133932,4076,381469,121.525,129856,6312300160.0,34.041036099919,40000,USc,400,16.082,10.8212
LIVE,2018-01-02,135471,3817,389088,124.175,131654,6539254180.0,33.83656139485155,40000,USc,400,15.7582,11.8377
LIVE,2018-01-09,133617,2493,396835,119.75,131124,6280839600.0,33.04244837274938,40000,USc,400,15.7582,11.8377
LIVE,2018-01-16,133631,1706,404794,120.425,131925,6354827250.0,32.590651047199316,40000,USc,400,15.7582,11.8377
LIVE,2018-01-23,135778,2363,410402,124.9,133415,6665413400.0,32.508369842252236,40000,USc,400,15.7582,11.8377
LIVE,2018-01-30,138315,2399,422944,124.125,135916,6748229400.0,32.13569645153969,40000,USc,400,15.7582,11.8377
LIVE,2018-02-06,139576,1389,420265,124.7,138187,6892767560.000001,32.88092037167026,40000,USc,400,15.7582,11.8377
LIVE,2018-02-13,138030,1343,416957,125.25,136687,6848018700.0,32.782037476286526,40000,USc,400,15.7582,11.8377
LIVE,2018-02-20,139500,1470,427145,127.725,138030,7051952700.0,32.31455360591837,40000,USc,400,15.7582,11.8377
LIVE,2018-02-27,142690,2782,429960,124.2,139908,6950629440.000001,32.53977114150153,40000,USc,400,15.7582,11.8377
LIVE,2018-03-06,145067,4882,427681,114.775,140185,6435893350.0,32.77793495619399,40000,USc,400,15.7582,11.8377
LIVE,2018-03-13,140179,1675,419038,113.2,138504,6271461120.0,33.052849622229964,40000,USc,400,15.7582,11.8377
LIVE,2018-03-20,139390,2113,419916,109.05,137277,5988022740.0,32.69153830766153,40000,USc,400,15.7582,11.8377
LIVE,2018-03-27,136907,2152,431158,105.275,134755,5674533050.0,31.254203795360404,40000,USc,400,15.7582,11.8377
LIVE,2018-04-03,131536,2064,440204,99.75,129472,5165932800.0,29.411818157036286,40000,USc,400,15.7582,11.8377
LIVE,2018-04-10,127469,2114,409317,102.6,125355,5144569200.0,30.62540769134925,40000,USc,400,15.7582,11.8377
LIVE,2018-04-17,122836,1922,405694,105.175,120914,5086851980.0,29.804236690707775,40000,USc,400,15.7582,11.8377
LIVE,2018-04-24,114442,2533,411895,104.85,111909,4693463459.999999,27.169302856310466,40000,USc,400,15.7582,11.8377
LIVE,2018-05-01,113610,2440,420442,103.9,111170,4620225200.0,26.441221381308246,40000,USc,400,15.7582,11.8377
LIVE,2018-05-08,115297,1848,428141,104.675,113449,4750109630.0,26.498046204404623,40000,USc,400,15.7582,11.8377
LIVE,2018-05-15,116335,1529,432373,100.45,114806,4612905080.0,26.55253681427841,40000,USc,400,15.7582,11.8377
LIVE,2018-05-22,115279,1604,431625,100.925,113675,4589059750.0,26.336518969012452,40000,USc,400,15.7582,11.8377
LIVE,2018-05-29,120264,7207,424785,101.7,113057,4599158760.0,26.615111173887968,40000,USc,400,15.7582,11.8377
LIVE,2018-06-05,115457,9675,384468,104.2,105782,4408993760.0,27.51386331242132,40000,USc,400,15.7582,11.8377
LIVE,2018-06-12,114704,8848,383228,104.75,105856,4435366400.0,27.622198795495112,40000,USc,400,15.7582,11.8377
LIVE,2018-06-19,119960,10141,378359,106.45,109819,4676093020.0,29.02507935584987,40000,USc,400,15.7582,11.8377
LIVE,2018-06-26,122180,11634,383474,102.35,110546,4525753240.0,28.827508514266935,40000,USc,400,15.7582,11.8377
LIVE,2018-07-03,128169,13730,378082,110.325,114439,5050193070.0,30.268301585370374,40000,USc,400,15.7582,11.8377
LIVE,2018-07-10,124971,13988,373122,107.9,110983,4790026280.0,29.744426755860015,40000,USc,400,15.7582,11.8377
LIVE,2018-07-17,135144,15121,375052,108.825,120023,5224601190.0,32.001695764853935,40000,USc,400,15.7582,11.8377
LIVE,2018-07-24,133550,11721,366055,110.3,121829,5375095480.0,33.28161068691863,40000,USc,400,15.7582,11.8377
LIVE,2018-07-31,132214,8786,362146,109.35,123428,5398740720.0,34.08238666173311,40000,USc,400,15.7582,11.8377
LIVE,2018-08-07,129460,4148,338631,110.95,125312,5561346560.0,37.00547203297985,40000,USc,400,15.7582,11.8377
LIVE,2018-08-14,130880,4395,338508,108.825,126485,5505892050.0,37.36543892611105,40000,USc,400,15.7582,11.8377
LIVE,2018-08-21,127669,4662,338122,110.1,123007,5417228280.0,36.379472498092404,40000,USc,400,15.7582,11.8377
LIVE,2018-08-28,128174,4967,341842,108.7,123207,5357040360.0,36.04208962035092,40000,USc,400,15.7582,11.8377
LIVE,2018-09-04,129615,6217,347575,114.45,123398,5649160440.0,35.50255340573977,40000,USc,400,15.7582,11.8377
LIVE,2018-09-11,125877,5392,343926,114.05,120485,5496525700.0,35.032245308583825,40000,USc,400,15.7582,11.8377
LIVE,2018-09-18,127334,6146,367657,118.0,121188,5720073600.0,32.962244700903284,40000,USc,400,15.7582,11.8377
LIVE,2018-09-25,126499,6131,374502,117.4,120368,5652481280.0,32.14081633742944,40000,USc,400,15.7582,11.8377
LIVE,2018-10-02,130638,8124,390160,119.325,122514,5847593220.0,31.40096370719705,40000,USc,400,15.7582,11.8377
LIVE,2018-10-09,130541,7693,382729,117.4,122848,5768942080.0,32.09790739661745,40000,USc,400,15.7582,11.8377
LIVE,2018-10-16,134074,8710,373090,117.6,125364,5897122559.999999,33.601543863410974,40000,USc,400,15.7582,11.8377
LIVE,2018-10-23,135741,9143,377316,117.35,126598,5942510120.0,33.5522479831229,40000,USc,400,15.7582,11.8377
LIVE,2018-10-30,138471,13272,393555,116.825,125199,5850549270.0,31.81232610435644,40000,USc,400,15.7582,11.8377
LIVE,2018-11-06,142002,18059,399575,120.475,123943,5972813170.0,31.018707376587624,40000,USc,400,15.7582,11.8377
LIVE,2018-11-13,138307,10829,386910,118.8,127478,6057754560.0,32.94771393864206,40000,USc,400,15.7582,11.8377
LIVE,2018-11-20,137843,9132,389695,119.825,128711,6169118230.0,33.02865061137557,40000,USc,400,15.7582,11.8377
LIVE,2018-11-27,139588,8200,393370,120.725,131388,6344726520.0,33.40061519688843,40000,USc,400,15.7582,11.8377
LIVE,2018-12-04,140369,6524,385490,121.7,133845,6515574600.0,34.720745025811304,40000,USc,400,15.7582,11.8377
LIVE,2018-12-11,142287,4739,376515,122.475,137548,6738476520.0,36.53187788003134,40000,USc,400,15.7582,11.8377
LIVE,2018-12-18,145308,6284,388399,122.425,139024,6808005280.0,35.79411893439479,40000,USc,400,15.7582,11.8377
LIVE,2018-12-24,144986,6850,394266,122.975,138136,6794909839.999999,35.03624456585148,40000,USc,400,15.7582,11.8377
LIVE,2018-12-31,148465,10156,420959,124.025,138309,6861509490.000001,32.85569378490542,40000,USc,400,15.7582,11.8377
LIVE,2019-01-08,148548,10063,427261,126.375,138485,7000416750.0,32.41227259216264,40000,USc,400,15.7685,11.4009
LIVE,2019-01-15,138810,5307,437106,127.5,133503,6808653000.0,30.542477110815224,40000,USc,400,15.7685,11.4009
LIVE,2019-01-22,140005,5454,437477,126.05,134551,6784061420.0,30.756131179467722,40000,USc,400,15.7685,11.4009
LIVE,2019-01-29,139806,5842,437612,127.8,133964,6848239680.0,30.612506055592625,40000,USc,400,15.7685,11.4009
LIVE,2019-02-05,139514,4933,427140,127.75,134581,6877089100.0,31.50746827737978,40000,USc,400,15.7685,11.4009
LIVE,2019-02-12,139910,4815,432306,127.675,135095,6899301650.0,31.249855426480316,40000,USc,400,15.7685,11.4009
LIVE,2019-02-19,141686,5262,438708,128.5,136424,7012193600.0,31.096765958222782,40000,USc,400,15.7685,11.4009
LIVE,2019-02-26,145370,6169,456542,130.0,139201,7238452000.0,30.49029443074241,40000,USc,400,15.7685,11.4009
LIVE,2019-03-05,151322,6455,472489,119.875,144867,6946372650.0,30.66039632668697,40000,USc,400,15.7685,11.4009
LIVE,2019-03-12,154665,6075,480933,118.5,148590,7043166000.0,30.89619551995808,40000,USc,400,15.7685,11.4009
LIVE,2019-03-19,154398,6183,499516,122.8,148215,7280320800.0,29.67172222711585,40000,USc,400,15.7685,11.4009
LIVE,2019-03-26,156117,6717,508258,120.75,149400,7216020000.0,29.394520105930454,40000,USc,400,15.7685,11.4009
LIVE,2019-04-02,154666,6724,497838,119.675,147942,7081983539.999999,29.716895857688648,40000,USc,400,15.7685,11.4009
LIVE,2019-04-09,154960,5839,489961,120.05,149121,7160790420.0,30.43527954265748,40000,USc,400,15.7685,11.4009
LIVE,2019-04-16,159348,9396,501230,122.7,149952,7359644160.000001,29.916804660535085,40000,USc,400,15.7685,11.4009
LIVE,2019-04-23,156356,6708,503176,121.0,149648,7242963200.0,29.740687155190233,40000,USc,400,15.7685,11.4009
LIVE,2019-04-30,153004,8838,481637,114.35,144166,6594152840.0,29.932501032935594,40000,USc,400,15.7685,11.4009
LIVE,2019-05-07,149238,10002,448466,109.0,139236,6070689600.0,31.047169685104333,40000,USc,400,15.7685,11.4009
LIVE,2019-05-14,148144,13272,452094,107.05,134872,5775219040.0,29.832733900472025,40000,USc,400,15.7685,11.4009
LIVE,2019-05-21,145631,13133,447441,108.025,132498,5725238580.0,29.612395824253923,40000,USc,400,15.7685,11.4009
LIVE,2019-05-28,146027,13860,446925,107.775,132167,5697719370.0,29.572523354030317,40000,USc,400,15.7685,11.4009
LIVE,2019-06-04,141773,14528,449170,103.975,127245,5292119550.0,28.32891778168622,40000,USc,400,15.7685,11.4009
LIVE,2019-06-11,133865,11117,408304,107.075,122748,5257296840.0,30.062894314040516,40000,USc,400,15.7685,11.4009
LIVE,2019-06-18,130962,12459,403366,105.675,118503,5009121810.0,29.37852967280336,40000,USc,400,15.7685,11.4009
LIVE,2019-06-25,131908,15100,409468,103.575,116808,4839355440.0,28.526771322789575,40000,USc,400,15.7685,11.4009
LIVE,2019-07-02,130093,19219,407362,105.575,110874,4682209020.0,27.217560793593904,40000,USc,400,15.7685,11.4009
LIVE,2019-07-09,125415,14534,387421,109.4,110881,4852152560.0,28.62028645840055,40000,USc,400,15.7685,11.4009
LIVE,2019-07-16,125688,12027,379157,109.15,113661,4962439260.0,29.97729172875616,40000,USc,400,15.7685,11.4009
LIVE,2019-07-23,126119,10771,375801,109.975,115348,5074158520.0,30.69390448668311,40000,USc,400,15.7685,11.4009
LIVE,2019-07-30,126309,10703,372468,108.975,115606,5039265540.0,31.03783412266289,40000,USc,400,15.7685,11.4009
LIVE,2019-08-06,124886,11086,353888,106.275,113800,4837638000.0,32.15706664255358,40000,USc,400,15.7685,11.4009
LIVE,2019-08-13,125344,12567,368853,99.25,112777,4477246900.0,30.57505293436681,40000,USc,400,15.7685,11.4009
LIVE,2019-08-20,129286,14975,383285,100.15,114311,4579298660.0,29.824021289640868,40000,USc,400,15.7685,11.4009
LIVE,2019-08-27,130690,14525,388862,99.825,116165,4638468450.0,29.873065509100915,40000,USc,400,15.7685,11.4009
LIVE,2019-09-03,132759,15409,401737,104.15,117350,4888801000.0,29.21065274047449,40000,USc,400,15.7685,11.4009
LIVE,2019-09-10,129125,15865,418787,101.7,113260,4607416800.0,27.04477455126353,40000,USc,400,15.7685,11.4009
LIVE,2019-09-17,123674,13873,399567,105.425,109801,4630308170.0,27.47999709685735,40000,USc,400,15.7685,11.4009
LIVE,2019-09-24,120342,11029,389363,107.6,109313,4704831520.0,28.074829914501375,40000,USc,400,15.7685,11.4009
LIVE,2019-10-01,117036,11076,378937,109.975,105960,4661180400.0,27.96243174986871,40000,USc,400,15.7685,11.4009
LIVE,2019-10-08,120955,10205,351364,110.8,110750,4908440000.0,31.520019125465332,40000,USc,400,15.7685,11.4009
LIVE,2019-10-15,123225,9352,351961,113.525,113873,5170972930.0,32.35386875250383,40000,USc,400,15.7685,11.4009
LIVE,2019-10-22,129950,10493,360848,113.725,119457,5434098930.0,33.10452046290959,40000,USc,400,15.7685,11.4009
LIVE,2019-10-29,133277,11293,376938,116.85,121984,5701532159.999999,32.36182077689169,40000,USc,400,15.7685,11.4009
LIVE,2019-11-05,142488,11424,408427,124.575,131064,6530919120.0,32.08994508198528,40000,USc,400,15.7685,11.4009
LIVE,2019-11-12,153392,9852,413899,125.725,143540,7218626600.0,34.67995815404241,40000,USc,400,15.7685,11.4009
LIVE,2019-11-19,152765,10641,432314,124.975,142124,7104778759.999999,32.875178689563604,40000,USc,400,15.7685,11.4009
LIVE,2019-11-26,155700,10371,448826,126.0,145329,7324581600.0,32.37980865636126,40000,USc,400,15.7685,11.4009
LIVE,2019-12-03,158436,11503,448048,125.525,146933,7377505930.0,32.79403099667893,40000,USc,400,15.7685,11.4009
LIVE,2019-12-10,158577,9157,420596,124.625,149420,7448587000.0,35.525777705922074,40000,USc,400,15.7685,11.4009
LIVE,2019-12-17,161241,9960,434442,126.5,151281,7654818600.0,34.82190948388968,40000,USc,400,15.7685,11.4009
LIVE,2019-12-24,162795,9388,429758,125.775,153407,7717906170.0,35.696135964891866,40000,USc,400,15.7685,11.4009
LIVE,2019-12-31,163068,10036,427786,125.975,153032,7711282480.0,35.77302670026602,40000,USc,400,15.7685,11.4009
LIVE,2020-01-07,166015,10056,431544,127.325,155959,7942991870.0,36.139767903157036,40000,USc,400,16.8388,11.4192
LIVE,2020-01-14,172099,9574,447456,127.825,162525,8309903250.0,36.32200708002575,40000,USc,400,16.8388,11.4192
LIVE,2020-01-21,174232,9643,453816,127.15,164589,8370996540.000001,36.267782537416046,40000,USc,400,16.8388,11.4192
LIVE,2020-01-28,169740,9660,424853,120.825,160080,7736666400.0,37.678914824657,40000,USc,400,16.8388,11.4192
LIVE,2020-02-04,160714,9149,400107,120.975,151565,7334230350.0,37.881116801255665,40000,USc,400,16.8388,11.4192
LIVE,2020-02-11,152587,9670,378762,117.175,142917,6698519790.0,37.732665895733994,40000,USc,400,16.8388,11.4192
LIVE,2020-02-18,153017,10836,382776,120.7,142181,6864498680.0,37.14470081718812,40000,USc,400,16.8388,11.4192
LIVE,2020-02-25,153216,13400,404274,113.025,139816,6321081360.0,34.58446499156513,40000,USc,400,16.8388,11.4192
LIVE,2020-03-03,149616,17762,412034,103.275,131854,5446888740.000001,32.00075721906445,40000,USc,400,16.8388,11.4192
LIVE,2020-03-10,145335,20203,406118,99.525,125132,4981504920.0,30.811734520508814,40000,USc,400,16.8388,11.4192
LIVE,2020-03-17,135473,21358,387058,89.75,114115,4096728500.0,29.482661513261576,40000,USc,400,16.8388,11.4192
LIVE,2020-03-24,127188,20365,357528,97.025,106823,4145800630.0000005,29.878219328276383,40000,USc,400,16.8388,11.4192
LIVE,2020-03-31,124853,19123,352603,92.075,105730,3894035900.0,29.985564501720063,40000,USc,400,16.8388,11.4192
LIVE,2020-04-07,120608,14754,325370,84.8,105854,3590567679.9999995,32.53342348710699,40000,USc,400,16.8388,11.4192
LIVE,2020-04-14,120557,15362,326626,84.1,105195,3538759800.0,32.20656040854066,40000,USc,400,16.8388,11.4192
LIVE,2020-04-21,118861,15575,328857,84.0,103286,3470409600.0,31.40757228825903,40000,USc,400,16.8388,11.4192
LIVE,2020-04-28,117911,15333,331363,84.225,102578,3455852819.9999995,30.956383180982787,40000,USc,400,16.8388,11.4192
LIVE,2020-05-05,121300,14527,335902,91.9,106773,3924975480.0000005,31.786949765110062,40000,USc,400,16.8388,11.4192
LIVE,2020-05-12,119494,13162,326504,101.7,106332,4325585760.0,32.56682919657952,40000,USc,400,16.8388,11.4192
LIVE,2020-05-19,118621,12841,323398,99.275,105780,4200523800.0,32.70892213309916,40000,USc,400,16.8388,11.4192
LIVE,2020-05-26,119749,13341,326846,99.675,106408,4242486960.0,32.55600496870086,40000,USc,400,16.8388,11.4192
LIVE,2020-06-02,127185,13074,339913,96.85,114111,4420660140.0,33.570648960175106,40000,USc,400,16.8388,11.4192
LIVE,2020-06-09,122059,8356,315099,97.975,113703,4456020570.0,36.0848495234831,40000,USc,400,16.8388,11.4192
LIVE,2020-06-16,123279,9324,323914,96.5,113955,4398663000.0,35.18063436591194,40000,USc,400,16.8388,11.4192
LIVE,2020-06-23,123240,9889,329867,97.575,113351,4424089530.0,34.362637062816226,40000,USc,400,16.8388,11.4192
LIVE,2020-06-30,122427,10275,330300,96.525,112152,4330188720.0,33.95458673932789,40000,USc,400,16.8388,11.4192
LIVE,2020-07-07,124889,11330,325095,104.275,113559,4736545890.000001,34.931020163336875,40000,USc,400,16.8388,11.4192
LIVE,2020-07-14,125452,11795,318227,103.2,113657,4691760960.0,35.71569979919994,40000,USc,400,16.8388,11.4192
LIVE,2020-07-21,127435,12467,332982,106.15,114968,4881541280.0,34.526791237964815,40000,USc,400,16.8388,11.4192
LIVE,2020-07-28,125547,12639,337775,105.5,112908,4764717600.0,33.42698541928799,40000,USc,400,16.8388,11.4192
LIVE,2020-08-04,131555,16030,342188,107.525,115525,4968730250.0,33.760681262931485,40000,USc,400,16.8388,11.4192
LIVE,2020-08-11,125340,10534,328812,108.375,114806,4976840100.0,34.915392382273154,40000,USc,400,16.8388,11.4192
LIVE,2020-08-18,128321,10793,336716,110.325,117528,5186510640.0,34.90419225697621,40000,USc,400,16.8388,11.4192
LIVE,2020-08-25,129785,10798,344740,108.75,118987,5175934500.0,34.51499680918953,40000,USc,400,16.8388,11.4192
LIVE,2020-09-01,129781,10449,342408,109.2,119332,5212421760.0,34.850821242494334,40000,USc,400,16.8388,11.4192
LIVE,2020-09-08,127614,9340,337571,109.825,118274,5195776820.0,35.036777448299766,40000,USc,400,16.8388,11.4192
LIVE,2020-09-15,126202,8615,340572,111.9,117587,5263194120.0,34.52632629811024,40000,USc,400,16.8388,11.4192
LIVE,2020-09-22,125062,9053,343069,110.125,116009,5110196450.0,33.8150634420481,40000,USc,400,16.8388,11.4192
LIVE,2020-09-29,124053,9581,354213,113.1,114472,5178713280.0,32.317278021981124,40000,USc,400,16.8388,11.4192
LIVE,2020-10-06,117291,9033,331193,111.95,108258,4847793240.0,32.687285057353265,40000,USc,400,16.8388,11.4192
LIVE,2020-10-13,117034,9319,315351,111.075,107715,4785777450.0,34.15717724059857,40000,USc,400,16.8388,11.4192
LIVE,2020-10-20,112166,12270,316579,105.025,99896,4196630960.0,31.554840971763763,40000,USc,400,16.8388,11.4192
LIVE,2020-10-27,113114,14679,327042,104.2,98435,4102770800.0,30.098580610441473,40000,USc,400,16.8388,11.4192
LIVE,2020-11-03,113073,13945,324332,110.125,99128,4366588400.0,30.563743324741317,40000,USc,400,16.8388,11.4192
LIVE,2020-11-10,112934,10743,319519,115.05,102191,4702829820.0,31.98276158851273,40000,USc,400,16.8388,11.4192
LIVE,2020-11-17,112308,9094,322271,113.725,103214,4695204859.999999,32.027082796776625,40000,USc,400,16.8388,11.4192
LIVE,2020-11-24,112502,8444,326719,114.175,104058,4752328860.0,31.84938739406034,40000,USc,400,16.8388,11.4192
LIVE,2020-12-01,113817,8934,326450,113.225,104883,4750151070.0,32.12835043651401,40000,USc,400,16.8388,11.4192
LIVE,2020-12-08,114233,7674,320932,110.825,106559,4723760470.0,33.20298380965438,40000,USc,400,16.8388,11.4192
LIVE,2020-12-15,115819,8139,327137,112.7,107680,4854214400.0,32.91587316628813,40000,USc,400,16.8388,11.4192
LIVE,2020-12-21,116604,8502,333380,114.25,108102,4940261400.0,32.42606035155078,40000,USc,400,16.8388,11.4192
LIVE,2020-12-29,115544,8898,336554,114.6,106646,4888652640.0,31.68763407952364,40000,USc,400,16.8388,11.4192
LIVE,2021-01-05,118571,10126,343740,119.0,108445,5161982000.0,31.54855413975679,40000,USc,400,16.3502,10.8454
LIVE,2021-01-12,124547,9070,359752,117.85,115477,5443585780.0,32.0990571282439,40000,USc,400,16.3502,10.8454
LIVE,2021-01-19,130703,10880,369647,119.125,119823,5709565950.0,32.41552075358383,40000,USc,400,16.3502,10.8454
LIVE,2021-01-26,133116,9908,383564,123.075,123208,6065529840.0,32.12188839411415,40000,USc,400,16.3502,10.8454
LIVE,2021-02-02,130664,8525,381114,122.65,122139,5992139340.000001,32.04789118216597,40000,USc,400,16.3502,10.8454
LIVE,2021-02-09,130852,7471,372822,123.875,123381,6113528550.0,33.0938088417529,40000,USc,400,16.3502,10.8454
LIVE,2021-02-16,132572,7100,382093,125.925,125472,6320024640.0,32.83807868764934,40000,USc,400,16.3502,10.8454
LIVE,2021-02-23,131481,7408,385827,121.5,124073,6029947800.0,32.15767688627286,40000,USc,400,16.3502,10.8454
LIVE,2021-03-02,129769,7016,386329,117.725,122753,5780438770.0,31.77421317063953,40000,USc,400,16.3502,10.8454
LIVE,2021-03-09,129402,7212,381857,119.6,122190,5845569600.0,31.99888963669646,40000,USc,400,16.3502,10.8454
LIVE,2021-03-16,129771,7078,392097,121.4,122693,5957972080.0,31.29149164619979,40000,USc,400,16.3502,10.8454
LIVE,2021-03-23,129874,6746,388868,120.125,123128,5916300400.0,31.66318647973091,40000,USc,400,16.3502,10.8454
LIVE,2021-03-30,130254,6984,392487,122.125,123270,6021739500.0,31.407409672167486,40000,USc,400,16.3502,10.8454
LIVE,2021-04-06,131700,6255,384783,124.75,125445,6259705500.0,32.60149226966888,40000,USc,400,16.3502,10.8454
LIVE,2021-04-13,132664,6385,381970,120.95,126279,6109378020.0,33.05992617221248,40000,USc,400,16.3502,10.8454
LIVE,2021-04-20,131368,6796,377494,119.025,124572,5930872920.0,32.999729797029886,40000,USc,400,16.3502,10.8454
LIVE,2021-04-27,131499,10758,377095,115.9,120741,5597552760.0,32.018722072687254,40000,USc,400,16.3502,10.8454
LIVE,2021-05-04,134178,13904,375020,116.575,120274,5608376620.0,32.0713561943363,40000,USc,400,16.3502,10.8454
LIVE,2021-05-11,134479,13847,370938,122.075,120632,5890460560.0,32.520798624028814,40000,USc,400,16.3502,10.8454
LIVE,2021-05-18,135366,15102,375159,119.8,120264,5763050880.0,32.0568079134447,40000,USc,400,16.3502,10.8454
LIVE,2021-05-25,135361,15002,367997,120.325,120359,5792878670.0,32.70651662921165,40000,USc,400,16.3502,10.8454
LIVE,2021-06-01,135993,14972,364008,116.35,121021,5632317340.0,33.24679677369728,40000,USc,400,16.3502,10.8454
LIVE,2021-06-08,134036,13682,339017,117.825,120354,5672284020.0,35.50087458741007,40000,USc,400,16.3502,10.8454
LIVE,2021-06-15,135927,12876,341491,124.075,123051,6107021130.0,36.033453297451466,40000,USc,400,16.3502,10.8454
LIVE,2021-06-22,133860,10681,345156,123.475,123179,6083810809.999999,35.687920824207026,40000,USc,400,16.3502,10.8454
LIVE,2021-06-29,136228,9722,343717,121.775,126506,6162107260.0,36.80527876130654,40000,USc,400,16.3502,10.8454
LIVE,2021-07-06,136873,9666,345288,128.2,127207,6523174959.999999,36.84084011028475,40000,USc,400,16.3502,10.8454
LIVE,2021-07-13,134192,10127,341576,127.4,124065,6322352400.0,36.32134576199733,40000,USc,400,16.3502,10.8454
LIVE,2021-07-20,134108,11413,348829,124.75,122695,6122480500.0,35.17339441388187,40000,USc,400,16.3502,10.8454
LIVE,2021-07-27,133599,9309,349529,128.125,124290,6369862500.0,35.559281204134706,40000,USc,400,16.3502,10.8454
LIVE,2021-08-03,131245,9328,344005,128.175,121917,6250684590.000001,35.440473248935334,40000,USc,400,16.3502,10.8454
LIVE,2021-08-10,130658,7787,326024,128.225,122871,6302053590.0,37.68771624174907,40000,USc,400,16.3502,10.8454
LIVE,2021-08-17,132749,7561,328441,128.2,125188,6419640639.999999,38.11582597787731,40000,USc,400,16.3502,10.8454
LIVE,2021-08-24,136904,7862,355004,131.6,129042,6792770880.0,36.34944958366667,40000,USc,400,16.3502,10.8454
LIVE,2021-08-31,135116,7773,364402,127.0,127343,6469024400.0,34.94574673025944,40000,USc,400,16.3502,10.8454
LIVE,2021-09-07,130072,10690,366124,129.5,119382,6183987600.0,32.606985611432194,40000,USc,400,16.3502,10.8454
LIVE,2021-09-14,126444,10209,348580,129.55,116235,6023297700.000001,33.345286591313325,40000,USc,400,16.3502,10.8454
LIVE,2021-09-21,125075,9109,348783,127.775,115966,5927022260.0,33.24875352296414,40000,USc,400,16.3502,10.8454
LIVE,2021-09-28,124748,8280,350683,127.6,116468,5944526720.0,33.211761049152656,40000,USc,400,16.3502,10.8454
LIVE,2021-10-05,121043,8120,334237,127.825,112923,5773752990.0,33.78530802993085,40000,USc,400,16.3502,10.8454
LIVE,2021-10-12,121280,7721,326185,129.325,113559,5874407070.0,34.81429250272085,40000,USc,400,16.3502,10.8454
LIVE,2021-10-19,123678,7564,323428,129.875,116114,6032122300.0,35.901035160839506,40000,USc,400,16.3502,10.8454
LIVE,2021-10-26,123530,8283,333669,131.625,115247,6067754550.0,34.5393189058618,40000,USc,400,16.3502,10.8454
LIVE,2021-11-02,121973,8913,347163,135.375,113060,6122199000.0,32.56683459930926,40000,USc,400,16.3502,10.8454
LIVE,2021-11-09,122881,8573,342980,136.725,114308,6251504520.0,33.32789083911598,40000,USc,400,16.3502,10.8454
LIVE,2021-11-16,124686,9321,350878,136.075,115365,6279316949.999999,32.87894937841643,40000,USc,400,16.3502,10.8454
LIVE,2021-11-23,126264,9139,362762,139.45,117125,6533232499.999999,32.2870091134132,40000,USc,400,16.3502,10.8454
LIVE,2021-11-30,128616,9458,369380,137.9,119158,6572755280.0,32.25892035302398,40000,USc,400,16.3502,10.8454
LIVE,2021-12-07,127558,7250,350160,139.25,120308,6701155600.0,34.35800776787754,40000,USc,400,16.3502,10.8454
LIVE,2021-12-14,129832,8248,354885,138.325,121584,6727242719.999999,34.26011243078744,40000,USc,400,16.3502,10.8454
LIVE,2021-12-21,124636,8345,350000,136.9,116291,6368095160.0,33.226,40000,USc,400,16.3502,10.8454
LIVE,2021-12-28,122906,8537,361314,139.425,114369,6378359130.0,31.653630913831183,40000,USc,400,16.3502,10.8454
LIVE,2022-01-04,123093,8681,381779,142.6,114412,6526060480.0,29.968122919280525,40000,USc,400,13.5007,10.2469
LIVE,2022-01-11,120570,9153,372991,141.2,111417,6292832159.999999,29.871230136920197,40000,USc,400,13.5007,10.2469
LIVE,2022-01-18,123200,9460,377575,141.85,113740,6453607600.0,30.123816460305903,40000,USc,400,13.5007,10.2469
LIVE,2022-01-25,123880,13222,386440,140.125,110658,6202380900.0,28.635234447779734,40000,USc,400,13.5007,10.2469
LIVE,2022-02-01,123895,10472,387842,145.35,113423,6594413220.0,29.24464085890646,40000,USc,400,13.5007,10.2469
LIVE,2022-02-08,126139,9463,392147,146.25,116676,6825546000.0,29.753128291176523,40000,USc,400,13.5007,10.2469
LIVE,2022-02-15,125220,10066,406721,147.0,115154,6771055200.0,28.312774604704455,40000,USc,400,13.5007,10.2469
LIVE,2022-02-22,125572,9913,414494,146.175,115659,6762581730.000001,27.90366084913171,40000,USc,400,13.5007,10.2469
LIVE,2022-03-01,121952,10358,416307,137.25,111594,6126510600.0,26.805698679099798,40000,USc,400,13.5007,10.2469
LIVE,2022-03-08,124466,13739,386272,135.275,110727,5991437970.0,28.665551735564577,40000,USc,400,13.5007,10.2469
LIVE,2022-03-15,135718,12444,369096,136.775,123274,6744320540.000001,33.39889893144331,40000,USc,400,13.5007,10.2469
LIVE,2022-03-22,133781,11804,366192,135.85,121977,6628230180.0,33.30957530475816,40000,USc,400,13.5007,10.2469
LIVE,2022-03-29,134562,11335,369443,138.45,123227,6824311259.999999,33.35480710150145,40000,USc,400,13.5007,10.2469
LIVE,2022-04-05,134167,10510,353106,133.625,123657,6609466650.0,35.01979575538224,40000,USc,400,13.5007,10.2469
LIVE,2022-04-12,134487,9986,358692,136.35,124501,6790284539.999999,34.709723105059496,40000,USc,400,13.5007,10.2469
LIVE,2022-04-19,136027,9230,360036,136.475,126797,6921848230.0,35.21786710217867,40000,USc,400,13.5007,10.2469
LIVE,2022-04-26,138442,8871,365662,136.325,129571,7065506630.0,35.434636358166834,40000,USc,400,13.5007,10.2469
LIVE,2022-05-03,135009,10249,372870,137.325,124760,6853066800.0,33.459382626652726,40000,USc,400,13.5007,10.2469
LIVE,2022-05-10,130806,10582,373592,134.025,120224,6445208640.000001,32.18056061157626,40000,USc,400,13.5007,10.2469
LIVE,2022-05-17,130902,12262,366741,133.25,118640,6323512000.0,32.3498054485318,40000,USc,400,13.5007,10.2469
LIVE,2022-05-24,131349,13938,365006,132.925,117411,6242742870.0,32.16686848983304,40000,USc,400,13.5007,10.2469
LIVE,2022-05-31,128676,15192,370743,130.425,113484,5920460280.0,30.60988339631497,40000,USc,400,13.5007,10.2469
LIVE,2022-06-07,126869,15852,349418,134.175,111017,5958282390.000001,31.771975112902023,40000,USc,400,13.5007,10.2469
LIVE,2022-06-14,125345,12376,332773,134.3,112969,6068694680.0,33.94776619497375,40000,USc,400,13.5007,10.2469
LIVE,2022-06-21,121994,10806,336174,136.25,111188,6059746000.0,33.074538780512476,40000,USc,400,13.5007,10.2469
LIVE,2022-06-28,118450,15305,341743,132.675,103145,5473905150.000001,30.182037378966065,40000,USc,400,13.5007,10.2469
LIVE,2022-07-05,113630,17182,341485,138.625,96448,5348041600.0,28.243700308944756,40000,USc,400,13.5007,10.2469
LIVE,2022-07-12,111152,15251,330868,141.325,95901,5421283530.0,28.984670623934623,40000,USc,400,13.5007,10.2469
LIVE,2022-07-19,109729,13865,326211,141.05,95864,5408646880.0,29.387114474987047,40000,USc,400,13.5007,10.2469
LIVE,2022-07-26,108757,13193,314918,142.4,95564,5443325440.0,30.345677287420852,40000,USc,400,13.5007,10.2469
LIVE,2022-08-02,107495,12371,312097,142.15,95124,5408750640.0,30.478985699958667,40000,USc,400,13.5007,10.2469
LIVE,2022-08-09,104096,9919,311042,143.25,94177,5396342100.0,30.277904591662864,40000,USc,400,13.5007,10.2469
LIVE,2022-08-16,104636,8955,325850,145.775,95681,5579159110.0,29.363510817860977,40000,USc,400,13.5007,10.2469
LIVE,2022-08-23,108261,9246,335752,144.6,99015,5727027600.0,29.490516810026445,40000,USc,400,13.5007,10.2469
LIVE,2022-08-30,110038,8986,350765,143.825,101052,5813521559.999999,28.809031687882204,40000,USc,400,13.5007,10.2469
LIVE,2022-09-06,109824,9174,360862,150.875,100650,6074227500.0,27.89154856981339,40000,USc,400,13.5007,10.2469
LIVE,2022-09-13,113861,11635,364252,150.475,102226,6152982940.0,28.064636570286506,40000,USc,400,13.5007,10.2469
LIVE,2022-09-20,115821,13108,367904,151.0,102713,6203865200.0,27.918424371575195,40000,USc,400,13.5007,10.2469
LIVE,2022-09-27,112987,15335,359048,147.05,97652,5743890640.000001,27.197477774559392,40000,USc,400,13.5007,10.2469
LIVE,2022-10-04,104149,13327,345188,147.55,90822,5360314440.000001,26.310879868361585,40000,USc,400,13.5007,10.2469
LIVE,2022-10-11,104002,14005,320547,148.6,89997,5349421680.0,28.076069967898626,40000,USc,400,13.5007,10.2469
LIVE,2022-10-18,103888,16191,321153,149.825,87697,5255681209.999999,27.30692224578316,40000,USc,400,13.5007,10.2469
LIVE,2022-10-25,108948,17021,346666,153.275,91927,5636044370.0,26.51745484125931,40000,USc,400,13.5007,10.2469
LIVE,2022-11-01,107653,17680,357579,155.3,89973,5589122760.0,25.16171251667464,40000,USc,400,13.5007,10.2469
LIVE,2022-11-08,103052,17012,351835,154.725,86040,5325015600.0,24.45464493299416,40000,USc,400,13.5007,10.2469
LIVE,2022-11-15,107485,21149,348144,152.975,86336,5282899840.0,24.79893377453008,40000,USc,400,13.5007,10.2469
LIVE,2022-11-22,110763,22432,354749,156.325,88331,5523337430.0,24.89957688393766,40000,USc,400,13.5007,10.2469
LIVE,2022-11-29,109270,19816,354458,154.85,89454,5540780760.0,25.236840471931792,40000,USc,400,13.5007,10.2469
LIVE,2022-12-06,111247,20632,346671,153.5,90615,5563761000.0,26.13861557499762,40000,USc,400,13.5007,10.2469
LIVE,2022-12-13,111967,23477,354855,156.475,88490,5538589100.0,24.936946076566485,40000,USc,400,13.5007,10.2469
LIVE,2022-12-20,112993,26057,364005,155.6,86936,5410896640.0,23.883188417741515,40000,USc,400,13.5007,10.2469
LIVE,2022-12-27,112501,25745,386182,157.75,86756,5474303600.0,22.465055336602948,40000,USc,400,13.5007,10.2469
LIVE,2023-01-03,110582,27549,399393,160.975,83033,5346494870.0,20.789798519252965,40000,USc,400,12.5052,9.5723
LIVE,2023-01-10,101533,22176,385715,161.725,79357,5133604330.0,20.573998937039008,40000,USc,400,12.5052,9.5723
LIVE,2023-01-17,104891,28332,377719,160.175,76559,4905135130.0,20.26877122940599,40000,USc,400,12.5052,9.5723
LIVE,2023-01-24,100617,29522,380416,161.35,71095,4588471300.0,18.68875126177658,40000,USc,400,12.5052,9.5723
LIVE,2023-01-31,96958,26703,381520,162.95,70255,4579220900.0,18.414499895156215,40000,USc,400,12.5052,9.5723
LIVE,2023-02-07,93358,23746,377029,163.55,69612,4554017040.000001,18.463301231470258,40000,USc,400,12.5052,9.5723
LIVE,2023-02-14,94756,22994,392842,164.6,71762,4724810080.0,18.267395034135863,40000,USc,400,12.5052,9.5723
LIVE,2023-02-21,97566,22881,407364,165.025,74685,4929956850.0,18.333726102453827,40000,USc,400,12.5052,9.5723
LIVE,2023-02-28,103525,23634,439320,165.45,79891,5287186380.0,18.185149776927982,40000,USc,400,12.5052,9.5723
LIVE,2023-03-07,106759,22709,437250,160.55,84050,5397691000.000001,19.222412807318467,40000,USc,400,12.5052,9.5723
LIVE,2023-03-14,105738,25223,421743,157.975,80515,5087742850.0,19.091010402069507,40000,USc,400,12.5052,9.5723
LIVE,2023-03-21,100980,25551,396286,156.1,75429,4709786760.0,19.03398050902631,40000,USc,400,12.5052,9.5723
LIVE,2023-03-28,100251,25123,387092,158.8,75128,4772130560.0,19.40830603577444,40000,USc,400,12.5052,9.5723
LIVE,2023-04-04,103400,23532,418735,160.35,79868,5122733520.0,19.073638458691057,40000,USc,400,12.5052,9.5723
LIVE,2023-04-11,101539,20466,409926,163.95,81073,5316767340.0,19.7774720315374,40000,USc,400,12.5052,9.5723
LIVE,2023-04-18,104843,22342,420483,165.25,82501,5453316100.0,19.620531626724507,40000,USc,400,12.5052,9.5723
LIVE,2023-04-25,108865,22972,427739,164.05,85893,5636298660.0,20.080703419608685,40000,USc,400,12.5052,9.5723
LIVE,2023-05-02,111548,24542,426486,160.85,87006,5597966040.0,20.400669658558545,40000,USc,400,12.5052,9.5723
LIVE,2023-05-09,106016,19388,392985,161.5,86628,5596168800.0,22.043589449979006,40000,USc,400,12.5052,9.5723
LIVE,2023-05-16,106449,21507,397074,162.45,84942,5519531159.999999,21.39198235089681,40000,USc,400,12.5052,9.5723
LIVE,2023-05-23,106753,22031,406177,162.575,84722,5509471659.999999,20.858394246843126,40000,USc,400,12.5052,9.5723
LIVE,2023-05-30,105974,20411,411741,166.975,85563,5714752770.0,20.780782093597676,40000,USc,400,12.5052,9.5723
LIVE,2023-06-06,105103,23411,411844,175.625,81692,5738863000.0,19.83566593176057,40000,USc,400,12.5052,9.5723
LIVE,2023-06-13,105360,23149,425594,174.175,82211,5727640370.0,19.31676668374084,40000,USc,400,12.5052,9.5723
LIVE,2023-06-20,108244,22561,420823,169.675,85683,5815305210.0,20.36081678045164,40000,USc,400,12.5052,9.5723
LIVE,2023-06-27,109321,22387,420298,172.6,86934,6001923360.0,20.683895712089996,40000,USc,400,12.5052,9.5723
LIVE,2023-07-03,111298,24714,434623,179.275,86584,6208938640.0,19.921633231559305,40000,USc,400,12.5052,9.5723
LIVE,2023-07-11,106312,21944,436305,181.55,84368,6126804160.0,19.336931733535025,40000,USc,400,12.5052,9.5723
LIVE,2023-07-18,106511,23289,442818,183.65,83222,6113488120.0,18.793725638975832,40000,USc,400,12.5052,9.5723
LIVE,2023-07-25,105429,22960,427498,179.475,82469,5920449510.0,19.29108440273405,40000,USc,400,12.5052,9.5723
LIVE,2023-08-01,103872,20363,412918,181.875,83509,6075279750.0,20.224112293482,40000,USc,400,12.5052,9.5723
LIVE,2023-08-08,101520,18524,384197,181.025,82996,6009740360.0,21.602459155068885,40000,USc,400,12.5052,9.5723
LIVE,2023-08-15,102305,19067,384706,180.075,83238,5995633140.0,21.63678237407267,40000,USc,400,12.5052,9.5723
LIVE,2023-08-22,102069,19242,380986,178.575,82827,5916332609.999999,21.74016893009192,40000,USc,400,12.5052,9.5723
LIVE,2023-08-29,104070,20627,391959,181.45,83443,6056292940.0,21.288706216721646,40000,USc,400,12.5052,9.5723
LIVE,2023-09-05,101638,20272,391688,184.05,81366,5990164920.0,20.773166397745143,40000,USc,400,12.5052,9.5723
LIVE,2023-09-12,104342,19380,405254,188.35,84962,6401037080.0,20.965123107976726,40000,USc,400,12.5052,9.5723
LIVE,2023-09-19,110714,21728,415207,190.7,88986,6787852080.0,21.43171960010308,40000,USc,400,12.5052,9.5723
LIVE,2023-09-26,110670,21489,415833,188.525,89181,6725139210.000001,21.44634985679347,40000,USc,400,12.5052,9.5723
LIVE,2023-10-03,104840,17954,399821,185.85,86886,6459105240.0,21.731224723063573,40000,USc,400,12.5052,9.5723
LIVE,2023-10-10,100243,16764,366669,185.0,83479,6177446000.0,22.76685512001287,40000,USc,400,12.5052,9.5723
LIVE,2023-10-17,99244,17066,368987,186.75,82178,6138696600.0,22.271245328426204,40000,USc,400,12.5052,9.5723
LIVE,2023-10-24,96407,18620,380340,178.6,77787,5557103280.0,20.45196403218173,40000,USc,400,12.5052,9.5723
LIVE,2023-10-31,96572,18234,374775,183.6,78338,5753142720.0,20.90267493829631,40000,USc,400,12.5052,9.5723
LIVE,2023-11-07,96118,18348,393282,178.45,77770,5551222600.0,19.774614653098794,40000,USc,400,12.5052,9.5723
LIVE,2023-11-14,95839,18806,392912,176.6,77033,5441611120.0,19.605662336604635,40000,USc,400,12.5052,9.5723
LIVE,2023-11-21,95924,19582,397649,176.075,76342,5376767059.999999,19.198338232964247,40000,USc,400,12.5052,9.5723
LIVE,2023-11-28,94577,20371,397778,173.0,74206,5135055200.0,18.655129242944557,40000,USc,400,12.5052,9.5723
LIVE,2023-12-05,93140,16906,366918,168.625,76234,5141983300.0,20.77684932328204,40000,USc,400,12.5052,9.5723
LIVE,2023-12-12,95197,17852,370538,168.6,77345,5216146800.0,20.873702562220338,40000,USc,400,12.5052,9.5723
LIVE,2023-12-19,95954,19039,373829,168.75,76915,5191762500.0,20.57491526874587,40000,USc,400,12.5052,9.5723
LIVE,2023-12-26,93760,18229,374376,170.45,75531,5149703580.0,20.175171485351626,40000,USc,400,12.5052,9.5723
LIVE,2024-01-02,93324,19693,378657,174.325,73631,5134289630.0,19.445302741003072,40000,USc,400,15.1478,9.7072
LIVE,2024-01-09,88810,18991,374170,173.7,69819,4851024120.0,18.659700136301684,40000,USc,400,15.1478,9.7072
LIVE,2024-01-16,89620,19738,375863,175.1,69882,4894535280.0,18.59241266099616,40000,USc,400,15.1478,9.7072
LIVE,2024-01-23,88987,19551,376942,177.75,69436,4936899600.0,18.420871115450122,40000,USc,400,15.1478,9.7072
LIVE,2024-01-30,95212,18748,388943,181.675,76464,5556638880.0,19.659435958482348,40000,USc,400,15.1478,9.7072
LIVE,2024-02-06,96202,14731,358819,185.925,81471,6058998270.0,22.705319395015312,40000,USc,400,15.1478,9.7072
LIVE,2024-02-13,99711,14578,373141,184.975,85133,6298990670.0,22.815236063579185,40000,USc,400,15.1478,9.7072
LIVE,2024-02-20,99833,14582,376767,187.6,85251,6397235040.0,22.626981662406738,40000,USc,400,15.1478,9.7072
LIVE,2024-02-27,100109,15009,396702,187.95,85100,6397817999.999999,21.451870673704697,40000,USc,400,15.1478,9.7072
LIVE,2024-03-05,101242,16351,408092,183.3,84891,6224208120.0,20.80192701645707,40000,USc,400,15.1478,9.7072
LIVE,2024-03-12,98585,15883,406781,183.875,82702,6082732100.0,20.330841410980355,40000,USc,400,15.1478,9.7072
LIVE,2024-03-19,100328,18564,416928,184.875,81764,6046447800.0,19.611059943203625,40000,USc,400,15.1478,9.7072
LIVE,2024-03-26,102877,21482,422974,178.75,81395,5819742500.0,19.243499600448256,40000,USc,400,15.1478,9.7072
LIVE,2024-04-02,105656,22945,426281,176.375,82711,5835261050.0,19.402929053840072,40000,USc,400,15.1478,9.7072
LIVE,2024-04-09,103370,20578,380431,174.8,82792,5788816640.000001,21.76268495469612,40000,USc,400,15.1478,9.7072
LIVE,2024-04-16,102010,20392,373249,175.675,81618,5735296860.0,21.866903863104792,40000,USc,400,15.1478,9.7072
LIVE,2024-04-23,102243,19701,370429,177.2,82542,5850576959.999999,22.282812630760553,40000,USc,400,15.1478,9.7072
LIVE,2024-04-30,103600,21747,386627,175.175,81853,5735439710.0,21.17105116818018,40000,USc,400,15.1478,9.7072
LIVE,2024-05-07,102840,22780,367164,175.45,80060,5618610800.0,21.80496998616422,40000,USc,400,15.1478,9.7072
LIVE,2024-05-14,99991,20189,369102,176.225,79802,5625242980.0,21.620581844584965,40000,USc,400,15.1478,9.7072
LIVE,2024-05-21,102814,21073,373084,180.325,81741,5895978330.0,21.90954315918131,40000,USc,400,15.1478,9.7072
LIVE,2024-05-28,104600,21413,391190,181.625,83187,6043535550.0,21.26511413890948,40000,USc,400,15.1478,9.7072
LIVE,2024-06-04,103565,21908,395552,178.525,81657,5831126370.0,20.64380915783513,40000,USc,400,15.1478,9.7072
LIVE,2024-06-11,97833,19337,357678,178.875,78496,5616388800.0,21.94599611941467,40000,USc,400,15.1478,9.7072
LIVE,2024-06-18,99337,19975,372541,182.125,79362,5781521700.0,21.302890151688004,40000,USc,400,15.1478,9.7072
LIVE,2024-06-25,102970,20658,393105,184.375,82312,6070510000.0,20.938934890169296,40000,USc,400,15.1478,9.7072
LIVE,2024-07-02,107367,22632,422395,185.525,84735,6288184350.0,20.06060677801584,40000,USc,400,15.1478,9.7072
LIVE,2024-07-09,106604,20932,423358,183.525,85672,6289181520.0,20.236301191899056,40000,USc,400,15.1478,9.7072
LIVE,2024-07-16,106484,20806,426910,184.575,85678,6325606740.0,20.069335457122108,40000,USc,400,15.1478,9.7072
LIVE,2024-07-23,105630,20766,426701,186.175,84864,6319822080.0,19.888399605344258,40000,USc,400,15.1478,9.7072
LIVE,2024-07-30,104502,20655,435367,187.325,83847,6282655709.999999,19.25892408014388,40000,USc,400,15.1478,9.7072
LIVE,2024-08-06,101917,18412,391466,179.225,83505,5986473450.0,21.33135444712951,40000,USc,400,15.1478,9.7072
LIVE,2024-08-13,101305,18297,385984,181.05,83008,6011439360.0,21.50555463438899,40000,USc,400,15.1478,9.7072
LIVE,2024-08-20,105121,19741,403153,175.625,85380,5997945000.0,21.17806391121981,40000,USc,400,15.1478,9.7072
LIVE,2024-08-27,106282,19626,395519,179.175,86656,6210635520.0,21.909440507282834,40000,USc,400,15.1478,9.7072
LIVE,2024-09-03,106945,20394,404780,179.0,86551,6197051600.0,21.382232323731408,40000,USc,400,15.1478,9.7072
LIVE,2024-09-10,107199,21303,409971,176.375,85896,6059962800.0,20.9517258537799,40000,USc,400,15.1478,9.7072
LIVE,2024-09-17,107552,21766,401912,179.875,85786,6172302700.0,21.344473417066425,40000,USc,400,15.1478,9.7072
LIVE,2024-09-24,114423,22012,416528,184.325,92411,6813463030.0,22.18602350862367,40000,USc,400,15.1478,9.7072
LIVE,2024-10-01,115208,20438,434587,185.1,94770,7016770800.0,21.806910929227058,40000,USc,400,15.1478,9.7072
LIVE,2024-10-08,115118,18445,411493,187.9,96673,7265942680.0,23.493230747546132,40000,USc,400,15.1478,9.7072
LIVE,2024-10-15,117033,19342,423961,186.625,97691,7292633150.0,23.042449659284696,40000,USc,400,15.1478,9.7072
LIVE,2024-10-22,118206,20120,434853,188.075,98086,7379009780.0,22.556128162850435,40000,USc,400,15.1478,9.7072
LIVE,2024-10-29,119833,21170,459153,187.825,98663,7412551189.999999,21.488044290247476,40000,USc,400,15.1478,9.7072
LIVE,2024-11-05,122875,22699,465998,185.95,100176,7451090880.0,21.497087970334636,40000,USc,400,15.1478,9.7072
LIVE,2024-11-12,119409,20566,454410,186.175,98843,7360838210.000001,21.751942078739464,40000,USc,400,15.1478,9.7072
LIVE,2024-11-19,114769,21397,455954,187.975,93372,7020640680.0,20.478381591125423,40000,USc,400,15.1478,9.7072
LIVE,2024-11-26,116054,23067,468494,187.725,92987,6982393830.0,19.848066357306603,40000,USc,400,15.1478,9.7072
LIVE,2024-12-03,113625,23496,464856,189.075,90129,6816456270.0,19.388584852083227,40000,USc,400,15.1478,9.7072
LIVE,2024-12-10,109841,19315,432738,189.075,90526,6846481380.0,20.919355360518374,40000,USc,400,15.1478,9.7072
LIVE,2024-12-17,113005,19374,450482,189.675,93631,7103783970.0,20.784626244777815,40000,USc,400,15.1478,9.7072
LIVE,2024-12-24,112625,18914,449146,187.625,93711,7033010550.0,20.86426240019949,40000,USc,400,15.1478,9.7072
LIVE,2024-12-31,112761,20230,459241,191.6,92531,7091575839.999999,20.148680104781587,40000,USc,400,15.1478,9.7072
LIVE,2025-01-07,117454,21537,482233,197.875,95917,7591830550.0,19.890177569763996,40000,USc,400,17.9745,9.954
LIVE,2025-01-14,115960,19588,488381,198.125,96372,7637481000.0,19.732954394212715,40000,USc,400,17.9745,9.954
LIVE,2025-01-21,115069,19855,502569,197.525,95214,7522858140.000001,18.945458235585562,40000,USc,400,17.9745,9.954
LIVE,2025-01-28,118140,17194,543464,207.45,100946,8376499080.0,18.574551396228635,40000,USc,400,17.9745,9.954
LIVE,2025-02-04,114826,17487,544172,198.675,97339,7735530330.0,17.887542909227232,40000,USc,400,17.9745,9.954
LIVE,2025-02-11,114381,13932,484171,196.2,100449,7883237519.999999,20.74659572754254,40000,USc,400,17.9745,9.954
LIVE,2025-02-18,113855,14014,480869,194.2,99841,7755648880.0,20.762619341234306,40000,USc,400,17.9745,9.954
LIVE,2025-02-25,112102,14421,477308,195.7,97681,7646468680.0,20.464982778415614,40000,USc,400,17.9745,9.954
LIVE,2025-03-04,106930,13710,478470,190.125,93220,7089381000.0,19.482935189249066,40000,USc,400,17.9745,9.954
LIVE,2025-03-11,105360,11783,471668,196.025,93577,7337372570.0,19.839590559461314,40000,USc,400,17.9745,9.954
LIVE,2025-03-18,110515,14495,499041,201.025,96020,7720968200.0,19.240904053975523,40000,USc,400,17.9745,9.954
LIVE,2025-03-25,113879,15105,537085,202.575,98774,8003657219.999999,18.390757515104685,40000,USc,400,17.9745,9.954
LIVE,2025-04-01,112616,13511,547274,205.4,99105,8142466800.0,18.10884492959651,40000,USc,400,17.9745,9.954
LIVE,2025-04-08,103735,7228,471810,193.775,96507,7480257570.0,20.45463216125135,40000,USc,400,17.9745,9.954
LIVE,2025-04-15,98594,6481,437820,199.675,92113,7357065310.000001,21.039011465899225,40000,USc,400,17.9745,9.954
LIVE,2025-04-22,99968,7401,464387,206.575,92567,7648811209.999999,19.933159196962876,40000,USc,400,17.9745,9.954
LIVE,2025-04-29,102757,7776,499498,210.175,94981,7985052670.0,19.015291352517927,40000,USc,400,17.9745,9.954
LIVE,2025-05-06,105888,8983,527120,209.275,96905,8111917550.0,18.383859462740933,40000,USc,400,17.9745,9.954
LIVE,2025-05-13,105307,8409,533798,211.425,96898,8194663860.000001,18.15255958246378,40000,USc,400,17.9745,9.954
LIVE,2025-05-20,106916,8688,552411,207.8,98228,8164711360.000001,17.78168790990766,40000,USc,400,17.9745,9.954
LIVE,2025-05-27,107798,9007,565843,209.45,98791,8276709980.0,17.459083173247702,40000,USc,400,17.9745,9.954
LIVE,2025-06-03,106100,9069,574244,209.85,97031,8144782139.999999,16.897172630449774,40000,USc,400,17.9745,9.954
LIVE,2025-06-10,106577,8549,520139,218.025,98028,8549021880.0,18.846500646942452,40000,USc,400,17.9745,9.954
LIVE,2025-06-17,107337,7716,518679,210.35,99621,8382110939.999999,19.206676962051674,40000,USc,400,17.9745,9.954
LIVE,2025-06-24,108339,7988,527319,209.675,100351,8416438370.0,19.030416123826374,40000,USc,400,17.9745,9.954
LIVE,2025-07-01,108365,8504,525421,207.65,99861,8294454660.000001,19.005901933877787,40000,USc,400,17.9745,9.954
LIVE,2025-07-08,108237,8000,522969,216.75,100237,8690547900.0,19.166910466968407,40000,USc,400,17.9745,9.954
LIVE,2025-07-15,106148,5501,535724,219.275,100647,8827748370.0,18.787099327265533,40000,USc,400,17.9745,9.954
LIVE,2025-07-22,106652,6433,549947,221.025,100219,8860361790.0,18.223392435998377,40000,USc,400,17.9745,9.954
LIVE,2025-07-29,106177,6241,560009,226.275,99936,9045207360.0,17.845427484201146,40000,USc,400,17.9745,9.954
LIVE,2025-08-05,103999,5300,511308,227.6,98699,8985556960.0,19.30323797006892,40000,USc,400,17.9745,9.954
LIVE,2025-08-12,103723,4669,515604,229.25,99054,9083251800.0,19.211255149300626,40000,USc,400,17.9745,9.954
LIVE,2025-08-19,103918,5918,529257,231.3,98000,9066960000.0,18.516524108325445,40000,USc,400,17.9745,9.954
LIVE,2025-08-26,103963,6920,551154,238.125,97043,9243345750.0,17.607238630219506,40000,USc,400,17.9745,9.954
LIVE,2025-09-02,104197,8513,571295,241.1,95684,9227764960.0,16.748614988753623,40000,USc,400,17.9745,9.954
LIVE,2025-09-09,103271,8253,547703,231.2,95018,8787264640.0,17.348453450136297,40000,USc,400,17.9745,9.954
LIVE,2025-09-16,103300,8494,552234,235.2,94806,8919348480.0,17.167722378556917,40000,USc,400,17.9745,9.954
LIVE,2025-09-23,102143,7864,549364,238.9,94279,9009301240.0,17.16148127653068,40000,USc,400,17.9745,9.954
LIVE,2025-09-30,103539,7814,539732,234.8,95725,8990492000.0,17.735653991240095,40000,USc,400,17.9745,9.954
LIVE,2025-10-07,101498,8201,492113,237.8,93297,8874410640.0,18.958450599760624,40000,USc,400,17.9745,9.954
LIVE,2025-10-14,100827,8218,502856,246.6,92609,9134951760.0,18.41660435591899,40000,USc,400,17.9745,9.954
LIVE,2025-10-21,100496,8989,508879,245.425,91507,8983242190.0,17.982074324151714,40000,USc,400,17.9745,9.954
LIVE,2025-10-28,101131,9871,528900,226.925,91260,8283670200.0,17.25467952353942,40000,USc,400,17.9745,9.954
LIVE,2025-11-04,101929,10131,525008,224.9,91798,8258148080.0,17.485066894218754,40000,USc,400,17.9745,9.954
LIVE,2025-11-10,102432,10929,502426,226.95,91503,8306642339.999999,18.21223423947009,40000,USc,400,17.9745,9.954
LIVE,2025-11-18,101330,8515,510628,220.825,92815,8198348950.0,18.17663739552081,40000,USc,400,17.9745,9.954
LIVE,2025-11-25,101317,8702,544815,206.75,92615,7659260500.0,16.999348402668797,40000,USc,400,17.9745,9.954
LIVE,2025-12-02,99723,7832,512216,220.55,91891,8106624020.0,17.939892545332437,40000,USc,400,17.9745,9.954
LIVE,2025-12-09,99197,5422,443041,226.975,93775,8513832250.0,21.166212607862477,40000,USc,400,17.9745,9.954
LIVE,2025-12-16,99808,5564,446928,230.725,94244,8697778760.0,21.08706547810833,40000,USc,400,17.9745,9.954
LIVE,2025-12-23,101387,5757,453449,229.8,95630,8790309600.0,21.0894720244173,40000,USc,400,17.9745,9.954
LIVE,2025-12-30,101901,5998,454866,230.4,95903,8838420480.0,21.083791710086047,40000,USc,400,17.9745,9.954
LIVE,2026-01-06,103689,6456,445732,237.35,97233,9231301020.0,21.81422917807113,40000,USc,400,18.4448,10.7271
LIVE,2026-01-13,103554,6815,445879,238.95,96739,9246313620.0,21.696244945377558,40000,USc,400,18.4448,10.7271
LIVE,2026-01-20,104895,7100,453665,234.775,97795,9183928450.0,21.556655241202208,40000,USc,400,18.4448,10.7271
LIVE,2026-01-27,102355,7146,454434,237.4,95209,9041046640.0,20.951117213940858,40000,USc,400,18.4448,10.7271
LIVE,2026-02-03,98789,6695,464755,241.775,92094,8906410740.0,19.81560176867382,40000,USc,400,18.4448,10.7271
LIVE,2026-02-10,97174,5810,427229,237.45,91364,8677752720.0,21.385252405618534,40000,USc,400,18.4448,10.7271
LIVE,2026-02-17,97994,7584,435731,242.625,90410,8774290500.0,20.749040118788887,40000,USc,400,18.4448,10.7271
LIVE,2026-02-24,100155,8496,452607,239.175,91659,8769016530.0,20.251343881115407,40000,USc,400,18.4448,10.7271
LIVE,2026-03-03,99364,10129,459972,230.725,89235,8235498150.0,19.400093918760273,40000,USc,400,18.4448,10.7271
LIVE,2026-03-10,92513,8413,450974,230.2,84100,7743928000.0,18.64852519213968,40000,USc,400,18.4448,10.7271
LIVE,2026-03-17,89953,9077,444606,233.525,80876,7554627160.000001,18.190487757700076,40000,USc,400,18.4448,10.7271
LIVE,2026-03-24,86502,9294,443751,234.45,77208,7240566239.999999,17.398946706598974,40000,USc,400,18.4448,10.7271
LIVE,2026-03-31,86822,9941,450603,243.3,76881,7482058920.0,17.061803849508326,40000,USc,400,18.4448,10.7271
LIVE,2026-04-07,88746,9845,440941,245.55,78901,7749656220.0,17.893777172002604,40000,USc,400,18.4448,10.7271
LIVE,2026-04-14,88927,10304,447345,251.35,78623,7904756420.0,17.575473068884197,40000,USc,400,18.4448,10.7271
LIVE,2026-04-21,89801,10299,453174,243.5,79502,7743494800.0,17.543371861580763,40000,USc,400,18.4448,10.7271
LIVE,2026-04-28,90384,11449,473739,253.45,78935,8002430300.0,16.66212830271521,40000,USc,400,18.4448,10.7271
LIVE,2026-05-05,90191,12090,474894,248.175,78101,7753086270.0,16.445985841050845,40000,USc,400,18.4448,10.7271
LIVE,2026-05-12,89453,11794,480057,240.85,77659,7481668059.999999,16.177037310152752,40000,USc,400,18.4448,10.7271
LIVE,2026-05-19,91756,12173,491560,247.175,79583,7868371210.000001,16.18988526324355,40000,USc,400,18.4448,10.7271
LIVE,2026-05-26,94122,12589,484744,239.3,81533,7804338760.000001,16.81980591817537,40000,USc,400,18.4448,10.7271
LIVE,2026-06-02,89503,11484,482729,239.8,78019,7483582480.0,16.162070229880534,40000,USc,400,18.4448,10.7271
LIVE,2026-06-09,88041,9037,424383,239.7,79004,7574903520.0,18.616202816795205,40000,USc,400,18.4448,10.7271
LIVE,2026-06-16,89341,9081,431189,249.125,80260,7997909000.0,18.61364737968733,40000,USc,400,18.4448,10.7271
LIVE,2026-06-23,89103,9271,433340,246.05,79832,7857065440.000001,18.422485807910647,40000,USc,400,18.4448,10.7271
LIVE,2026-06-30,86759,10891,430431,242.25,75868,7351609200.0,17.626053885524044,40000,USc,400,18.4448,10.7271
LIVE,2026-07-07,81707,11721,423855,234.025,69986,6551389460.0,16.51177879227566,40000,USc,400,18.4448,10.7271
LIVE,2026-07-14,78523,10438,432767,227.75,68085,6202543500.0,15.732484223612245,40000,USc,400,18.4448,10.7271
LIVE,2026-07-21,78241,10757,443042,223.05,67484,6020922480.0,15.231964463865728,40000,USc,400,18.4448,10.7271
LIVE,2026-07-28,77978,10565,445137,221.775,67413,5980207230.0,15.144326353459721,40000,USc,400,18.4448,10.7271
LIVE,2026-08-04,78302,10018,427008,227.85,68284,6223403760.0,15.99126948441247,40000,USc,400,18.4448,10.7271
LIVE,2026-08-11,76665,6521,380363,226.25,70144,6348032000.0,18.4413310442919,40000,USc,400,18.4448,10.7271
LIVE,2026-08-18,76795,7099,406254,219.15,69696,6109551360.0,17.15576954319219,40000,USc,400,18.4448,10.7271
LIVE,2026-08-25,78048,9186,440731,210.825,68862,5807132459.999999,15.62449657500834,40000,USc,400,18.4448,10.7271
MEAL,2016-01-05,68279,12179,465827,266.2,56100,1493382000.0,12.043097544796673,100,USD,100,0.0,7.8962
MEAL,2016-01-12,67904,12252,464707,275.3,55652,1532099560.0000002,11.975718033083211,100,USD,100,0.0,7.8962
MEAL,2016-01-19,71583,15089,474896,273.3,56494,1543981020.0,11.896078299248677,100,USD,100,0.0,7.8962
MEAL,2016-01-26,73449,18592,475888,272.1,54857,1492658970.0,11.527292135964764,100,USD,100,0.0,7.8962
MEAL,2016-02-02,72883,16726,470699,276.6,56157,1553302620.0,11.930554345770863,100,USD,100,0.0,7.8962
MEAL,2016-02-09,74405,16698,490072,265.3,57707,1530966710.0000002,11.775208540785844,100,USD,100,0.0,7.8962
MEAL,2016-02-16,75458,16569,494216,266.6,58889,1569980740.0000002,11.915640124965602,100,USD,100,0.0,7.8962
MEAL,2016-02-23,73915,13986,461698,264.8,59929,1586919920.0,12.980129868442141,100,USD,100,0.0,7.8962
MEAL,2016-03-01,77703,13621,444548,261.6,64082,1676385120.0,14.415091283730892,100,USD,100,0.0,7.8962
MEAL,2016-03-08,75599,13649,421302,272.9,61950,1690615500.0,14.704416309440735,100,USD,100,0.0,7.8962
MEAL,2016-03-15,76734,14590,426711,271.0,62144,1684102400.0,14.563486762703562,100,USD,100,0.0,7.8962
MEAL,2016-03-22,79646,16657,432073,274.1,62989,1726528490.0000002,14.578323570322608,100,USD,100,0.0,7.8962
MEAL,2016-03-29,82905,18880,426004,276.0,64025,1767090000.0,15.02920160374081,100,USD,100,0.0,7.8962
MEAL,2016-04-05,86082,19794,434689,271.3,66288,1798393440.0000002,15.249523222349772,100,USD,100,0.0,7.8962
MEAL,2016-04-12,80870,17059,433292,288.4,63811,1840309239.9999998,14.727020115764889,100,USD,100,0.0,7.8962
MEAL,2016-04-19,80873,11905,445419,307.0,68968,2117317600.0,15.483847792752442,100,USD,100,0.0,7.8962
MEAL,2016-04-26,84640,12306,426439,326.3,72334,2360258420.0,16.962332244471074,100,USD,100,0.0,7.8962
MEAL,2016-05-03,90287,13160,424169,340.9,77127,2629259429.9999995,18.18308268638208,100,USD,100,0.0,7.8962
MEAL,2016-05-10,91468,15388,449673,359.7,76080,2736597600.0,16.918961111741197,100,USD,100,0.0,7.8962
MEAL,2016-05-17,92547,14926,467361,366.3,77621,2843257230.0,16.608360560680076,100,USD,100,0.0,7.8962
MEAL,2016-05-24,91400,11810,463115,376.6,79590,2997359400.0,17.185796184533,100,USD,100,0.0,7.8962
MEAL,2016-05-31,92108,11453,478491,384.6,80655,3101991300.0,16.856116415982747,100,USD,100,0.0,7.8962
MEAL,2016-06-07,93932,12412,486991,401.5,81520,3273028000.0,16.73952906727229,100,USD,100,0.0,7.8962
MEAL,2016-06-14,95584,15594,502512,406.1,79990,3248393900.0,15.918027828191168,100,USD,100,0.0,7.8962
MEAL,2016-06-21,92968,14096,506374,393.8,78872,3105979360.0,15.575839201854755,100,USD,100,0.0,7.8962
MEAL,2016-06-28,90457,12319,459444,393.5,78138,3074730300.0,17.00707812051088,100,USD,100,0.0,7.8962
MEAL,2016-07-05,92547,12331,455064,384.2,80216,3081898720.0,17.627410649930557,100,USD,100,0.0,7.8962
MEAL,2016-07-12,89381,11605,457297,378.5,77776,2943821600.0,17.00776519417359,100,USD,100,0.0,7.8962
MEAL,2016-07-19,90027,11016,455091,359.6,79011,2841235560.0,17.36158262852924,100,USD,100,0.0,7.8962
MEAL,2016-07-26,90384,11717,432075,341.1,78667,2683331370.0000005,18.20679280217555,100,USD,100,0.0,7.8962
MEAL,2016-08-02,93646,11562,428672,328.8,82084,2698921920.0,19.148439832785908,100,USD,100,0.0,7.8962
MEAL,2016-08-09,94238,12308,426012,336.7,81930,2758583100.0,19.23185262386975,100,USD,100,0.0,7.8962
MEAL,2016-08-16,93603,14019,429533,334.3,79584,2660493120.0,18.528029278309234,100,USD,100,0.0,7.8962
MEAL,2016-08-23,94925,14313,436911,330.2,80612,2661808240.0,18.450439563206235,100,USD,100,0.0,7.8962
MEAL,2016-08-30,92367,10844,403445,311.8,81523,2541887140.0,20.20671962721065,100,USD,100,0.0,7.8962
MEAL,2016-09-06,93498,10978,413149,311.7,82520,2572148400.0,19.973423631667995,100,USD,100,0.0,7.8962
MEAL,2016-09-13,95126,10670,420612,308.0,84456,2601244800.0,20.079313001055603,100,USD,100,0.0,7.8962
MEAL,2016-09-20,96634,11785,418845,312.5,84849,2651531250.0,20.25785195000537,100,USD,100,0.0,7.8962
MEAL,2016-09-27,98273,11632,420246,299.7,86641,2596630770.0,20.616734008176163,100,USD,100,0.0,7.8962
MEAL,2016-10-04,99369,14095,415688,306.3,85274,2611942620.0,20.513943149669945,100,USD,100,0.0,7.8962
MEAL,2016-10-11,95546,17377,423786,300.0,78169,2345070000.0,18.4453946095435,100,USD,100,0.0,7.8962
MEAL,2016-10-18,95552,18671,432765,304.2,76881,2338720020.0,17.765068801774635,100,USD,100,0.0,7.8962
MEAL,2016-10-25,95391,19277,431782,309.4,76114,2354967160.0,17.627877030538556,100,USD,100,0.0,7.8962
MEAL,2016-11-01,98509,18660,419025,310.8,79849,2481706920.0,19.05590358570491,100,USD,100,0.0,7.8962
MEAL,2016-11-08,97347,14914,423426,317.1,82433,2613950430.0,19.468100683472436,100,USD,100,0.0,7.8962
MEAL,2016-11-15,101694,14596,432977,313.0,87098,2726167400.0,20.11608006891821,100,USD,100,0.0,7.8962
MEAL,2016-11-22,102291,12434,433800,327.9,89857,2946411029.9999995,20.7139234670355,100,USD,100,0.0,7.8962
MEAL,2016-11-29,103084,13662,398503,324.8,89422,2904426560.0,22.43947975297551,100,USD,100,0.0,7.8962
MEAL,2016-12-06,101624,14450,393308,321.9,87174,2806131060.0,22.16430888769107,100,USD,100,0.0,7.8962
MEAL,2016-12-13,98597,10517,393368,314.7,88080,2771877600.0,22.39124687315694,100,USD,100,0.0,7.8962
MEAL,2016-12-20,99476,12436,391720,312.8,87040,2722611200.0,22.21995302767283,100,USD,100,0.0,7.8962
MEAL,2016-12-27,98095,13008,369594,321.3,85087,2733845310.0,23.021748188552845,100,USD,100,0.0,7.8962
MEAL,2017-01-03,96845,10981,358540,312.3,85864,2681532720.0,23.94823450661014,100,USD,100,0.0,7.8962
MEAL,2017-01-10,100584,10260,369716,317.4,90324,2866883760.0,24.430644061928618,100,USD,100,0.0,7.8962
MEAL,2017-01-17,102348,9117,393045,350.1,93231,3264017310.0,23.720184711674236,100,USD,100,0.0,7.8962
MEAL,2017-01-24,113715,23883,419352,345.9,89832,3107288879.9999995,21.421621930979224,100,USD,100,0.0,7.8962
MEAL,2017-01-31,114251,23521,417232,337.8,90730,3064859400.0,21.74569544042643,100,USD,100,0.0,7.8962
MEAL,2017-02-07,117898,22121,419089,339.2,95777,3248755840.0,22.853618205202235,100,USD,100,0.0,7.8962
MEAL,2017-02-14,117078,24588,429046,344.0,92490,3181656000.0,21.557129072407154,100,USD,100,0.0,7.8962
MEAL,2017-02-21,121578,26968,431632,341.8,94610,3233769800.0,21.919134818549136,100,USD,100,0.0,7.8962
MEAL,2017-02-28,118553,23979,405369,335.9,94574,3176740660.0,23.33034839861953,100,USD,100,0.0,7.8962
MEAL,2017-03-07,116599,23175,399907,331.8,93424,3099808320.0,23.361431532831382,100,USD,100,0.0,7.8962
MEAL,2017-03-14,113891,20401,394206,327.1,93490,3058057900.0000005,23.716026645966828,100,USD,100,0.0,7.8962
MEAL,2017-03-21,116042,20339,406913,329.3,95703,3151499790.0,23.51927807664046,100,USD,100,0.0,7.8962
MEAL,2017-03-28,106563,11476,407274,318.5,95087,3028520950.0,23.347181504343514,100,USD,100,0.0,7.8962
MEAL,2017-04-04,107700,10494,420501,311.6,97206,3028938960.0,23.11671078071158,100,USD,100,0.0,7.8962
MEAL,2017-04-11,102415,10185,430439,314.4,92230,2899711199.9999995,21.426961776233103,100,USD,100,0.0,7.8962
MEAL,2017-04-18,103611,12684,419844,316.2,90927,2875111740.0,21.657329865378568,100,USD,100,0.0,7.8962
MEAL,2017-04-25,95788,10875,394527,318.2,84913,2701931660.0,21.5227348191632,100,USD,100,0.0,7.8962
MEAL,2017-05-02,96848,14072,401680,315.1,82776,2608271760.0,20.60744871539534,100,USD,100,0.0,7.8962
MEAL,2017-05-09,99790,16453,401778,318.3,83337,2652616710.0,20.742051580723682,100,USD,100,0.0,7.8962
MEAL,2017-05-16,96791,17321,407460,317.7,79470,2524761900.0,19.503754969812988,100,USD,100,0.0,7.8962
MEAL,2017-05-23,99463,23954,435533,307.8,75509,2324167020.0,17.33714781658336,100,USD,100,0.0,7.8962
MEAL,2017-05-30,102760,27013,449312,298.7,75747,2262562890.0,16.858441350331173,100,USD,100,0.0,7.8962
MEAL,2017-06-06,98844,30652,456565,303.4,68192,2068945279.9999998,14.935879885667976,100,USD,100,0.0,7.8962
MEAL,2017-06-13,88513,23606,454939,303.3,64907,1968629310.0000002,14.267187469089263,100,USD,100,0.0,7.8962
MEAL,2017-06-20,87023,25398,445273,303.3,61625,1869086250.0,13.839824107906834,100,USD,100,0.0,7.8962
MEAL,2017-06-27,86295,18967,417171,296.0,67328,1992908800.0,16.13918513031826,100,USD,100,0.0,7.8962
MEAL,2017-07-03,87471,21428,404873,314.6,66043,2077712780.0,16.31202871023753,100,USD,100,0.0,7.8962
MEAL,2017-07-11,89938,16087,400066,338.1,73851,2496902310.0,18.459704148815444,100,USD,100,0.0,7.8962
MEAL,2017-07-18,89842,15214,398978,325.5,74628,2429141400.0,18.704790740341572,100,USD,100,0.0,7.8962
MEAL,2017-07-25,93148,15642,382672,320.1,77506,2480967060.0,20.253898900363758,100,USD,100,0.0,7.8962
MEAL,2017-08-01,92901,18710,379853,309.9,74191,2299179090.0,19.531502976151298,100,USD,100,0.0,7.8962
MEAL,2017-08-08,94326,22646,387970,309.2,71680,2216345600.0,18.475655334175322,100,USD,100,0.0,7.8962
MEAL,2017-08-15,94786,24118,406823,297.2,70668,2100252959.9999998,17.37069929674576,100,USD,100,0.0,7.8962
MEAL,2017-08-22,93983,26948,427563,296.6,67035,1988258100.0,15.678391254622126,100,USD,100,0.0,7.8962
MEAL,2017-08-29,92962,27934,420490,296.3,65028,1926779640.0000002,15.464814858855144,100,USD,100,0.0,7.8962
MEAL,2017-09-05,93633,28307,422614,305.1,65326,1993096260.0000002,15.457604338710976,100,USD,100,0.0,7.8962
MEAL,2017-09-12,94593,23352,424870,296.5,71241,2112295650.0,16.767717184079835,100,USD,100,0.0,7.8962
MEAL,2017-09-19,99827,23702,415551,309.1,76125,2353023750.0,18.319051091201803,100,USD,100,0.0,7.8962
MEAL,2017-09-26,104412,23556,402229,313.3,80856,2533218480.0,20.101981706938087,100,USD,100,0.0,7.8962
MEAL,2017-10-03,104384,24807,397951,312.1,79577,2483598170.0000005,19.996683008712125,100,USD,100,0.0,7.8962
MEAL,2017-10-10,95163,16126,396958,316.4,79037,2500730679.9999995,19.910670650295497,100,USD,100,0.0,7.8962
MEAL,2017-10-17,100330,21693,416353,324.0,78637,2547838800.0,18.887098207530627,100,USD,100,0.0,7.8962
MEAL,2017-10-24,105577,24484,425560,317.4,81093,2573891820.0,19.055597330576184,100,USD,100,0.0,7.8962
MEAL,2017-10-31,106546,24031,426242,314.1,82515,2591796150.0000005,19.358721102096933,100,USD,100,0.0,7.8962
MEAL,2017-11-07,107464,21990,425540,318.2,85474,2719782680.0,20.08600836584105,100,USD,100,0.0,7.8962
MEAL,2017-11-14,105110,22568,437493,312.6,82542,2580262920.0000005,18.867044729858534,100,USD,100,0.0,7.8962
MEAL,2017-11-21,106759,22759,442489,320.6,84000,2693040000.0000005,18.98352275423796,100,USD,100,0.0,7.8962
MEAL,2017-11-28,108643,20095,439901,326.9,88548,2894634120.0,20.129074496307123,100,USD,100,0.0,7.8962
MEAL,2017-12-05,113374,20227,475596,343.1,93147,3195873570.0000005,19.585320313879848,100,USD,100,0.0,7.8962
MEAL,2017-12-12,111159,12980,456741,324.2,98179,3182963180.0,21.495552183841607,100,USD,100,0.0,7.8962
MEAL,2017-12-19,109443,15664,445181,319.2,93779,2993425680.0,21.06536442480699,100,USD,100,0.0,7.8962
MEAL,2017-12-26,107794,17070,425347,319.1,90724,2895002840.0,21.329408694548217,100,USD,100,0.0,7.8962
MEAL,2018-01-02,106698,18590,414796,318.2,88108,2803596560.0,21.241284872563863,100,USD,100,0.0,8.3347
MEAL,2018-01-09,105393,15623,418712,318.0,89770,2854686000.0,21.439557500143298,100,USD,100,0.0,8.3347
MEAL,2018-01-16,107082,16098,428531,325.9,90984,2965168560.0,21.23160284786865,100,USD,100,0.0,8.3347
MEAL,2018-01-23,110257,15974,457462,342.2,94283,3226364260.0,20.61001788126664,100,USD,100,0.0,8.3347
MEAL,2018-01-30,112866,17442,469396,343.8,95424,3280677120.0,20.329103784437873,100,USD,100,0.0,8.3347
MEAL,2018-02-06,115354,18439,492316,336.5,96915,3261189750.0,19.68552718172881,100,USD,100,0.0,8.3347
MEAL,2018-02-13,117059,14261,539075,365.3,102798,3755210940.0,19.069331725641145,100,USD,100,0.0,8.3347
MEAL,2018-02-20,113071,12388,557582,378.0,100683,3805817400.0,18.057075013181915,100,USD,100,0.0,8.3347
MEAL,2018-02-27,111524,15522,508077,390.0,96002,3744078000.0,18.89516746477404,100,USD,100,0.0,8.3347
MEAL,2018-03-06,111963,15797,510861,387.9,96166,3730279140.0,18.824298586112466,100,USD,100,0.0,8.3347
MEAL,2018-03-13,116460,18626,512779,376.0,97834,3678558400.0,19.07917445917247,100,USD,100,0.0,8.3347
MEAL,2018-03-20,115591,18703,507869,363.5,96888,3521878800.0,19.077360500444012,100,USD,100,0.0,8.3347
MEAL,2018-03-27,122203,26558,517981,374.4,95645,3580948800.0,18.46496300057338,100,USD,100,0.0,8.3347
MEAL,2018-04-03,118739,23334,534398,382.5,95405,3649241250.0,17.8527988502951,100,USD,100,0.0,8.3347
MEAL,2018-04-10,111441,20219,570068,388.0,91222,3539413600.0,16.001950644484516,100,USD,100,0.0,8.3347
MEAL,2018-04-17,113559,25701,588589,385.3,87858,3385168740.0,14.926884464371573,100,USD,100,0.0,8.3347
MEAL,2018-04-24,107734,21609,556334,376.0,86125,3238300000.0,15.48080829142206,100,USD,100,0.0,8.3347
MEAL,2018-05-01,104967,15791,587565,404.1,89176,3603602160.0,15.17721443584965,100,USD,100,0.0,8.3347
MEAL,2018-05-08,105224,17135,580661,385.8,88089,3398473620.0000005,15.170469516637075,100,USD,100,0.0,8.3347
MEAL,2018-05-15,108503,18188,588612,379.2,90315,3424744800.0,15.343723879227742,100,USD,100,0.0,8.3347
MEAL,2018-05-22,107986,17930,584648,378.0,90056,3404116800.0,15.40345643874605,100,USD,100,0.0,8.3347
MEAL,2018-05-29,114734,24478,591836,380.7,90256,3436045919.9999995,15.250170655384263,100,USD,100,0.0,8.3347
MEAL,2018-06-05,116270,25299,578191,369.2,90971,3358649319.9999995,15.733728127902372,100,USD,100,0.0,8.3347
MEAL,2018-06-12,116337,28792,580300,355.1,87545,3108722950.0000005,15.086162329829397,100,USD,100,0.0,8.3347
MEAL,2018-06-19,124138,34865,594016,337.3,89273,3011178290.0,15.02871976512417,100,USD,100,0.0,8.3347
MEAL,2018-06-26,116786,25548,545769,332.1,91238,3030013980.0,16.71732912642528,100,USD,100,0.0,8.3347
MEAL,2018-07-03,121950,34883,565599,326.5,87067,2842737550.0,15.393768376535318,100,USD,100,0.0,8.3347
MEAL,2018-07-10,124333,36320,573033,333.0,88013,2930832900.0,15.359150345617092,100,USD,100,0.0,8.3347
MEAL,2018-07-17,128116,37913,585171,328.1,90203,2959560430.0,15.414810371669136,100,USD,100,0.0,8.3347
MEAL,2018-07-24,126880,36455,584459,328.1,90425,2966844250.0000005,15.471572856265366,100,USD,100,0.0,8.3347
MEAL,2018-07-31,122078,33809,569042,340.0,88269,3001146000.0,15.511860284478123,100,USD,100,0.0,8.3347
MEAL,2018-08-07,118741,30920,559065,330.9,87821,2905996890.0,15.708549095364582,100,USD,100,0.0,8.3347
MEAL,2018-08-14,116985,26629,571753,336.2,90356,3037768720.0,15.803327660720626,100,USD,100,0.0,8.3347
MEAL,2018-08-21,116340,29369,556148,325.6,86971,2831775760.0,15.638103526399446,100,USD,100,0.0,8.3347
MEAL,2018-08-28,114403,32460,563031,302.4,81943,2477956320.0,14.553905557598071,100,USD,100,0.0,8.3347
MEAL,2018-09-04,113314,33156,576598,309.3,80158,2479286940.0,13.901886583026648,100,USD,100,0.0,8.3347
MEAL,2018-09-11,114249,32360,583032,314.2,81889,2572952380.0,14.04536972241661,100,USD,100,0.0,8.3347
MEAL,2018-09-18,118153,35405,591453,304.0,82748,2515539200.0,13.990629855626736,100,USD,100,0.0,8.3347
MEAL,2018-09-25,116859,35975,566081,309.9,80884,2506595160.0,14.288414555514139,100,USD,100,0.0,8.3347
MEAL,2018-10-02,117509,36576,566182,315.1,80933,2550198830.0,14.294520136634508,100,USD,100,0.0,8.3347
MEAL,2018-10-09,113666,34113,572200,317.5,79553,2525807750.0,13.90300594197833,100,USD,100,0.0,8.3347
MEAL,2018-10-16,120097,32645,581835,323.8,87452,2831695760.0,15.030378028135125,100,USD,100,0.0,8.3347
MEAL,2018-10-23,124631,34081,581101,312.8,90550,2832404000.0,15.582489102582855,100,USD,100,0.0,8.3347
MEAL,2018-10-30,128984,42573,593252,307.3,86411,2655410030.0,14.56564832482655,100,USD,100,0.0,8.3347
MEAL,2018-11-06,124077,42927,568861,313.5,81150,2544052500.0,14.26534777388501,100,USD,100,0.0,8.3347
MEAL,2018-11-13,116140,41453,559928,305.6,74687,2282434720.0000005,13.33867925876184,100,USD,100,0.0,8.3347
MEAL,2018-11-20,117721,41811,554804,309.6,75910,2350173600.0,13.682309428194461,100,USD,100,0.0,8.3347
MEAL,2018-11-27,116521,42479,511839,307.7,74042,2278272340.0,14.465876965217578,100,USD,100,0.0,8.3347
MEAL,2018-12-04,116274,34323,497877,314.2,81951,2574900420.0,16.460089540187635,100,USD,100,0.0,8.3347
MEAL,2018-12-11,111799,28851,488389,311.1,82948,2580512280.0,16.98400250619895,100,USD,100,0.0,8.3347
MEAL,2018-12-18,109748,25912,470693,314.7,83836,2638318920.0,17.81118478498724,100,USD,100,0.0,8.3347
MEAL,2018-12-24,106288,23027,462030,311.8,83261,2596077980.0,18.02069129710192,100,USD,100,0.0,8.3347
MEAL,2018-12-31,105634,22184,453318,310.0,83450,2586950000.0,18.408710882868096,100,USD,100,0.0,8.3347
MEAL,2019-01-08,109894,21673,475402,321.4,88221,2835422940.0,18.557136907291092,100,USD,100,0.0,9.5951
MEAL,2019-01-15,113874,25024,478760,313.3,88850,2783670500.0,18.558359094327013,100,USD,100,0.0,9.5951
MEAL,2019-01-22,116376,29952,487546,316.9,86424,2738776560.0,17.726327361930977,100,USD,100,0.0,9.5951
MEAL,2019-01-29,121198,36006,494047,315.7,85192,2689511440.0,17.243703534279128,100,USD,100,0.0,9.5951
MEAL,2019-02-05,113944,36104,499270,313.3,77840,2438727200.0,15.590762513269373,100,USD,100,0.0,9.5951
MEAL,2019-02-12,104950,29966,498296,313.4,74984,2349998560.0,15.048083869828375,100,USD,100,0.0,9.5951
MEAL,2019-02-19,104677,29254,499100,309.8,75423,2336604540.0,15.111801242236025,100,USD,100,0.0,9.5951
MEAL,2019-02-26,103609,38135,475375,307.3,65474,2012016020.0,13.77312647909545,100,USD,100,0.0,9.5951
MEAL,2019-03-05,104541,42484,472620,309.9,62057,1923146429.9999998,13.130421903431932,100,USD,100,0.0,9.5951
MEAL,2019-03-12,104620,45348,486153,302.7,59272,1794163439.9999998,12.192046536789858,100,USD,100,0.0,9.5951
MEAL,2019-03-19,104697,44630,484657,313.8,60067,1884902460.0000002,12.393713492222334,100,USD,100,0.0,9.5951
MEAL,2019-03-26,107564,44557,488264,314.5,63007,1981570150.0,12.904289482738845,100,USD,100,0.0,9.5951
MEAL,2019-04-02,110675,46550,486026,314.0,64125,2013525000.0,13.193738606576602,100,USD,100,0.0,9.5951
MEAL,2019-04-09,99903,35830,477077,312.8,64073,2004203440.0000002,13.430326760669661,100,USD,100,0.0,9.5951
MEAL,2019-04-16,102442,37962,477608,309.9,64480,1998235200.0,13.500611380043887,100,USD,100,0.0,9.5951
MEAL,2019-04-23,104761,40855,482766,304.7,63906,1947215820.0,13.237469084401138,100,USD,100,0.0,9.5951
MEAL,2019-04-30,105556,38469,491543,300.1,67087,2013280870.0000002,13.648246440291084,100,USD,100,0.0,9.5951
MEAL,2019-05-07,104507,40438,515579,293.8,64069,1882347220.0,12.42661163468644,100,USD,100,0.0,9.5951
MEAL,2019-05-14,108160,42313,535203,296.8,65847,1954338960.0000002,12.303182157050689,100,USD,100,0.0,9.5951
MEAL,2019-05-21,109893,46183,543303,296.3,63710,1887727300.0,11.726421536417064,100,USD,100,0.0,9.5951
MEAL,2019-05-28,111165,45390,537445,313.4,65775,2061388500.0,12.238461610025212,100,USD,100,0.0,9.5951
MEAL,2019-06-04,110737,44204,529467,321.8,66533,2141031940.0000002,12.566033388294265,100,USD,100,0.0,9.5951
MEAL,2019-06-11,106483,35941,523342,314.1,70542,2215724220.0000005,13.479139835900808,100,USD,100,0.0,9.5951
MEAL,2019-06-18,103872,31647,537428,322.6,72225,2329978500.0,13.439009504528979,100,USD,100,0.0,9.5951
MEAL,2019-06-25,101435,33652,492270,316.4,67783,2144654120.0,13.769476100513945,100,USD,100,0.0,9.5951
MEAL,2019-07-02,100413,34921,467675,305.7,65492,2002090439.9999998,14.003741914791254,100,USD,100,0.0,9.5951
MEAL,2019-07-09,99097,37491,471835,308.9,61606,1903009339.9999998,13.056682950607733,100,USD,100,0.0,9.5951
MEAL,2019-07-16,100337,38725,476053,310.0,61612,1909972000.0,12.942256429431175,100,USD,100,0.0,9.5951
MEAL,2019-07-23,99344,39324,484809,307.9,60020,1848015800.0,12.380133207098053,100,USD,100,0.0,9.5951
MEAL,2019-07-30,97726,36896,455791,302.3,60830,1838890900.0,13.346029210756685,100,USD,100,0.0,9.5951
MEAL,2019-08-06,98694,36156,475751,297.3,62538,1859254740.0000002,13.145111623517344,100,USD,100,0.0,9.5951
MEAL,2019-08-13,98351,34002,476971,299.4,64349,1926609059.9999998,13.491176612414591,100,USD,100,0.0,9.5951
MEAL,2019-08-20,100565,36159,481674,295.9,64406,1905773539.9999998,13.371284312626383,100,USD,100,0.0,9.5951
MEAL,2019-08-27,100907,33979,474296,293.2,66928,1962328959.9999998,14.11101927909997,100,USD,100,0.0,9.5951
MEAL,2019-09-03,100595,33232,469818,290.5,67363,1956895150.0,14.338105394003636,100,USD,100,0.0,9.5951
MEAL,2019-09-10,97797,31760,476748,294.1,66037,1942148170.0000002,13.85155260221333,100,USD,100,0.0,9.5951
MEAL,2019-09-17,98084,35632,474927,297.9,62452,1860445079.9999998,13.149810391912862,100,USD,100,0.0,9.5951
MEAL,2019-09-24,96117,34951,465286,299.1,61166,1829475060.0000002,13.145893063621084,100,USD,100,0.0,9.5951
MEAL,2019-10-01,95988,35988,446938,308.7,60000,1852200000.0,13.424680828213308,100,USD,100,0.0,9.5951
MEAL,2019-10-08,100748,33883,445811,306.4,66865,2048743600.0,14.99850833649237,100,USD,100,0.0,9.5951
MEAL,2019-10-15,105447,33866,453518,310.2,71581,2220442620.0,15.783497016656451,100,USD,100,0.0,9.5951
MEAL,2019-10-22,108395,36667,450469,309.7,71728,2221416160.0,15.922960292495155,100,USD,100,0.0,9.5951
MEAL,2019-10-29,112478,40701,451719,305.5,71777,2192787350.0,15.889745616190595,100,USD,100,0.0,9.5951
MEAL,2019-11-05,117693,43215,470113,305.1,74478,2272323780.0,15.84257401943788,100,USD,100,0.0,9.5951
MEAL,2019-11-12,117749,37662,454812,304.0,80087,2434644800.0,17.60881419135819,100,USD,100,0.0,9.5951
MEAL,2019-11-19,113667,34692,454624,304.0,78975,2400840000.0,17.371498205110157,100,USD,100,0.0,9.5951
MEAL,2019-11-26,118469,40616,446390,297.1,77853,2313012630.0,17.44057886601402,100,USD,100,0.0,9.5951
MEAL,2019-12-03,120449,36025,463884,295.0,84424,2490508000.0,18.199377430564535,100,USD,100,0.0,9.5951
MEAL,2019-12-10,114178,32089,477057,298.4,82089,2449535760.0,17.207377734736102,100,USD,100,0.0,9.5951
MEAL,2019-12-17,119568,34280,489233,306.0,85288,2609812800.0,17.433002270901596,100,USD,100,0.0,9.5951
MEAL,2019-12-24,122615,31014,482739,306.2,91601,2804822620.0,18.975264066089544,100,USD,100,0.0,9.5951
MEAL,2019-12-31,122153,28080,454476,305.0,94073,2869226500.0,20.69922284125014,100,USD,100,0.0,9.5951
MEAL,2020-01-07,128710,32456,469191,301.6,96254,2903020640.0,20.514886261671688,100,USD,100,0.0,9.3597
MEAL,2020-01-14,135087,32530,489872,302.0,102557,3097221400.0,20.935468857170854,100,USD,100,0.0,9.3597
MEAL,2020-01-21,135080,33676,500274,303.5,101404,3077611400.0,20.26969220866965,100,USD,100,0.0,9.3597
MEAL,2020-01-28,135009,36034,512178,301.8,98975,2987065500.0,19.32433646115218,100,USD,100,0.0,9.3597
MEAL,2020-02-04,130108,37241,530653,293.8,92867,2728432460.0,17.500513518250155,100,USD,100,0.0,9.3597
MEAL,2020-02-11,126828,42433,535353,296.6,84395,2503155700.0000005,15.764364820968593,100,USD,100,0.0,9.3597
MEAL,2020-02-18,128496,39684,538260,297.5,88812,2642157000.0,16.49983279456025,100,USD,100,0.0,9.3597
MEAL,2020-02-25,128558,35699,530638,293.0,92859,2720768700.0,17.499500601163128,100,USD,100,0.0,9.3597
MEAL,2020-03-03,130402,32820,481543,310.3,97582,3027969460.0,20.264441597115937,100,USD,100,0.0,9.3597
MEAL,2020-03-10,127311,32744,485172,302.6,94567,2861597420.0000005,19.491438087935826,100,USD,100,0.0,9.3597
MEAL,2020-03-17,120882,31788,462122,296.5,89094,2641637100.0,19.27932450738117,100,USD,100,0.0,9.3597
MEAL,2020-03-24,119762,25792,454698,323.2,93970,3037110400.0,20.66646433456932,100,USD,100,0.0,9.3597
MEAL,2020-03-31,118733,26682,439265,318.3,92051,2929983330.0,20.955687341354306,100,USD,100,0.0,9.3597
MEAL,2020-04-07,112896,24081,439783,297.9,88815,2645798849.9999995,20.19518717185521,100,USD,100,0.0,9.3597
MEAL,2020-04-14,114096,28425,452826,293.8,85671,2517013980.0,18.919187502484398,100,USD,100,0.0,9.3597
MEAL,2020-04-21,113349,28313,454460,294.1,85036,2500908760.0,18.711437750297055,100,USD,100,0.0,9.3597
MEAL,2020-04-28,109913,26991,449720,287.7,82922,2385665940.0,18.438584007827092,100,USD,100,0.0,9.3597
MEAL,2020-05-05,109402,25654,459415,289.1,83748,2421154680.0,18.22926983228671,100,USD,100,0.0,9.3597
MEAL,2020-05-12,110202,30832,479565,292.5,79370,2321572500.0,16.55041548069605,100,USD,100,0.0,9.3597
MEAL,2020-05-19,108652,33165,489652,286.2,75487,2160437940.0,15.416459036213473,100,USD,100,0.0,9.3597
MEAL,2020-05-26,108402,34205,495460,286.1,74197,2122776170.0000002,14.975376417874298,100,USD,100,0.0,9.3597
MEAL,2020-06-02,111783,41460,503208,285.9,70323,2010534570.0,13.974936805456192,100,USD,100,0.0,9.3597
MEAL,2020-06-09,104255,37839,494752,289.6,66416,1923407360.0000002,13.424099346743418,100,USD,100,0.0,9.3597
MEAL,2020-06-16,105340,41548,498341,290.0,63792,1849968000.0,12.800873297601441,100,USD,100,0.0,9.3597
MEAL,2020-06-23,103894,40856,502157,288.1,63038,1816124780.0,12.553444440682892,100,USD,100,0.0,9.3597
MEAL,2020-06-30,102251,35935,480264,289.3,66316,1918521880.0,13.808238801992237,100,USD,100,0.0,9.3597
MEAL,2020-07-07,104465,33532,475449,295.1,70933,2093232830.0,14.919160625009201,100,USD,100,0.0,9.3597
MEAL,2020-07-14,101940,34335,463141,285.3,67605,1928770650.0,14.59706655208673,100,USD,100,0.0,9.3597
MEAL,2020-07-21,101702,34860,473404,288.7,66842,1929728539.9999998,14.119441322844759,100,USD,100,0.0,9.3597
MEAL,2020-07-28,104203,34099,466434,291.9,70104,2046335759.9999998,15.029779132739037,100,USD,100,0.0,9.3597
MEAL,2020-08-04,112004,32509,476417,285.5,79495,2269582250.0,16.686012463870938,100,USD,100,0.0,9.3597
MEAL,2020-08-11,108934,28757,491275,284.3,80177,2279432110.0,16.32018726782352,100,USD,100,0.0,9.3597
MEAL,2020-08-18,109433,23909,490048,298.2,85524,2550325680.0,17.452167950894605,100,USD,100,0.0,9.3597
MEAL,2020-08-25,107813,22498,483723,294.5,85315,2512526750.0,17.637160110228375,100,USD,100,0.0,9.3597
MEAL,2020-09-01,106649,22118,491520,305.1,84531,2579040810.0,17.1978759765625,100,USD,100,0.0,9.3597
MEAL,2020-09-08,106699,23536,501873,309.5,83163,2573894850.0,16.570526806582542,100,USD,100,0.0,9.3597
MEAL,2020-09-15,110564,25612,510033,319.2,84952,2711667840.0,16.65617714932171,100,USD,100,0.0,9.3597
MEAL,2020-09-22,117912,28004,539843,340.9,89908,3064963720.0,16.654471763086676,100,USD,100,0.0,9.3597
MEAL,2020-09-29,119981,23922,499034,331.8,96059,3187237620.0,19.248989046838492,100,USD,100,0.0,9.3597
MEAL,2020-10-06,127515,24325,526287,355.4,103190,3667372600.0,19.607172512336422,100,USD,100,0.0,9.3597
MEAL,2020-10-13,123770,19690,518135,355.5,104080,3700044000.0,20.087428951914077,100,USD,100,0.0,9.3597
MEAL,2020-10-20,126569,19757,522739,367.3,106812,3923204760.0,20.433141586910487,100,USD,100,0.0,9.3597
MEAL,2020-10-27,126744,19615,532715,377.6,107129,4045191040.0000005,20.110002534188073,100,USD,100,0.0,9.3597
MEAL,2020-11-03,127147,22329,531000,371.5,104818,3893988700.0,19.739736346516008,100,USD,100,0.0,9.3597
MEAL,2020-11-10,124850,24034,547724,394.3,100816,3975174880.0000005,18.406350643754884,100,USD,100,0.0,9.3597
MEAL,2020-11-17,123082,26873,557002,394.8,96209,3798331320.0000005,17.272648931242617,100,USD,100,0.0,9.3597
MEAL,2020-11-24,115641,14563,485195,397.7,101078,4019872060.0,20.832448809241644,100,USD,100,0.0,9.3597
MEAL,2020-12-01,114901,14896,475823,390.5,100005,3905195250.0,21.017269026507755,100,USD,100,0.0,9.3597
MEAL,2020-12-08,109722,13226,479328,377.4,96496,3641759040.0,20.131517457774216,100,USD,100,0.0,9.3597
MEAL,2020-12-15,110636,18759,492444,389.2,91877,3575852840.0,18.657349871254397,100,USD,100,0.0,9.3597
MEAL,2020-12-21,113909,20248,511728,412.3,93661,3861643030.0000005,18.302887471469216,100,USD,100,0.0,9.3597
MEAL,2020-12-29,112273,16267,481102,426.1,96006,4090815660.0,19.955435645663496,100,USD,100,0.0,9.3597
MEAL,2021-01-05,112570,18680,486734,433.1,93890,4066375900.0,19.289796891115067,100,USD,100,0.0,10.1489
MEAL,2021-01-12,112731,21803,499855,466.5,90928,4241791200.0,18.19087535385262,100,USD,100,0.0,10.1489
MEAL,2021-01-19,110310,22683,490258,447.0,87627,3916926900.0,17.87365020050667,100,USD,100,0.0,10.1489
MEAL,2021-01-26,111800,26959,483384,433.8,84841,3680402580.0000005,17.5514704665442,100,USD,100,0.0,10.1489
MEAL,2021-02-02,110515,26899,483991,425.3,83616,3556188480.0000005,17.276354312373577,100,USD,100,0.0,10.1489
MEAL,2021-02-09,110093,26786,497713,438.3,83307,3651345810.0,16.73795942641643,100,USD,100,0.0,10.1489
MEAL,2021-02-16,116223,29791,497653,429.3,86432,3710525760.0,17.36792504013841,100,USD,100,0.0,10.1489
MEAL,2021-02-23,111552,21984,464978,426.3,89568,3818283840.0,19.26284684436683,100,USD,100,0.0,10.1489
MEAL,2021-03-02,109320,22644,461010,422.1,86676,3658593960.0,18.80132752001041,100,USD,100,0.0,10.1489
MEAL,2021-03-09,109517,21977,471502,416.7,87540,3647791800.0,18.56619908293072,100,USD,100,0.0,10.1489
MEAL,2021-03-16,107377,22489,477067,405.4,84888,3441359519.9999995,17.793727086551783,100,USD,100,0.0,10.1489
MEAL,2021-03-23,106513,23154,472467,398.7,83359,3323523330.0,17.64334863598939,100,USD,100,0.0,10.1489
MEAL,2021-03-30,107125,25670,470594,400.2,81455,3259829100.0,17.30897546505055,100,USD,100,0.0,10.1489
MEAL,2021-04-06,109463,27949,476527,408.3,81514,3328216620.0,17.105851294889902,100,USD,100,0.0,10.1489
MEAL,2021-04-13,112448,26060,477525,399.8,86388,3453792240.0,18.090780587403803,100,USD,100,0.0,10.1489
MEAL,2021-04-20,115354,25104,477120,414.7,90250,3742667500.0,18.915576794097923,100,USD,100,0.0,10.1489
MEAL,2021-04-27,116291,17205,459296,426.3,99086,4224036180.0000005,21.573451543231382,100,USD,100,0.0,10.1489
MEAL,2021-05-04,119801,16770,457234,421.8,103031,4345847580.0,22.533538625736494,100,USD,100,0.0,10.1489
MEAL,2021-05-11,122943,17325,489758,447.1,105618,4722180780.0,21.565344517088032,100,USD,100,0.0,10.1489
MEAL,2021-05-18,122280,16275,467317,409.0,106005,4335604500.0,22.683745722924694,100,USD,100,0.0,10.1489
MEAL,2021-05-25,118582,17182,456909,387.0,101400,3924180000.0,22.19260290342278,100,USD,100,0.0,10.1489
MEAL,2021-06-01,120019,19695,457200,399.1,100324,4003930840.0000005,21.94313210848644,100,USD,100,0.0,10.1489
MEAL,2021-06-08,120217,21307,463283,392.6,98910,3883206600.0,21.349801309350873,100,USD,100,0.0,10.1489
MEAL,2021-06-15,122984,22161,468746,373.3,100823,3763722590.0,21.509090210903135,100,USD,100,0.0,10.1489
MEAL,2021-06-22,124738,22339,464731,363.5,102399,3722203650.0,22.03403689446153,100,USD,100,0.0,10.1489
MEAL,2021-06-29,122060,16458,431181,349.1,105602,3686565820.0000005,24.491338904079726,100,USD,100,0.0,10.1489
MEAL,2021-07-06,121103,15939,426916,355.8,105164,3741735120.0000005,24.633417346738,100,USD,100,0.0,10.1489
MEAL,2021-07-13,119272,14803,417092,357.1,104469,3730587990.0000005,25.046992030535232,100,USD,100,0.0,10.1489
MEAL,2021-07-20,120405,16970,420801,366.2,103435,3787789700.0,24.580502422760404,100,USD,100,0.0,10.1489
MEAL,2021-07-27,117996,14251,398615,357.9,103745,3713033550.0,26.026366293290522,100,USD,100,0.0,10.1489
MEAL,2021-08-03,119881,14966,399064,347.9,104915,3649992850.0,26.2902692299982,100,USD,100,0.0,10.1489
MEAL,2021-08-10,117490,14795,402359,357.5,102695,3671346250.0,25.5232267701232,100,USD,100,0.0,10.1489
MEAL,2021-08-17,116983,12948,407639,359.2,104035,3736937200.0,25.52135590559294,100,USD,100,0.0,10.1489
MEAL,2021-08-24,116667,12456,404589,352.1,104211,3669269310.0,25.757249949949205,100,USD,100,0.0,10.1489
MEAL,2021-08-31,112292,11659,384278,343.5,100633,3456743550.0,26.187551720369107,100,USD,100,0.0,10.1489
MEAL,2021-09-07,105776,11251,398937,335.3,94525,3169423250.0,23.69421738269451,100,USD,100,0.0,10.1489
MEAL,2021-09-14,106183,14097,401560,337.6,92086,3108823360.0,22.93206494670784,100,USD,100,0.0,10.1489
MEAL,2021-09-21,104760,15537,406065,341.9,89223,3050534370.0,21.972590595101767,100,USD,100,0.0,10.1489
MEAL,2021-09-28,104081,14985,397196,339.3,89096,3023027280.0,22.43124301352481,100,USD,100,0.0,10.1489
MEAL,2021-10-05,102977,16642,444953,321.5,86335,2775670250.0,19.40317291938699,100,USD,100,0.0,10.1489
MEAL,2021-10-12,105506,21111,470906,313.5,84395,2645783250.0,17.92183578038929,100,USD,100,0.0,10.1489
MEAL,2021-10-19,111504,24777,490823,322.6,86727,2797813020.0000005,17.669709854672664,100,USD,100,0.0,10.1489
MEAL,2021-10-26,113979,22671,484541,325.2,91308,2969336160.0,18.844225772432054,100,USD,100,0.0,10.1489
MEAL,2021-11-02,116584,18360,492363,333.9,98224,3279699360.0,19.949508797371045,100,USD,100,0.0,10.1489
MEAL,2021-11-09,124001,18000,499172,337.9,106001,3581773790.0,21.23536576570801,100,USD,100,0.0,10.1489
MEAL,2021-11-16,131350,21425,519884,362.8,109925,3988079000.0,21.14413984658116,100,USD,100,0.0,10.1489
MEAL,2021-11-23,129776,15704,497835,356.2,114072,4063244640.0,22.91361595709422,100,USD,100,0.0,10.1489
MEAL,2021-11-30,125107,8937,430317,342.6,116170,3979984200.0,26.99637708944801,100,USD,100,0.0,10.1489
MEAL,2021-12-07,121925,8738,418151,349.9,113187,3960413129.9999995,27.068451348914625,100,USD,100,0.0,10.1489
MEAL,2021-12-14,121515,9028,434693,377.6,112487,4247509120.0000005,25.877343320458344,100,USD,100,0.0,10.1489
MEAL,2021-12-21,125055,10902,452464,389.9,114153,4450825470.0,25.22918950457937,100,USD,100,0.0,10.1489
MEAL,2021-12-28,124218,9204,430303,409.2,115014,4706372880.0,26.728607516099125,100,USD,100,0.0,10.1489
MEAL,2022-01-04,125045,8597,436279,414.9,116448,4831427520.0,26.69117697620101,100,USD,100,0.0,10.0724
MEAL,2022-01-11,131736,8472,454258,412.7,123264,5087105280.0,27.135240325982153,100,USD,100,0.0,10.0724
MEAL,2022-01-18,135905,11039,458623,389.1,124866,4858536060.0,27.226283897667585,100,USD,100,0.0,10.0724
MEAL,2022-01-25,136282,13987,451424,391.1,122295,4782957450.0,27.090938895583754,100,USD,100,0.0,10.0724
MEAL,2022-02-01,137325,12692,478164,433.6,124633,5404086880.0,26.06490660108247,100,USD,100,0.0,10.0724
MEAL,2022-02-08,142226,15300,510347,453.7,126926,5758632620.0,24.87052926734163,100,USD,100,0.0,10.0724
MEAL,2022-02-15,143251,17695,524560,436.8,125556,5484286080.0,23.93548879060546,100,USD,100,0.0,10.0724
MEAL,2022-02-22,141680,10310,489168,452.1,131370,5939237700.0,26.855804140908646,100,USD,100,0.0,10.0724
MEAL,2022-03-01,139538,10880,452265,454.5,128658,5847506100.0,28.447481012238402,100,USD,100,0.0,10.0724
MEAL,2022-03-08,141383,11257,439326,471.8,130126,6139344680.0,29.619462540345893,100,USD,100,0.0,10.0724
MEAL,2022-03-15,141614,11298,447497,469.0,130316,6111820400.0,29.121089079926794,100,USD,100,0.0,10.0724
MEAL,2022-03-22,142636,11297,457776,470.6,131339,6180813340.000001,28.69066967250358,100,USD,100,0.0,10.0724
MEAL,2022-03-29,141039,10209,455338,461.6,130830,6039112800.0,28.73250200949624,100,USD,100,0.0,10.0724
MEAL,2022-04-05,137124,11167,460780,458.4,125957,5773868880.0,27.335604843960244,100,USD,100,0.0,10.0724
MEAL,2022-04-12,135715,9832,461136,458.3,125883,5769217890.0,27.298454252107838,100,USD,100,0.0,10.0724
MEAL,2022-04-19,134150,9203,466468,459.7,124947,5743813590.0,26.78576022363806,100,USD,100,0.0,10.0724
MEAL,2022-04-26,128737,6402,424438,437.5,122335,5352156250.0,28.822819822918778,100,USD,100,0.0,10.0724
MEAL,2022-05-03,129934,7134,410282,424.6,122800,5214088000.0,29.930633076761836,100,USD,100,0.0,10.0724
MEAL,2022-05-10,127606,10830,409858,402.8,116776,4703737280.0,28.491819117840812,100,USD,100,0.0,10.0724
MEAL,2022-05-17,123533,11915,413267,408.2,111618,4556246760.0,27.008689297717943,100,USD,100,0.0,10.0724
MEAL,2022-05-24,122708,11055,405915,421.0,111653,4700591300.0,27.506497665767466,100,USD,100,0.0,10.0724
MEAL,2022-05-31,125391,12075,418915,411.2,113316,4659553920.0,27.049878853705405,100,USD,100,0.0,10.0724
MEAL,2022-06-07,125315,15301,429842,409.2,110014,4501772880.0,25.594055490156848,100,USD,100,0.0,10.0724
MEAL,2022-06-14,124708,12944,435560,399.5,111764,4464971800.0,25.659840205712186,100,USD,100,0.0,10.0724
MEAL,2022-06-21,128071,14028,456803,416.7,114043,4752171810.0,24.96546651401151,100,USD,100,0.0,10.0724
MEAL,2022-06-28,129213,13624,430815,420.8,115589,4863985120.0,26.830309993848868,100,USD,100,0.0,10.0724
MEAL,2022-07-05,128217,14026,435036,411.4,114191,4697817740.0,26.248632297097252,100,USD,100,0.0,10.0724
MEAL,2022-07-12,122716,12188,440090,424.3,110528,4689703040.0,25.11486286895862,100,USD,100,0.0,10.0724
MEAL,2022-07-19,124532,12851,444043,407.3,111681,4548767130.0,25.150942588893415,100,USD,100,0.0,10.0724
MEAL,2022-07-26,125646,12965,438045,434.9,112681,4900496690.0,25.723612870823775,100,USD,100,0.0,10.0724
MEAL,2022-08-02,129267,13603,443344,433.7,115664,5016347680.0,26.08899635497492,100,USD,100,0.0,10.0724
MEAL,2022-08-09,132897,13963,455180,448.2,118934,5330621880.0,26.12900391054088,100,USD,100,0.0,10.0724
MEAL,2022-08-16,135532,13303,462717,401.4,122229,4906272059.999999,26.41549802579114,100,USD,100,0.0,10.0724
MEAL,2022-08-23,137827,15723,474763,431.2,122104,5265124480.0,25.71893765942165,100,USD,100,0.0,10.0724
MEAL,2022-08-30,133212,11861,435028,429.4,121351,5210811940.0,27.89498606986217,100,USD,100,0.0,10.0724
MEAL,2022-09-06,131546,12583,431875,411.3,118963,4892948190.0,27.545701881331404,100,USD,100,0.0,10.0724
MEAL,2022-09-13,131378,14737,428745,428.8,116641,5001566080.0,27.20521522116876,100,USD,100,0.0,10.0724
MEAL,2022-09-20,132624,15055,445424,437.5,117569,5143643750.0,26.394850748949317,100,USD,100,0.0,10.0724
MEAL,2022-09-27,123643,10921,422486,414.1,112722,4667818020.0,26.68064740606789,100,USD,100,0.0,10.0724
MEAL,2022-10-04,118937,12749,401198,401.8,106188,4266633840.0,26.46772915119218,100,USD,100,0.0,10.0724
MEAL,2022-10-11,116557,16074,403425,405.5,100483,4074585650.0,24.907479705025718,100,USD,100,0.0,10.0724
MEAL,2022-10-18,120011,19072,414496,398.1,100939,4018381590.0000005,24.35222535320003,100,USD,100,0.0,10.0724
MEAL,2022-10-25,118362,12933,426681,406.6,105429,4286743140.0000005,24.70909180394721,100,USD,100,0.0,10.0724
MEAL,2022-11-01,120551,10177,435093,417.6,110374,4609218240.000001,25.367909849158686,100,USD,100,0.0,10.0724
MEAL,2022-11-08,126711,12215,453467,413.8,114496,4737844480.0,25.249025838704913,100,USD,100,0.0,10.0724
MEAL,2022-11-15,131729,14606,440919,406.6,117123,4762221180.0,26.56338238996278,100,USD,100,0.0,10.0724
MEAL,2022-11-22,130559,13474,433521,405.7,117085,4750138450.0,27.007918878208898,100,USD,100,0.0,10.0724
MEAL,2022-11-29,127844,9783,394594,408.1,118061,4818069410.0,29.91961357749991,100,USD,100,0.0,10.0724
MEAL,2022-12-06,133002,11455,427153,449.2,121547,5459891240.0,28.455143707289892,100,USD,100,0.0,10.0724
MEAL,2022-12-13,132559,11768,438398,453.1,120791,5473040210.0,27.552817302998644,100,USD,100,0.0,10.0724
MEAL,2022-12-20,134268,13475,453264,448.6,120793,5418773980.0,26.649590525609803,100,USD,100,0.0,10.0724
MEAL,2022-12-27,135462,14247,435113,448.5,121215,5436492750.0,27.85828049265363,100,USD,100,0.0,10.0724
MEAL,2023-01-03,134289,14524,445612,465.1,119765,5570270150.0,26.876520380959217,100,USD,100,0.0,10.1751
MEAL,2023-01-10,128850,14150,454472,468.6,114700,5374842000.0,25.238078473481313,100,USD,100,0.0,10.1751
MEAL,2023-01-17,124778,10856,463876,465.9,113922,5307625980.0,24.558718278160544,100,USD,100,0.0,10.1751
MEAL,2023-01-24,128200,12400,470373,448.2,115800,5190156000.0,24.61876000535745,100,USD,100,0.0,10.1751
MEAL,2023-01-31,131233,11114,477982,468.6,120119,5628776340.000001,25.130444242670226,100,USD,100,0.0,10.1751
MEAL,2023-02-07,130815,9281,488770,468.0,121534,5687791200.0,24.865274055281624,100,USD,100,0.0,10.1751
MEAL,2023-02-14,134266,11499,512704,482.9,122767,5928418430.0,23.945005305205342,100,USD,100,0.0,10.1751
MEAL,2023-02-21,133366,11321,517351,480.7,122045,5866703150.0,23.59036708153652,100,USD,100,0.0,10.1751
MEAL,2023-02-28,128449,9711,462185,466.4,118738,5537940320.0,25.69057844802406,100,USD,100,0.0,10.1751
MEAL,2023-03-07,127451,11860,496776,487.9,115591,5639684890.0,23.268233570059746,100,USD,100,0.0,10.1751
MEAL,2023-03-14,127140,12844,489810,481.5,114296,5503352400.0,23.33476245891264,100,USD,100,0.0,10.1751
MEAL,2023-03-21,123938,13601,481613,454.9,110337,5019230130.0,22.90988822976124,100,USD,100,0.0,10.1751
MEAL,2023-03-28,120460,12499,466859,453.2,107961,4892792520.0,23.124969209118813,100,USD,100,0.0,10.1751
MEAL,2023-04-04,122274,12960,487963,453.6,109314,4958483040.000001,22.402108356576218,100,USD,100,0.0,10.1751
MEAL,2023-04-11,117167,8697,485932,455.4,108470,4939723800.0,22.32205329140703,100,USD,100,0.0,10.1751
MEAL,2023-04-18,122798,8105,504548,458.2,114693,5255233260.0,22.731831262833268,100,USD,100,0.0,10.1751
MEAL,2023-04-25,121467,6727,482573,435.3,114740,4994632200.0,23.776713574940995,100,USD,100,0.0,10.1751
MEAL,2023-05-02,122373,7303,473433,427.5,115070,4919242500.0,24.305445543508796,100,USD,100,0.0,10.1751
MEAL,2023-05-09,125188,11257,501524,419.2,113931,4775987520.0,22.71695870985237,100,USD,100,0.0,10.1751
MEAL,2023-05-16,124772,11968,519702,419.8,112804,4735511920.0,21.705515853315937,100,USD,100,0.0,10.1751
MEAL,2023-05-23,125048,11662,539152,401.6,113386,4553581760.0,21.03043297622934,100,USD,100,0.0,10.1751
MEAL,2023-05-30,124931,14162,538779,388.1,110769,4298944890.000001,20.559264559309103,100,USD,100,0.0,10.1751
MEAL,2023-06-06,123774,15107,551768,389.7,108667,4234752990.0,19.69432805091995,100,USD,100,0.0,10.1751
MEAL,2023-06-13,124945,15095,575837,391.1,109850,4296233500.0,19.076578962449442,100,USD,100,0.0,10.1751
MEAL,2023-06-20,126684,14873,569348,409.9,111811,4583132890.0,19.638428518234893,100,USD,100,0.0,10.1751
MEAL,2023-06-27,124625,10055,532054,399.3,114570,4574780100.0,21.53352855161318,100,USD,100,0.0,10.1751
MEAL,2023-07-03,126333,13679,523338,411.5,112654,4635712100.0,21.526050086177577,100,USD,100,0.0,10.1751
MEAL,2023-07-11,127120,14073,525326,415.5,113047,4697102850.0,21.519399382478692,100,USD,100,0.0,10.1751
MEAL,2023-07-18,126434,14070,541989,429.0,112364,4820415600.0,20.731786069458973,100,USD,100,0.0,10.1751
MEAL,2023-07-25,129366,13413,541425,436.5,115953,5061348450.0,21.41626264025488,100,USD,100,0.0,10.1751
MEAL,2023-08-01,132131,12954,538487,428.6,119177,5107926220.0,22.13182490942214,100,USD,100,0.0,10.1751
MEAL,2023-08-08,133408,13847,538178,418.4,119561,5002432240.0,22.215883964041634,100,USD,100,0.0,10.1751
MEAL,2023-08-15,132942,14550,536935,384.4,118392,4550988480.0,22.049596319852498,100,USD,100,0.0,10.1751
MEAL,2023-08-22,131006,13230,520657,397.7,117776,4683951520.0,22.62065044741548,100,USD,100,0.0,10.1751
MEAL,2023-08-29,127434,8273,502621,413.2,119161,4923732520.0,23.70792306728131,100,USD,100,0.0,10.1751
MEAL,2023-09-05,125326,8040,494519,399.8,117286,4689094280.0,23.717187812803957,100,USD,100,0.0,10.1751
MEAL,2023-09-12,128257,8331,500943,397.8,119926,4770656280.0,23.940049067458773,100,USD,100,0.0,10.1751
MEAL,2023-09-19,131500,11810,506396,389.1,119690,4657137900.0,23.63565273027433,100,USD,100,0.0,10.1751
MEAL,2023-09-26,135404,16165,508091,393.9,119239,4696824209.999999,23.468040173905855,100,USD,100,0.0,10.1751
MEAL,2023-10-03,136308,18764,515598,373.1,117544,4385566640.000001,22.797605886756735,100,USD,100,0.0,10.1751
MEAL,2023-10-10,129391,16751,511785,377.5,112640,4252160000.0,22.009242162236095,100,USD,100,0.0,10.1751
MEAL,2023-10-17,127875,15763,540196,394.6,112112,4423939520.0,20.753948566816486,100,USD,100,0.0,10.1751
MEAL,2023-10-24,137670,12441,568594,422.5,125229,5290925250.0,22.024326672458734,100,USD,100,0.0,10.1751
MEAL,2023-10-31,143049,12079,588359,418.5,130970,5481094500.0,22.260218676012432,100,USD,100,0.0,10.1751
MEAL,2023-11-07,142968,13350,609640,440.3,129618,5707080540.0,21.26140017059248,100,USD,100,0.0,10.1751
MEAL,2023-11-14,141978,15822,646145,456.6,126156,5760282960.0,19.524410155615225,100,USD,100,0.0,10.1751
MEAL,2023-11-21,143575,17560,671039,442.3,126015,5573643450.0,18.77908735557844,100,USD,100,0.0,10.1751
MEAL,2023-11-28,138410,14133,617529,431.2,124277,5358824240.0,20.124884823222878,100,USD,100,0.0,10.1751
MEAL,2023-12-05,134917,19854,594283,418.5,115063,4815386550.0,19.36165093061723,100,USD,100,0.0,10.1751
MEAL,2023-12-12,126032,19827,565774,410.1,106205,4355467050.0,18.771629661313526,100,USD,100,0.0,10.1751
MEAL,2023-12-19,124269,22166,564236,392.9,102103,4011626869.9999995,18.095796794249214,100,USD,100,0.0,10.1751
MEAL,2023-12-26,120252,21325,508260,395.6,98927,3913552120.0000005,19.463857081021523,100,USD,100,0.0,10.1751
MEAL,2024-01-02,123689,22473,489873,379.5,101216,3841147200.0,20.66168170117561,100,USD,100,0.0,9.9174
MEAL,2024-01-09,122604,21824,515526,367.7,100780,3705680600.0,19.54896552259246,100,USD,100,0.0,9.9174
MEAL,2024-01-16,128387,24400,547287,367.4,103987,3820482379.9999995,19.000451317133425,100,USD,100,0.0,9.9174
MEAL,2024-01-23,131388,24858,566127,359.8,106530,3832949400.0,18.8173325066637,100,USD,100,0.0,9.9174
MEAL,2024-01-30,125873,26817,563983,361.9,99056,3584836640.0,17.5636499681728,100,USD,100,0.0,9.9174
MEAL,2024-02-06,126592,26661,578099,354.5,99931,3542553950.0,17.286139571249905,100,USD,100,0.0,9.9174
MEAL,2024-02-13,125879,31991,597172,339.3,93888,3185619840.0,15.722103514565317,100,USD,100,0.0,9.9174
MEAL,2024-02-20,121452,38227,598616,341.9,83225,2845462749.9999995,13.90290269555107,100,USD,100,0.0,9.9174
MEAL,2024-02-27,118755,43033,540992,326.0,75722,2468537200.0,13.99687980598604,100,USD,100,0.0,9.9174
MEAL,2024-03-05,121805,44909,540921,330.0,76896,2537568000.0,14.215754241377207,100,USD,100,0.0,9.9174
MEAL,2024-03-12,121348,44550,535541,339.4,76798,2606524120.0,14.340265264470881,100,USD,100,0.0,9.9174
MEAL,2024-03-19,122692,46892,549577,338.4,75800,2565072000.0,13.79242581112383,100,USD,100,0.0,9.9174
MEAL,2024-03-26,127594,47322,544389,343.0,80272,2753329600.0,14.745338351803582,100,USD,100,0.0,9.9174
MEAL,2024-04-02,131255,49443,558695,332.6,81812,2721067120.0000005,14.64341008958376,100,USD,100,0.0,9.9174
MEAL,2024-04-09,123636,36862,547271,338.5,86774,2937299900.0,15.855764328824293,100,USD,100,0.0,9.9174
MEAL,2024-04-16,128378,34486,545075,336.8,93892,3162282560.0,17.225519423932486,100,USD,100,0.0,9.9174
MEAL,2024-04-23,129666,30903,543681,346.0,98763,3417199800.0,18.16561549879433,100,USD,100,0.0,9.9174
MEAL,2024-04-30,129395,25816,498943,352.0,103579,3645980800.0,20.759685976153587,100,USD,100,0.0,9.9174
MEAL,2024-05-07,135941,21881,526380,382.5,114060,4362795000.0,21.668756411717773,100,USD,100,0.0,9.9174
MEAL,2024-05-14,133291,21692,534529,373.5,111599,4168222650.0,20.87800661891123,100,USD,100,0.0,9.9174
MEAL,2024-05-21,133499,20132,529615,368.4,113367,4176440279.9999995,21.40554931412441,100,USD,100,0.0,9.9174
MEAL,2024-05-28,132709,18882,536628,372.0,113827,4234364400.0,21.211528284025434,100,USD,100,0.0,9.9174
MEAL,2024-06-04,137582,26483,541468,351.2,111099,3901796879.9999995,20.51811002681599,100,USD,100,0.0,9.9174
MEAL,2024-06-11,134317,23701,546457,351.6,110616,3889258560.0,20.242397846491123,100,USD,100,0.0,9.9174
MEAL,2024-06-18,135892,24125,584411,349.9,111767,3910727329.9999995,19.12472557840287,100,USD,100,0.0,9.9174
MEAL,2024-06-25,130114,19691,542155,352.1,110423,3887993830.0000005,20.367422600547812,100,USD,100,0.0,9.9174
MEAL,2024-07-02,127654,25452,549691,350.0,102202,3577070000.0,18.59262749435592,100,USD,100,0.0,9.9174
MEAL,2024-07-09,132064,31615,579533,344.6,100449,3461472540.0000005,17.33274895476185,100,USD,100,0.0,9.9174
MEAL,2024-07-16,134565,37516,596222,316.8,97049,3074512320.0,16.27732623083348,100,USD,100,0.0,9.9174
MEAL,2024-07-23,138362,37561,595364,325.4,100801,3280064540.0,16.930986757681016,100,USD,100,0.0,9.9174
MEAL,2024-07-30,136795,34758,565024,328.7,102037,3353956190.0,18.05887891487795,100,USD,100,0.0,9.9174
MEAL,2024-08-06,136070,32641,573801,330.5,103429,3418328450.0,18.025238715164317,100,USD,100,0.0,9.9174
MEAL,2024-08-13,133111,37305,602441,300.1,95806,2875138060.0,15.902968091481156,100,USD,100,0.0,9.9174
MEAL,2024-08-20,134788,35752,594491,306.4,99036,3034463040.0,16.658956990097412,100,USD,100,0.0,9.9174
MEAL,2024-08-27,138986,34845,575331,311.5,104141,3243992150.0,18.101058347281825,100,USD,100,0.0,9.9174
MEAL,2024-09-03,143105,37496,569863,318.0,105609,3358366200.0,18.532349003181466,100,USD,100,0.0,9.9174
MEAL,2024-09-10,140970,29472,565319,313.7,111498,3497692260.0,19.723023637981388,100,USD,100,0.0,9.9174
MEAL,2024-09-17,136993,29383,574487,322.1,107610,3466118100.0,18.731494359315352,100,USD,100,0.0,9.9174
MEAL,2024-09-24,139256,30401,574726,325.9,108855,3547584450.0,18.94032982673483,100,USD,100,0.0,9.9174
MEAL,2024-10-01,142584,28284,604338,347.1,114300,3967353000.0,18.913257150799716,100,USD,100,0.0,9.9174
MEAL,2024-10-08,144456,27260,614746,323.5,117196,3791290600.0,19.06413380485599,100,USD,100,0.0,9.9174
MEAL,2024-10-15,143592,28869,628963,311.7,114723,3575915910.0,18.240023657989422,100,USD,100,0.0,9.9174
MEAL,2024-10-22,147105,31931,643667,314.9,115174,3626829259.9999995,17.89341383044338,100,USD,100,0.0,9.9174
MEAL,2024-10-29,150770,38564,661109,303.4,112206,3404330040.0,16.97239033200274,100,USD,100,0.0,9.9174
MEAL,2024-11-05,149794,42533,669242,300.6,107261,3224265660.0,16.02723678430224,100,USD,100,0.0,9.9174
MEAL,2024-11-12,152492,47959,710592,295.6,104533,3089995480.0,14.710691930108979,100,USD,100,0.0,9.9174
MEAL,2024-11-19,150211,50350,715690,290.4,99861,2899963440.0,13.953108189299837,100,USD,100,0.0,9.9174
MEAL,2024-11-26,145413,49151,656787,291.2,96262,2803149440.0,14.656502031861166,100,USD,100,0.0,9.9174
MEAL,2024-12-03,144070,50620,669155,290.2,93450,2711919000.0,13.965374240646785,100,USD,100,0.0,9.9174
MEAL,2024-12-10,135760,44807,684821,291.9,90953,2654918070.0,13.28128080184457,100,USD,100,0.0,9.9174
MEAL,2024-12-17,136052,43383,714466,293.5,92669,2719835150.0,12.970386274504314,100,USD,100,0.0,9.9174
MEAL,2024-12-24,128533,38208,687531,301.0,90325,2718782500.0,13.137589432331051,100,USD,100,0.0,9.9174
MEAL,2024-12-31,126190,36988,631459,317.3,89202,2830379460.0,14.126332826042546,100,USD,100,0.0,9.9174
MEAL,2025-01-07,124457,37191,607004,303.3,87266,2646777780.0,14.376511522164598,100,USD,100,0.0,9.7794
MEAL,2025-01-14,138366,41572,628503,306.3,96794,2964800220.0,15.40072203314861,100,USD,100,0.0,9.7794
MEAL,2025-01-21,137545,40690,640584,318.8,96855,3087737400.0,15.119796935296542,100,USD,100,0.0,9.7794
MEAL,2025-01-28,144782,40758,646501,310.5,104024,3229945200.0,16.090307671604528,100,USD,100,0.0,9.7794
MEAL,2025-02-04,145118,44546,670067,321.8,100572,3236406960.0,15.009245344122304,100,USD,100,0.0,9.7794
MEAL,2025-02-11,136889,42121,653163,304.8,94768,2888528640.0,14.509088849184659,100,USD,100,0.0,9.7794
MEAL,2025-02-18,136041,45068,657949,301.9,90973,2746474870.0,13.826755569200651,100,USD,100,0.0,9.7794
MEAL,2025-02-25,136022,39766,595196,302.9,96256,2915594240.0,16.17215169456784,100,USD,100,0.0,9.7794
MEAL,2025-03-04,134010,40261,610469,294.2,93749,2758095580.0,15.35688134860247,100,USD,100,0.0,9.7794
MEAL,2025-03-11,132125,41906,608053,301.6,90219,2721005040.0,14.837357927680648,100,USD,100,0.0,9.7794
MEAL,2025-03-18,131738,45233,614473,307.9,86505,2663488949.9999995,14.077917174554456,100,USD,100,0.0,9.7794
MEAL,2025-03-25,130371,45005,631676,303.1,85366,2587443460.0,13.514206650244745,100,USD,100,0.0,9.7794
MEAL,2025-04-01,135915,48917,661628,298.6,86998,2597760280.0,13.149080752326082,100,USD,100,0.0,9.7794
MEAL,2025-04-08,128981,46344,694034,296.6,82637,2451013420.0000005,11.906765374607007,100,USD,100,0.0,9.7794
MEAL,2025-04-15,122928,42955,674594,301.2,79973,2408786760.0,11.854982404231286,100,USD,100,0.0,9.7794
MEAL,2025-04-22,119069,40983,675571,299.6,78086,2339456560.0,11.558518645708594,100,USD,100,0.0,9.7794
MEAL,2025-04-29,118661,41210,607415,298.2,77451,2309588820.0,12.75091988179416,100,USD,100,0.0,9.7794
MEAL,2025-05-06,120230,43701,633063,292.9,76529,2241534410.0,12.088686276089426,100,USD,100,0.0,9.7794
MEAL,2025-05-13,123244,45099,649674,293.6,78145,2294337200.0,12.028340367630534,100,USD,100,0.0,9.7794
MEAL,2025-05-20,122176,45986,663735,295.9,76190,2254462100.0,11.478978809313958,100,USD,100,0.0,9.7794
MEAL,2025-05-27,120905,46386,657435,299.9,74519,2234824810.0,11.334808764364537,100,USD,100,0.0,9.7794
MEAL,2025-06-03,125218,48672,668904,297.7,76546,2278774420.0,11.443495628670183,100,USD,100,0.0,9.7794
MEAL,2025-06-10,121676,43540,671097,299.2,78136,2337829120.0,11.643026268929827,100,USD,100,0.0,9.7794
MEAL,2025-06-17,122132,42581,722654,289.4,79551,2302205940.0,11.008172652472691,100,USD,100,0.0,9.7794
MEAL,2025-06-24,122677,38543,683238,284.5,84134,2393612300.0,12.314010637581633,100,USD,100,0.0,9.7794
MEAL,2025-07-01,126957,42041,703343,273.5,84916,2322452600.0,12.073198993947475,100,USD,100,0.0,9.7794
MEAL,2025-07-08,125141,40706,725780,270.8,84435,2286499800.0,11.633690650059245,100,USD,100,0.0,9.7794
MEAL,2025-07-15,125040,43047,755740,269.8,81993,2212171140.0,10.849366184137402,100,USD,100,0.0,9.7794
MEAL,2025-07-22,124880,41471,761462,277.9,83409,2317936110.0,10.953796775150959,100,USD,100,0.0,9.7794
MEAL,2025-07-29,127174,41637,740724,266.2,85537,2276994940.0,11.547755979285132,100,USD,100,0.0,9.7794
MEAL,2025-08-05,130146,40768,752333,276.9,89378,2474876820.0,11.880111599517766,100,USD,100,0.0,9.7794
MEAL,2025-08-12,128399,40893,758571,281.3,87506,2461543780.0,11.535637402431677,100,USD,100,0.0,9.7794
MEAL,2025-08-19,124809,41620,755353,289.1,83189,2404993990.0,11.013261349329387,100,USD,100,0.0,9.7794
MEAL,2025-08-26,120352,37861,677277,290.4,82491,2395538640.0,12.179802355609299,100,USD,100,0.0,9.7794
MEAL,2025-09-02,120591,39575,669416,278.1,81016,2253054960.0,12.10248933398664,100,USD,100,0.0,9.7794
MEAL,2025-09-09,125499,42500,694257,286.4,82999,2377091360.0,11.955082915980682,100,USD,100,0.0,9.7794
MEAL,2025-09-16,128529,47397,713726,286.1,81132,2321186520.0000005,11.367387484833115,100,USD,100,0.0,9.7794
MEAL,2025-09-23,124026,48792,749986,277.0,75234,2083981800.0,10.031387252562048,100,USD,100,0.0,9.7794
MEAL,2025-09-30,123436,55716,736103,273.2,67720,1850110400.0,9.199799484583,100,USD,100,0.0,9.7794
MEAL,2025-10-07,122687,52614,762418,276.7,70073,1938919909.9999998,9.19089003669903,100,USD,100,0.0,9.7794
MEAL,2025-10-14,115989,47975,784543,274.8,68014,1869024720.0,8.669250761271211,100,USD,100,0.0,9.7794
MEAL,2025-10-21,116246,48081,785769,289.6,68165,1974058400.0,8.674941363174165,100,USD,100,0.0,9.7794
MEAL,2025-10-28,119338,36749,752450,309.6,82589,2556955440.0,10.976011695129245,100,USD,100,0.0,9.7794
MEAL,2025-11-04,122529,24093,737671,318.7,98436,3137155320.0,13.344160201499042,100,USD,100,0.0,9.7794
MEAL,2025-11-10,126100,22629,732474,320.6,103471,3317280260.0,14.126235197426803,100,USD,100,0.0,9.7794
MEAL,2025-11-18,131368,25168,728358,328.1,106200,3484422000.0,14.580741887917755,100,USD,100,0.0,9.7794
MEAL,2025-11-25,127126,21426,655968,320.5,105700,3387685000.0,16.113590906873508,100,USD,100,0.0,9.7794
MEAL,2025-12-02,127255,22260,650587,311.6,104995,3271644200.0000005,16.13850261379339,100,USD,100,0.0,9.7794
MEAL,2025-12-09,121785,18689,646372,301.4,103096,3107313440.0,15.94994832696961,100,USD,100,0.0,9.7794
MEAL,2025-12-16,122087,21703,635524,306.3,100384,3074761920.0000005,15.795469565272121,100,USD,100,0.0,9.7794
MEAL,2025-12-23,119560,25820,613388,304.0,93740,2849696000.0,15.28233353114179,100,USD,100,0.0,9.7794
MEAL,2025-12-30,114681,23894,545507,302.3,90787,2744491010.0,16.642682861998104,100,USD,100,0.0,9.7794
MEAL,2026-01-06,116507,28850,551228,299.1,87657,2621820870.0000005,15.902131241518935,100,USD,100,0.0,8.1552
MEAL,2026-01-13,113396,32304,581407,291.9,81092,2367075479.9999995,13.947544491208397,100,USD,100,0.0,8.1552
MEAL,2026-01-20,114311,37811,599203,295.5,76500,2260575000.0,12.76695877690866,100,USD,100,0.0,8.1552
MEAL,2026-01-27,113013,42634,600273,297.8,70379,2095886620.0,11.724498686431009,100,USD,100,0.0,8.1552
MEAL,2026-02-03,114881,36778,613292,295.8,78103,2310286740.0,12.735043013768319,100,USD,100,0.0,8.1552
MEAL,2026-02-10,118186,33434,600880,305.8,84752,2591716160.0,14.104646518439623,100,USD,100,0.0,8.1552
MEAL,2026-02-17,120991,29093,598663,310.5,91898,2853432900.0,15.350539452079047,100,USD,100,0.0,8.1552
MEAL,2026-02-24,116960,22236,556917,314.4,94724,2978122560.0,17.008638630172896,100,USD,100,0.0,8.1552
MEAL,2026-03-03,127199,23110,584419,315.2,104089,3280885279.9999995,17.810680350912616,100,USD,100,0.0,8.1552
MEAL,2026-03-10,124731,19374,595072,315.1,105357,3319799070.0000005,17.70491637986664,100,USD,100,0.0,8.1552
MEAL,2026-03-17,133613,17923,605483,312.1,115690,3610684900.0,19.107059983517292,100,USD,100,0.0,8.1552
MEAL,2026-03-24,141523,18152,648304,320.0,123371,3947872000.0,19.029807004121523,100,USD,100,0.0,8.1552
MEAL,2026-03-31,142097,19972,659166,314.3,122125,3838388750.0,18.52719952182,100,USD,100,0.0,8.1552
MEAL,2026-04-07,143496,17577,669143,311.3,125919,3919858470.0000005,18.817950722042973,100,USD,100,0.0,8.1552
MEAL,2026-04-14,152714,18196,683714,326.8,134518,4396048240.0,19.674600783368483,100,USD,100,0.0,8.1552
MEAL,2026-04-21,157096,17126,694342,321.3,139970,4497236100.0,20.158653804609255,100,USD,100,0.0,8.1552
MEAL,2026-04-28,153650,11044,637906,328.8,142606,4688885280.0,22.355331349759997,100,USD,100,0.0,8.1552
MEAL,2026-05-05,152034,15064,633734,320.5,136970,4389888500.0,21.613168932075602,100,USD,100,0.0,8.1552
MEAL,2026-05-12,154615,16487,651275,328.6,138128,4538886080.0,21.208859544739163,100,USD,100,0.0,8.1552
MEAL,2026-05-19,159437,15835,685554,326.5,143602,4688605300.0,20.94685466061025,100,USD,100,0.0,8.1552
MEAL,2026-05-26,161315,18659,690539,321.3,142656,4583537280.0,20.658644913610964,100,USD,100,0.0,8.1552
MEAL,2026-06-02,160767,18700,725328,321.7,142067,4570295390.0,19.58658703372819,100,USD,100,0.0,8.1552
MEAL,2026-06-09,151328,24103,682128,301.7,127225,3838378250.0,18.65119156521943,100,USD,100,0.0,8.1552
MEAL,2026-06-16,151042,30594,717550,305.1,120448,3674868480.0000005,16.786007943697303,100,USD,100,0.0,8.1552
MEAL,2026-06-23,148821,30640,695583,302.5,118181,3574975250.0,16.990208213829263,100,USD,100,0.0,8.1552
MEAL,2026-06-30,139915,26241,646350,303.7,113674,3452279379.9999995,17.587065831206004,100,USD,100,0.0,8.1552
MEAL,2026-07-07,134487,30544,655757,315.8,103943,3282519940.0,15.850841089000955,100,USD,100,0.0,8.1552
MEAL,2026-07-14,136714,29258,658316,317.3,107456,3409578880.0000005,16.32286014619119,100,USD,100,0.0,8.1552
MEAL,2026-07-21,143703,29260,684247,324.0,114443,3707953200.0,16.725393023279604,100,USD,100,0.0,8.1552
MEAL,2026-07-28,141781,24368,675462,320.9,117413,3767783169.9999995,17.38262108009037,100,USD,100,0.0,8.1552
MEAL,2026-08-04,140169,23471,659602,312.6,116698,3647979480.0000005,17.692184074638952,100,USD,100,0.0,8.1552
MEAL,2026-08-11,136916,20990,656966,305.0,115926,3535743000.0,17.64566202817193,100,USD,100,0.0,8.1552
MEAL,2026-08-18,139853,22359,660975,313.9,117494,3688136659.9999995,17.775861416846325,100,USD,100,0.0,8.1552
MEAL,2026-08-25,138544,21448,666419,324.1,117096,3795081360.0,17.57092759960325,100,USD,100,0.0,8.1552
SOYBEAN,2016-01-05,144658,25900,823470,856.75,118758,5087295825.0,14.421654705089438,5000,USc,50,13.7564,15.8876
SOYBEAN,2016-01-12,159368,34448,837091,874.75,124920,5463688500.0,14.923108718168038,5000,USc,50,13.7564,15.8876
SOYBEAN,2016-01-19,159825,31464,833868,881.25,128361,5655906562.5,15.393443566607665,5000,USc,50,13.7564,15.8876
SOYBEAN,2016-01-26,161150,31019,846887,876.0,130131,5699737800.0,15.365804410741928,5000,USc,50,13.7564,15.8876
SOYBEAN,2016-02-02,167513,32191,889581,886.0,135322,5994764600.0,15.211880649429338,5000,USc,50,13.7564,15.8876
SOYBEAN,2016-02-09,168633,34609,921162,863.5,134024,5786486200.0,14.549449499653699,5000,USc,50,13.7564,15.8876
SOYBEAN,2016-02-16,169320,35369,922451,879.0,133951,5887146450.0,14.521204920369755,5000,USc,50,13.7564,15.8876
SOYBEAN,2016-02-23,164823,31501,861814,869.0,133322,5792840900.0,15.4699273857236,5000,USc,50,13.7564,15.8876
SOYBEAN,2016-03-01,163979,32819,866539,858.5,131160,5630043000.0,15.136075814244945,5000,USc,50,13.7564,15.8876
SOYBEAN,2016-03-08,160996,29081,876425,885.75,131915,5842185562.5,15.05148757737399,5000,USc,50,13.7564,15.8876
SOYBEAN,2016-03-15,164088,27426,906462,892.25,136662,6096833475.0,15.076417985530558,5000,USc,50,13.7564,15.8876
SOYBEAN,2016-03-22,171492,31442,981010,910.75,140050,6377526875.0,14.27610319976351,5000,USc,50,13.7564,15.8876
SOYBEAN,2016-03-29,176073,32582,978426,917.0,143491,6579062350.0,14.6654933536108,5000,USc,50,13.7564,15.8876
SOYBEAN,2016-04-05,182022,28256,977839,905.0,153766,6957911500.0,15.725083577153296,5000,USc,50,13.7564,15.8876
SOYBEAN,2016-04-12,183649,31337,1082919,957.0,152312,7288129200.0,14.0649485326234,5000,USc,50,13.7564,15.8876
SOYBEAN,2016-04-19,182853,36023,1214912,982.75,146830,7214859125.0,12.085649001738398,5000,USc,50,13.7564,15.8876
SOYBEAN,2016-04-26,169455,28507,1078368,1026.75,140948,7235917950.0,13.07049170598534,5000,USc,50,13.7564,15.8876
SOYBEAN,2016-05-03,171000,30233,1099929,1028.5,140767,7238942975.0,12.797826041499041,5000,USc,50,13.7564,15.8876
SOYBEAN,2016-05-10,171032,26442,1201469,1080.25,144590,7809667375.0,12.034434513083566,5000,USc,50,13.7564,15.8876
SOYBEAN,2016-05-17,170329,36709,1231919,1080.5,133620,7218820500.0,10.846492342434852,5000,USc,50,13.7564,15.8876
SOYBEAN,2016-05-24,172529,35486,1185742,1054.25,137043,7223879137.5,11.557573232625646,5000,USc,50,13.7564,15.8876
SOYBEAN,2016-05-31,174898,44321,1216683,1078.5,130577,7041364725.0,10.732212088111694,5000,USc,50,13.7564,15.8876
SOYBEAN,2016-06-07,179020,48461,1253890,1142.75,130559,7459814862.5,10.412316869900868,5000,USc,50,13.7564,15.8876
SOYBEAN,2016-06-14,189389,61166,1302943,1169.5,128223,7497839925.0,9.84102911639266,5000,USc,50,13.7564,15.8876
SOYBEAN,2016-06-21,186084,55856,1282136,1110.0,130228,7227654000.0,10.157112817984988,5000,USc,50,13.7564,15.8876
SOYBEAN,2016-06-28,170369,39920,1100046,1119.5,130449,7301882775.0,11.8585040989195,5000,USc,50,13.7564,15.8876
SOYBEAN,2016-07-05,166600,38096,1072802,1113.25,128504,7152853900.0,11.978352016495123,5000,USc,50,13.7564,15.8876
SOYBEAN,2016-07-12,168479,39340,1119086,1086.0,129139,7012247700.0,11.539685064418642,5000,USc,50,13.7564,15.8876
SOYBEAN,2016-07-19,165086,38676,1118941,1031.0,126410,6516435500.0,11.297289133207203,5000,USc,50,13.7564,15.8876
SOYBEAN,2016-07-26,154307,35900,969840,973.75,118407,5764940812.5,12.208921059143776,5000,USc,50,13.7564,15.8876
SOYBEAN,2016-08-02,146437,36891,957855,953.0,109546,5219866900.0,11.436595309310908,5000,USc,50,13.7564,15.8876
SOYBEAN,2016-08-09,146961,37733,948122,988.25,109228,5397228550.0,11.520458337640092,5000,USc,50,13.7564,15.8876
SOYBEAN,2016-08-16,147643,37982,933946,1008.5,109661,5529655925.0,11.741685279448705,5000,USc,50,13.7564,15.8876
SOYBEAN,2016-08-23,149464,39464,932722,1012.25,110000,5567375000.0,11.79343898825159,5000,USc,50,13.7564,15.8876
SOYBEAN,2016-08-30,142680,31391,853978,952.75,111289,5301529737.5,13.031834543747028,5000,USc,50,13.7564,15.8876
SOYBEAN,2016-09-06,141818,30707,850942,957.75,111111,5320828012.5,13.057411668480343,5000,USc,50,13.7564,15.8876
SOYBEAN,2016-09-13,140752,31679,858674,945.75,109073,5157789487.5,12.702492447657669,5000,USc,50,13.7564,15.8876
SOYBEAN,2016-09-20,143549,36863,876710,989.0,106686,5275622700.0,12.168904198651779,5000,USc,50,13.7564,15.8876
SOYBEAN,2016-09-27,144561,37220,867089,953.0,107341,5114798650.0,12.379467390314028,5000,USc,50,13.7564,15.8876
SOYBEAN,2016-10-04,144674,37055,876633,962.75,107619,5180509612.5,12.276403010153622,5000,USc,50,13.7564,15.8876
SOYBEAN,2016-10-11,155260,47202,879235,953.5,108058,5151665150.0,12.290002104101863,5000,USc,50,13.7564,15.8876
SOYBEAN,2016-10-18,160665,47344,899743,973.0,113321,5513066650.0,12.594818742685412,5000,USc,50,13.7564,15.8876
SOYBEAN,2016-10-25,161421,20849,725091,990.0,140572,6958314000.0,19.386808000650955,5000,USc,50,13.7564,15.8876
SOYBEAN,2016-11-01,168106,22878,717637,992.0,145228,7203308800.0,20.23697217395424,5000,USc,50,13.7564,15.8876
SOYBEAN,2016-11-08,166667,21459,729804,1010.5,145208,7336634200.0,19.89684901699634,5000,USc,50,13.7564,15.8876
SOYBEAN,2016-11-15,167258,19600,735285,991.75,147658,7321991075.0,20.081737013538966,5000,USc,50,13.7564,15.8876
SOYBEAN,2016-11-22,170185,22417,797175,1031.5,147768,7621134600.0,18.536456863298522,5000,USc,50,13.7564,15.8876
SOYBEAN,2016-11-29,180695,25794,841404,1043.5,154901,8081959675.0,18.409824531378504,5000,USc,50,13.7564,15.8876
SOYBEAN,2016-12-06,179229,26144,866834,1047.5,153085,8017826875.0,17.660244060569845,5000,USc,50,13.7564,15.8876
SOYBEAN,2016-12-13,171017,26021,880522,1027.5,144996,7449169500.0,16.467050227024423,5000,USc,50,13.7564,15.8876
SOYBEAN,2016-12-20,168025,25464,860636,1005.75,142561,7169036287.5,16.56461035792135,5000,USc,50,13.7564,15.8876
SOYBEAN,2016-12-27,159918,22026,783863,1014.25,137892,6992848050.0,17.5913393029139,5000,USc,50,13.7564,15.8876
SOYBEAN,2017-01-03,154073,22992,753646,996.25,131081,6529472312.5,17.392913914490357,5000,USc,50,13.7564,15.8876
SOYBEAN,2017-01-10,156058,22929,753124,1013.0,133129,6742983850.0,17.676903139456453,5000,USc,50,13.7564,15.8876
SOYBEAN,2017-01-17,161927,23920,832348,1067.5,138007,7366123625.0,16.580444717834368,5000,USc,50,13.7564,15.8876
SOYBEAN,2017-01-24,173959,33985,888526,1058.75,139974,7409873625.0,15.753506368975135,5000,USc,50,13.7564,15.8876
SOYBEAN,2017-01-31,173592,31287,880384,1024.25,142305,7287794812.5,16.163969358825238,5000,USc,50,13.7564,15.8876
SOYBEAN,2017-02-07,180309,34592,894710,1041.5,145717,7588212775.0,16.28650624224609,5000,USc,50,13.7564,15.8876
SOYBEAN,2017-02-14,189812,37821,939543,1045.5,151991,7945329525.0,16.177120153095707,5000,USc,50,13.7564,15.8876
SOYBEAN,2017-02-21,194289,38388,937737,1026.5,155901,8001618825.0,16.625237140050995,5000,USc,50,13.7564,15.8876
SOYBEAN,2017-02-28,185992,28053,828977,1037.25,157939,8191111387.5,19.0522776868357,5000,USc,50,13.7564,15.8876
SOYBEAN,2017-03-07,188413,29337,832019,1025.75,159076,8158610350.0,19.11927492040446,5000,USc,50,13.7564,15.8876
SOYBEAN,2017-03-14,174914,38054,851069,999.0,136860,6836157000.0,16.080952308214727,5000,USc,50,13.7564,15.8876
SOYBEAN,2017-03-21,176274,37491,882245,1000.75,138783,6944354362.5,15.730664384609716,5000,USc,50,13.7564,15.8876
SOYBEAN,2017-03-28,153257,24781,900849,970.5,128476,6234297900.0,14.261657614095146,5000,USc,50,13.7564,15.8876
SOYBEAN,2017-04-04,146977,29600,972367,938.75,117377,5509382937.5,12.071265273297016,5000,USc,50,13.7564,15.8876
SOYBEAN,2017-04-11,141700,28219,1005527,942.25,113481,5346373612.5,11.28572380453235,5000,USc,50,13.7564,15.8876
SOYBEAN,2017-04-18,139806,29146,1006985,946.75,110660,5238367750.0,10.989240157499863,5000,USc,50,13.7564,15.8876
SOYBEAN,2017-04-25,126768,25163,821873,965.75,101605,4906251437.5,12.362615635262381,5000,USc,50,13.7564,15.8876
SOYBEAN,2017-05-02,127963,26804,796675,969.25,101159,4902418037.5,12.697649606175668,5000,USc,50,13.7564,15.8876
SOYBEAN,2017-05-09,131301,29553,799068,973.5,101748,4952583900.0,12.733334334499691,5000,USc,50,13.7564,15.8876
SOYBEAN,2017-05-16,129614,26531,804104,975.75,103083,5029161862.5,12.819610398654902,5000,USc,50,13.7564,15.8876
SOYBEAN,2017-05-23,130610,28415,843018,949.5,102195,4851707625.0,12.122516956933303,5000,USc,50,13.7564,15.8876
SOYBEAN,2017-05-30,128474,29458,881728,912.0,99016,4515129600.0,11.229767002975974,5000,USc,50,13.7564,15.8876
SOYBEAN,2017-06-06,130508,40263,904932,924.5,90245,4171575125.0,9.972572524786392,5000,USc,50,13.7564,15.8876
SOYBEAN,2017-06-13,128699,42019,903351,933.25,86680,4044705500.0,9.595384296912274,5000,USc,50,13.7564,15.8876
SOYBEAN,2017-06-20,127722,49865,916537,929.25,77857,3617430862.5,8.494692521960378,5000,USc,50,13.7564,15.8876
SOYBEAN,2017-06-27,125711,27520,839666,917.25,98191,4503284737.5,11.694054540734054,5000,USc,50,13.7564,15.8876
SOYBEAN,2017-07-03,131539,34066,847190,980.75,97473,4779832237.5,11.50544742029533,5000,USc,50,13.7564,15.8876
SOYBEAN,2017-07-11,142582,42765,908861,1041.75,99817,5199217987.5,10.982647511555673,5000,USc,50,13.7564,15.8876
SOYBEAN,2017-07-18,149251,36375,860651,1002.0,112876,5655087600.0,13.115188386465594,5000,USc,50,13.7564,15.8876
SOYBEAN,2017-07-25,152034,33635,793968,992.0,118399,5872590400.0,14.91231384640187,5000,USc,50,13.7564,15.8876
SOYBEAN,2017-08-01,151270,31446,793582,970.5,119824,5814459600.0,15.099132792830483,5000,USc,50,13.7564,15.8876
SOYBEAN,2017-08-08,151295,30630,796479,972.5,120665,5867335625.0,15.149803070765206,5000,USc,50,13.7564,15.8876
SOYBEAN,2017-08-15,148071,29649,858554,925.0,118422,5477017500.0,13.793191808552518,5000,USc,50,13.7564,15.8876
SOYBEAN,2017-08-22,151042,35095,877727,937.5,115947,5435015625.0,13.20991606729655,5000,USc,50,13.7564,15.8876
SOYBEAN,2017-08-29,147893,30789,798548,936.5,117104,5483394800.0,14.664616278545562,5000,USc,50,13.7564,15.8876
SOYBEAN,2017-09-05,148295,31425,816962,968.75,116870,5660890625.0,14.305438931064113,5000,USc,50,13.7564,15.8876
SOYBEAN,2017-09-12,147824,27726,827274,950.5,120098,5707657450.0,14.517318325004775,5000,USc,50,13.7564,15.8876
SOYBEAN,2017-09-19,147920,26151,821337,966.75,121769,5886009037.5,14.825704917713436,5000,USc,50,13.7564,15.8876
SOYBEAN,2017-09-26,150270,25251,819398,963.5,125019,6022790325.0,15.257420691776158,5000,USc,50,13.7564,15.8876
SOYBEAN,2017-10-03,151452,28489,848692,956.0,122963,5877631400.0,14.488530585889817,5000,USc,50,13.7564,15.8876
SOYBEAN,2017-10-10,153463,31410,877789,966.75,122053,5899736887.5,13.904594384299642,5000,USc,50,13.7564,15.8876
SOYBEAN,2017-10-17,160757,35328,907268,985.5,125429,6180513975.0,13.824911712966841,5000,USc,50,13.7564,15.8876
SOYBEAN,2017-10-24,156861,35535,930344,976.75,121326,5925258525.0,13.040982690273706,5000,USc,50,13.7564,15.8876
SOYBEAN,2017-10-31,148903,26140,758371,984.75,122763,6044543212.5,16.187723422968443,5000,USc,50,13.7564,15.8876
SOYBEAN,2017-11-07,149407,25090,801232,996.25,124317,6192540562.5,15.515730774607107,5000,USc,50,13.7564,15.8876
SOYBEAN,2017-11-14,144077,25566,824750,968.75,118511,5740376562.5,14.369324037587146,5000,USc,50,13.7564,15.8876
SOYBEAN,2017-11-21,148009,30835,833552,988.5,117174,5791324950.0,14.057191392978483,5000,USc,50,13.7564,15.8876
SOYBEAN,2017-11-28,153506,35317,832314,993.75,118189,5872515937.5,14.200049500549072,5000,USc,50,13.7564,15.8876
SOYBEAN,2017-12-05,158261,41156,889756,1008.5,117105,5905019625.0,13.161473482617705,5000,USc,50,13.7564,15.8876
SOYBEAN,2017-12-12,146960,29597,846620,976.25,117363,5728781437.5,13.862535730315845,5000,USc,50,13.7564,15.8876
SOYBEAN,2017-12-19,150480,43136,893209,955.25,107344,5127017800.0,12.017792028517402,5000,USc,50,13.7564,15.8876
SOYBEAN,2017-12-26,144846,38170,841222,969.25,106676,5169785650.0,12.681075863446273,5000,USc,50,13.7564,15.8876
SOYBEAN,2018-01-02,147229,40746,814798,965.5,106483,5140466825.0,13.06863787098152,5000,USc,50,14.2065,16.3619
SOYBEAN,2018-01-09,151405,43001,843057,963.25,108404,5221007650.0,12.858442548961696,5000,USc,50,14.2065,16.3619
SOYBEAN,2018-01-16,161680,48822,886347,966.75,112858,5455273575.0,12.732936423319535,5000,USc,50,14.2065,16.3619
SOYBEAN,2018-01-23,170103,53700,914648,985.75,116403,5737212862.5,12.726535235412967,5000,USc,50,14.2065,16.3619
SOYBEAN,2018-01-30,176992,55649,929890,999.5,121343,6064116425.0,13.049177859746852,5000,USc,50,14.2065,16.3619
SOYBEAN,2018-02-06,177151,54180,927214,987.0,122971,6068618850.0,13.262418384536904,5000,USc,50,14.2065,16.3619
SOYBEAN,2018-02-13,166258,40377,929483,1010.75,125881,6361711037.5,13.543120207685346,5000,USc,50,14.2065,16.3619
SOYBEAN,2018-02-20,171111,36039,1004294,1025.75,135072,6927505200.0,13.449448069987474,5000,USc,50,14.2065,16.3619
SOYBEAN,2018-02-27,162322,26014,931437,1049.0,136308,7149354600.0,14.634162052828051,5000,USc,50,14.2065,16.3619
SOYBEAN,2018-03-06,186520,30831,1010410,1074.75,155689,8366337637.5,15.408497540602331,5000,USc,50,14.2065,16.3619
SOYBEAN,2018-03-13,200136,32605,1042930,1048.5,167531,8782812675.0,16.063494194241223,5000,USc,50,14.2065,16.3619
SOYBEAN,2018-03-20,206182,41643,1045359,1027.75,164539,8455247862.5,15.739951538179705,5000,USc,50,14.2065,16.3619
SOYBEAN,2018-03-27,205222,41701,1057007,1019.75,163521,8337526987.5,15.470190831281155,5000,USc,50,14.2065,16.3619
SOYBEAN,2018-04-03,213060,39722,1101433,1038.0,173338,8996242200.0,15.737498331718768,5000,USc,50,14.2065,16.3619
SOYBEAN,2018-04-10,219059,41860,1153636,1049.75,177199,9300732512.5,15.36004424272474,5000,USc,50,14.2065,16.3619
SOYBEAN,2018-04-17,217348,38547,1174860,1046.0,178801,9351292300.0,15.218919701070766,5000,USc,50,14.2065,16.3619
SOYBEAN,2018-04-24,203260,36066,1055909,1032.75,167194,8633480175.0,15.834129645641811,5000,USc,50,14.2065,16.3619
SOYBEAN,2018-05-01,201359,35108,1020055,1051.25,166251,8738568187.5,16.29823882045576,5000,USc,50,14.2065,16.3619
SOYBEAN,2018-05-08,205327,36334,1034304,1020.25,168993,8620755412.5,16.338813346946353,5000,USc,50,14.2065,16.3619
SOYBEAN,2018-05-15,211294,38762,1069154,1016.25,172532,8766782250.0,16.13724496190446,5000,USc,50,14.2065,16.3619
SOYBEAN,2018-05-22,228221,62221,1094121,1030.0,166000,8549000000.0,15.171996515924654,5000,USc,50,14.2065,16.3619
SOYBEAN,2018-05-29,244001,78692,1096288,1033.25,165309,8540276212.5,15.078975597653171,5000,USc,50,14.2065,16.3619
SOYBEAN,2018-06-05,255693,81831,1105632,1001.5,173862,8706139650.0,15.725123730138058,5000,USc,50,14.2065,16.3619
SOYBEAN,2018-06-12,252235,91136,1158517,954.0,161099,7684422300.0,13.905622446627888,5000,USc,50,14.2065,16.3619
SOYBEAN,2018-06-19,264822,102518,1199773,889.25,162304,7216441600.0,13.527892359638031,5000,USc,50,14.2065,16.3619
SOYBEAN,2018-06-26,232248,91540,1020620,887.25,140708,6242158650.0,13.786521918049813,5000,USc,50,14.2065,16.3619
SOYBEAN,2018-07-03,236246,105249,1006046,864.25,130997,5660707862.5,13.020975184037312,5000,USc,50,14.2065,16.3619
SOYBEAN,2018-07-10,235397,106604,1039967,872.0,128793,5615374800.0,12.384335272176905,5000,USc,50,14.2065,16.3619
SOYBEAN,2018-07-17,243092,110019,1091032,855.75,133073,5693860987.5,12.196984139786919,5000,USc,50,14.2065,16.3619
SOYBEAN,2018-07-24,245125,113991,1090029,874.0,131134,5730555800.0,12.030322129044272,5000,USc,50,14.2065,16.3619
SOYBEAN,2018-07-31,230326,93547,1000785,918.0,136779,6278156100.0,13.667171270552616,5000,USc,50,14.2065,16.3619
SOYBEAN,2018-08-07,227568,91323,989374,905.0,136245,6165086250.0,13.770828827116945,5000,USc,50,14.2065,16.3619
SOYBEAN,2018-08-14,216654,84532,995560,880.25,132122,5815019525.0,13.271123789625939,5000,USc,50,14.2065,16.3619
SOYBEAN,2018-08-21,213699,84419,991658,885.0,129280,5720640000.0,13.036752590106671,5000,USc,50,14.2065,16.3619
SOYBEAN,2018-08-28,201301,82076,984531,833.75,119225,4970192187.5,12.109826912509611,5000,USc,50,14.2065,16.3619
SOYBEAN,2018-09-04,201097,80785,986647,843.75,120312,5075662500.0,12.194026840399859,5000,USc,50,14.2065,16.3619
SOYBEAN,2018-09-11,198417,76849,1016904,831.25,121568,5052670000.0,11.954717456121719,5000,USc,50,14.2065,16.3619
SOYBEAN,2018-09-18,201018,80352,1071417,814.25,120666,4912614525.0,11.262281632641633,5000,USc,50,14.2065,16.3619
SOYBEAN,2018-09-25,203337,79016,1033689,846.75,124321,5263440337.5,12.026924926162511,5000,USc,50,14.2065,16.3619
SOYBEAN,2018-10-02,214686,81132,1036462,867.0,133554,5789565900.0,12.885566475181918,5000,USc,50,14.2065,16.3619
SOYBEAN,2018-10-09,210382,73289,1023172,861.75,137093,5906994637.5,13.39882248536903,5000,USc,50,14.2065,16.3619
SOYBEAN,2018-10-16,218837,70495,1038852,883.75,148342,6554862125.0,14.279416124722289,5000,USc,50,14.2065,16.3619
SOYBEAN,2018-10-23,218339,69579,1007499,857.0,148760,6374366000.0,14.765275201265709,5000,USc,50,14.2065,16.3619
SOYBEAN,2018-10-30,191468,47092,857128,846.75,144376,6112518900.0,16.844158632082955,5000,USc,50,14.2065,16.3619
SOYBEAN,2018-11-06,196693,48921,863966,884.5,147772,6535216700.0,17.103913811423137,5000,USc,50,14.2065,16.3619
SOYBEAN,2018-11-13,195191,50271,862245,878.25,144920,6363799500.0,16.80728795180024,5000,USc,50,14.2065,16.3619
SOYBEAN,2018-11-20,193163,49023,858578,881.25,144140,6351168750.0,16.78822424986431,5000,USc,50,14.2065,16.3619
SOYBEAN,2018-11-27,190001,50559,863843,877.0,139442,6114531700.0,16.142053590756653,5000,USc,50,14.2065,16.3619
SOYBEAN,2018-12-04,198542,56358,887846,910.5,142184,6472926600.0,16.014488999218333,5000,USc,50,14.2065,16.3619
SOYBEAN,2018-12-11,195754,55344,883438,914.75,140410,6422002375.0,15.89358845782047,5000,USc,50,14.2065,16.3619
SOYBEAN,2018-12-18,191029,58368,876677,906.75,132661,6014518087.5,15.132255095092034,5000,USc,50,14.2065,16.3619
SOYBEAN,2018-12-24,180786,38796,801293,884.25,141990,6277732875.0,17.720109872418703,5000,USc,50,14.2065,16.3619
SOYBEAN,2018-12-31,177544,38859,767589,894.0,138685,6199219500.0,18.06761170365912,5000,USc,50,14.2065,16.3619
SOYBEAN,2019-01-08,178259,37542,779971,918.5,140717,6462428225.0,18.041311792361512,5000,USc,50,14.2456,16.7907
SOYBEAN,2019-01-15,179280,40060,802437,894.75,139220,6228354750.0,17.349648632852173,5000,USc,50,14.2456,16.7907
SOYBEAN,2019-01-22,179527,41575,821410,909.75,137952,6275091600.0,16.794536224297246,5000,USc,50,14.2456,16.7907
SOYBEAN,2019-01-29,176958,39498,811858,919.5,137460,6319723500.0,16.93153236157062,5000,USc,50,14.2456,16.7907
SOYBEAN,2019-02-05,176939,41063,862754,920.25,135876,6251994450.0,15.74910113427466,5000,USc,50,14.2456,16.7907
SOYBEAN,2019-02-12,173312,42423,861492,917.5,130889,6004532875.0,15.19329256684914,5000,USc,50,14.2456,16.7907
SOYBEAN,2019-02-19,176593,46738,861682,901.5,129855,5853214125.0,15.069944596730581,5000,USc,50,14.2456,16.7907
SOYBEAN,2019-02-26,168237,30516,749083,917.5,137721,6317950875.0,18.385279067873654,5000,USc,50,14.2456,16.7907
SOYBEAN,2019-03-05,166496,39073,763800,913.75,127423,5821638312.5,16.68277035873265,5000,USc,50,14.2456,16.7907
SOYBEAN,2019-03-12,162073,44527,817173,896.75,117546,5270468775.0,14.384469384083909,5000,USc,50,14.2456,16.7907
SOYBEAN,2019-03-19,160068,49140,814860,903.5,110928,5011172400.0,13.613135998821885,5000,USc,50,14.2456,16.7907
SOYBEAN,2019-03-26,161533,51359,829090,900.75,110174,4961961525.0,13.28854527252771,5000,USc,50,14.2456,16.7907
SOYBEAN,2019-04-02,165262,62952,862409,899.75,102310,4602671125.0,11.863280647581368,5000,USc,50,14.2456,16.7907
SOYBEAN,2019-04-09,165391,63965,900302,898.75,101426,4557830875.0,11.265775262078725,5000,USc,50,14.2456,16.7907
SOYBEAN,2019-04-16,173020,68502,934191,887.75,104518,4639292725.0,11.188076100069472,5000,USc,50,14.2456,16.7907
SOYBEAN,2019-04-23,177507,76322,990947,862.0,101185,4361073500.0,10.210939636529503,5000,USc,50,14.2456,16.7907
SOYBEAN,2019-04-30,173955,65402,879342,854.5,108553,4637926925.0,12.344798724500821,5000,USc,50,14.2456,16.7907
SOYBEAN,2019-05-07,178842,69524,936496,831.0,109318,4542162900.0,11.673087765457622,5000,USc,50,14.2456,16.7907
SOYBEAN,2019-05-14,180793,68613,962057,829.5,112180,4652665500.0,11.660431762359195,5000,USc,50,14.2456,16.7907
SOYBEAN,2019-05-21,180455,67740,994965,821.25,112715,4628359687.5,11.32853919484605,5000,USc,50,14.2456,16.7907
SOYBEAN,2019-05-28,177027,61952,961941,856.0,115075,4925210000.0,11.962791896800324,5000,USc,50,14.2456,16.7907
SOYBEAN,2019-06-04,178228,59926,960273,880.0,118302,5205288000.0,12.319621607605336,5000,USc,50,14.2456,16.7907
SOYBEAN,2019-06-11,174111,53889,950678,857.75,120222,5156021025.0,12.645922173438326,5000,USc,50,14.2456,16.7907
SOYBEAN,2019-06-18,183517,60272,996601,912.0,123245,5619972000.0,12.366533848551226,5000,USc,50,14.2456,16.7907
SOYBEAN,2019-06-25,159803,40585,788536,902.75,119218,5381202475.0,15.118903892783589,5000,USc,50,14.2456,16.7907
SOYBEAN,2019-07-02,155477,35534,784366,898.75,119943,5389938562.5,15.291713307308068,5000,USc,50,14.2456,16.7907
SOYBEAN,2019-07-09,158002,39309,812433,904.25,118693,5366407262.5,14.609573958714133,5000,USc,50,14.2456,16.7907
SOYBEAN,2019-07-16,162694,42290,811228,905.5,120404,5451291100.0,14.842189865241338,5000,USc,50,14.2456,16.7907
SOYBEAN,2019-07-23,164507,47466,817103,903.25,117041,5285864162.5,14.323897966351856,5000,USc,50,14.2456,16.7907
SOYBEAN,2019-07-30,161714,48820,729129,894.75,112894,5050595325.0,15.483405542777753,5000,USc,50,14.2456,16.7907
SOYBEAN,2019-08-06,162843,58475,770883,866.0,104368,4519134400.0,13.538760097187252,5000,USc,50,14.2456,16.7907
SOYBEAN,2019-08-13,163420,57947,751743,890.25,105473,4694866912.5,14.030459877910403,5000,USc,50,14.2456,16.7907
SOYBEAN,2019-08-20,164278,58721,776580,868.5,105557,4583812725.0,13.592546807798294,5000,USc,50,14.2456,16.7907
SOYBEAN,2019-08-27,162192,54027,748556,859.0,108165,4645686750.0,14.449820721495787,5000,USc,50,14.2456,16.7907
SOYBEAN,2019-09-03,161744,53910,749565,867.0,107834,4674603900.0,14.386210668854602,5000,USc,50,14.2456,16.7907
SOYBEAN,2019-09-10,165389,53522,781241,872.25,111867,4878799537.5,14.319140956503821,5000,USc,50,14.2456,16.7907
SOYBEAN,2019-09-17,179069,56438,793509,894.75,122631,5486204362.5,15.454267059352825,5000,USc,50,14.2456,16.7907
SOYBEAN,2019-09-24,174779,50887,805480,893.25,123892,5533326450.0,15.381139196503948,5000,USc,50,14.2456,16.7907
SOYBEAN,2019-10-01,181467,52918,850859,918.25,128549,5902005962.5,15.10814365247356,5000,USc,50,14.2456,16.7907
SOYBEAN,2019-10-08,197604,60867,858088,919.25,136737,6284774362.5,15.935078919644605,5000,USc,50,14.2456,16.7907
SOYBEAN,2019-10-15,213971,71421,918041,933.25,142550,6651739375.0,15.52762894031966,5000,USc,50,14.2456,16.7907
SOYBEAN,2019-10-22,219606,71585,961653,934.0,148021,6912580700.0,15.392350463212823,5000,USc,50,14.2456,16.7907
SOYBEAN,2019-10-29,201650,41689,819092,932.5,159961,7458181625.0,19.529063890258968,5000,USc,50,14.2456,16.7907
SOYBEAN,2019-11-05,209417,46638,814903,934.25,162779,7603814037.5,19.975260859267912,5000,USc,50,14.2456,16.7907
SOYBEAN,2019-11-12,216457,55796,856390,916.75,160661,7364298587.5,18.760261095995983,5000,USc,50,14.2456,16.7907
SOYBEAN,2019-11-19,210880,55624,883341,911.5,155256,7075792200.0,17.575998396995047,5000,USc,50,14.2456,16.7907
SOYBEAN,2019-11-26,205980,61662,930712,884.5,144318,6382463550.0,15.5061931080721,5000,USc,50,14.2456,16.7907
SOYBEAN,2019-12-03,207744,70725,987980,872.75,137019,5979166612.5,13.86860057895909,5000,USc,50,14.2456,16.7907
SOYBEAN,2019-12-10,205384,80890,1005156,900.25,124494,5603786175.0,12.38554015496102,5000,USc,50,14.2456,16.7907
SOYBEAN,2019-12-17,212772,82258,969569,927.75,130514,6054218175.0,13.461032685657234,5000,USc,50,14.2456,16.7907
SOYBEAN,2019-12-24,211841,72394,931796,937.0,139447,6533091950.0,14.965400151964591,5000,USc,50,14.2456,16.7907
SOYBEAN,2019-12-31,201452,58422,848230,956.0,143030,6836834000.0,16.862171816606345,5000,USc,50,14.2456,16.7907
SOYBEAN,2020-01-07,206443,54098,859039,944.0,152345,7190684000.0,17.7343519910039,5000,USc,50,13.4244,16.0124
SOYBEAN,2020-01-14,212159,52003,887409,941.5,160156,7539343700.0,18.047596993043793,5000,USc,50,13.4244,16.0124
SOYBEAN,2020-01-21,220421,50731,914140,915.5,169690,7767559750.0,18.562802196600085,5000,USc,50,13.4244,16.0124
SOYBEAN,2020-01-28,218689,55451,955012,895.5,163238,7308981450.0,17.092769514938034,5000,USc,50,13.4244,16.0124
SOYBEAN,2020-02-04,223915,70708,1020423,879.5,153207,6737277825.0,15.014067695455708,5000,USc,50,13.4244,16.0124
SOYBEAN,2020-02-11,215309,77615,1048773,885.0,137694,6092959500.0,13.129056526054733,5000,USc,50,13.4244,16.0124
SOYBEAN,2020-02-18,219927,73223,1026078,891.5,146704,6539330800.0,14.297548529449028,5000,USc,50,13.4244,16.0124
SOYBEAN,2020-02-25,205699,60124,932765,888.25,145575,6465349687.5,15.606824870144143,5000,USc,50,13.4244,16.0124
SOYBEAN,2020-03-03,210265,65007,920924,904.5,145258,6569293050.0,15.773071393513472,5000,USc,50,13.4244,16.0124
SOYBEAN,2020-03-10,213141,68025,956756,876.75,145116,6361522650.0,15.16750352231917,5000,USc,50,13.4244,16.0124
SOYBEAN,2020-03-17,205656,76943,985804,825.0,128713,5309411250.0,13.056652235129903,5000,USc,50,13.4244,16.0124
SOYBEAN,2020-03-24,205533,77386,960687,886.0,128147,5676912100.0,13.339100039867303,5000,USc,50,13.4244,16.0124
SOYBEAN,2020-03-31,201139,71212,958222,885.5,129927,5752517925.0,13.559175222443235,5000,USc,50,13.4244,16.0124
SOYBEAN,2020-04-07,198808,67896,1003031,856.0,130912,5603033600.0,13.051640477712054,5000,USc,50,13.4244,16.0124
SOYBEAN,2020-04-14,197813,66878,1029023,846.5,130935,5541823875.0,12.724205387051601,5000,USc,50,13.4244,16.0124
SOYBEAN,2020-04-21,210538,74370,1059115,841.25,136168,5727566500.0,12.85677192750551,5000,USc,50,13.4244,16.0124
SOYBEAN,2020-04-28,208401,57184,975705,830.75,151217,6281176137.5,15.498229485346492,5000,USc,50,13.4244,16.0124
SOYBEAN,2020-05-05,210575,58180,973256,838.5,152395,6389160375.0,15.658264629244515,5000,USc,50,13.4244,16.0124
SOYBEAN,2020-05-12,214629,58475,1025674,852.25,156154,6654112325.0,15.224525531504163,5000,USc,50,13.4244,16.0124
SOYBEAN,2020-05-19,219393,61708,1038765,843.0,157685,6646422750.0,15.180045534841854,5000,USc,50,13.4244,16.0124
SOYBEAN,2020-05-26,219436,63648,1042699,847.25,155788,6599569150.0,14.940841028906712,5000,USc,50,13.4244,16.0124
SOYBEAN,2020-06-02,228382,65488,1047660,852.0,162894,6939284400.0,15.548364927552832,5000,USc,50,13.4244,16.0124
SOYBEAN,2020-06-09,225885,55807,1044618,863.75,170078,7345243625.0,16.281358353005597,5000,USc,50,13.4244,16.0124
SOYBEAN,2020-06-16,228092,63854,1063884,867.25,164238,7121770275.0,15.437585300653078,5000,USc,50,13.4244,16.0124
SOYBEAN,2020-06-23,227230,76890,1045355,875.25,150340,6579254250.0,14.381717215682709,5000,USc,50,13.4244,16.0124
SOYBEAN,2020-06-30,215280,53561,949644,882.0,161719,7131807900.0,17.029434187969386,5000,USc,50,13.4244,16.0124
SOYBEAN,2020-07-07,225954,57492,1001034,901.75,168462,7595530425.0,16.82879902181145,5000,USc,50,13.4244,16.0124
SOYBEAN,2020-07-14,222463,53910,975293,878.5,168553,7403690525.0,17.28229362868389,5000,USc,50,13.4244,16.0124
SOYBEAN,2020-07-21,227251,56737,994119,893.5,170514,7617712950.0,17.15227251465871,5000,USc,50,13.4244,16.0124
SOYBEAN,2020-07-28,226150,50474,967977,887.75,175676,7797818450.0,18.148778328410696,5000,USc,50,13.4244,16.0124
SOYBEAN,2020-08-04,237589,60184,975735,881.5,177405,7819125375.0,18.18167842703193,5000,USc,50,13.4244,16.0124
SOYBEAN,2020-08-11,234735,51269,984159,873.75,183466,8015170875.0,18.64190643991469,5000,USc,50,13.4244,16.0124
SOYBEAN,2020-08-18,241416,50143,983437,913.5,191273,8736394275.0,19.449441092820386,5000,USc,50,13.4244,16.0124
SOYBEAN,2020-08-25,234770,48363,965554,920.25,186407,8577052087.5,19.30570428997239,5000,USc,50,13.4244,16.0124
SOYBEAN,2020-09-01,243956,53711,1033542,953.5,190245,9069930375.0,18.40708940710682,5000,USc,50,13.4244,16.0124
SOYBEAN,2020-09-08,242235,55105,1069089,974.0,187130,9113231000.0,17.503687719170248,5000,USc,50,13.4244,16.0124
SOYBEAN,2020-09-15,255694,62698,1147625,992.0,192996,9572601600.0,16.81699161311404,5000,USc,50,13.4244,16.0124
SOYBEAN,2020-09-22,266055,67481,1218442,1019.75,198574,10124791825.0,16.29736991994695,5000,USc,50,13.4244,16.0124
SOYBEAN,2020-09-29,265879,62725,1190425,991.75,203154,10073898975.0,17.065669823802423,5000,USc,50,13.4244,16.0124
SOYBEAN,2020-10-06,274507,74523,1273728,1043.25,199984,10431665400.0,15.700683348407196,5000,USc,50,13.4244,16.0124
SOYBEAN,2020-10-13,280032,78727,1317802,1044.5,201305,10513153625.0,15.275815334928918,5000,USc,50,13.4244,16.0124
SOYBEAN,2020-10-20,280617,81125,1326365,1065.0,199492,10622949000.0,15.040505441563973,5000,USc,50,13.4244,16.0124
SOYBEAN,2020-10-27,263988,53757,1167917,1076.5,210231,11315683575.0,18.00050859778563,5000,USc,50,13.4244,16.0124
SOYBEAN,2020-11-03,267270,60614,1126533,1062.5,206656,10978600000.0,18.34442488591102,5000,USc,50,13.4244,16.0124
SOYBEAN,2020-11-10,273756,70495,1212671,1146.5,203261,11651936825.0,16.761429934417496,5000,USc,50,13.4244,16.0124
SOYBEAN,2020-11-17,272674,75209,1249960,1169.75,197465,11549234187.5,15.79770552657685,5000,USc,50,13.4244,16.0124
SOYBEAN,2020-11-24,268607,74647,1262347,1194.0,193960,11579412000.0,15.365030375958433,5000,USc,50,13.4244,16.0124
SOYBEAN,2020-12-01,258868,72635,1253881,1163.5,186233,10834104775.0,14.852525877655056,5000,USc,50,13.4244,16.0124
SOYBEAN,2020-12-08,256904,84374,1254808,1146.0,172530,9885969000.0,13.749513869851004,5000,USc,50,13.4244,16.0124
SOYBEAN,2020-12-15,268010,90773,1278091,1185.75,177237,10507938637.5,13.867322436352342,5000,USc,50,13.4244,16.0124
SOYBEAN,2020-12-21,276250,96592,1346329,1243.0,179658,11165744700.0,13.344286574826809,5000,USc,50,13.4244,16.0124
SOYBEAN,2020-12-29,259640,86553,1217723,1299.25,173087,11244164237.5,14.213987910222603,5000,USc,50,13.4244,16.0124
SOYBEAN,2021-01-05,264736,98553,1282647,1350.5,166183,11221507075.0,12.956253747133855,5000,USc,50,14.536,16.4035
SOYBEAN,2021-01-12,266803,107434,1342333,1423.0,159369,11339104350.0,11.872538334377536,5000,USc,50,14.536,16.4035
SOYBEAN,2021-01-19,259400,110535,1355785,1383.5,148865,10297736375.0,10.97998576470458,5000,USc,50,14.536,16.4035
SOYBEAN,2021-01-26,253689,106451,1315695,1371.5,147238,10096845850.0,11.19089150601013,5000,USc,50,14.536,16.4035
SOYBEAN,2021-02-02,254560,110738,1311283,1354.0,143822,9736749400.0,10.968036648076732,5000,USc,50,14.536,16.4035
SOYBEAN,2021-02-09,268223,113942,1321924,1404.25,154281,10832454712.5,11.670943261488558,5000,USc,50,14.536,16.4035
SOYBEAN,2021-02-16,272709,110889,1294632,1385.0,161820,11206035000.0,12.499304821756297,5000,USc,50,14.536,16.4035
SOYBEAN,2021-02-23,258390,93728,1173245,1408.0,164662,11592204800.0,14.034749775196145,5000,USc,50,14.536,16.4035
SOYBEAN,2021-03-02,265786,98149,1156624,1413.0,167637,11843554050.0,14.493647027901893,5000,USc,50,14.536,16.4035
SOYBEAN,2021-03-09,268337,102571,1193643,1440.25,165766,11937224075.0,13.88740184460513,5000,USc,50,14.536,16.4035
SOYBEAN,2021-03-16,267705,99420,1179511,1421.75,168285,11962959937.5,14.267353165845847,5000,USc,50,14.536,16.4035
SOYBEAN,2021-03-23,264671,98072,1176773,1421.75,166599,11843106412.5,14.15727587223704,5000,USc,50,14.536,16.4035
SOYBEAN,2021-03-30,260925,96061,1175658,1367.5,164864,11272576000.0,14.023125772971392,5000,USc,50,14.536,16.4035
SOYBEAN,2021-04-06,270730,98662,1193107,1420.5,172068,12221129700.0,14.421841460992182,5000,USc,50,14.536,16.4035
SOYBEAN,2021-04-13,269678,98256,1208328,1389.25,171422,11907400675.0,14.186710893068769,5000,USc,50,14.536,16.4035
SOYBEAN,2021-04-20,282431,109370,1249501,1458.25,173061,12618310162.5,13.850409083306056,5000,USc,50,14.536,16.4035
SOYBEAN,2021-04-27,273915,90862,1167102,1518.25,183053,13896010862.5,15.684404619304912,5000,USc,50,14.536,16.4035
SOYBEAN,2021-05-04,277061,90075,1139988,1540.0,186986,14397922000.0,16.402453359158166,5000,USc,50,14.536,16.4035
SOYBEAN,2021-05-11,280586,93017,1173327,1616.0,187569,15155575200.0,15.986080606685093,5000,USc,50,14.536,16.4035
SOYBEAN,2021-05-18,271913,91503,1175415,1574.5,180410,14202777250.0,15.348621550686353,5000,USc,50,14.536,16.4035
SOYBEAN,2021-05-25,270042,82367,1142076,1512.75,187675,14195267812.5,16.432794314914247,5000,USc,50,14.536,16.4035
SOYBEAN,2021-06-01,272322,86822,1165736,1548.25,185500,14360018750.0,15.912693783155019,5000,USc,50,14.536,16.4035
SOYBEAN,2021-06-08,268613,84564,1195861,1583.0,184049,14567478350.0,15.390501069940402,5000,USc,50,14.536,16.4035
SOYBEAN,2021-06-15,268783,84702,1165967,1463.75,184081,13472428187.5,15.787839621533028,5000,USc,50,14.536,16.4035
SOYBEAN,2021-06-22,259299,90691,1145008,1303.5,168608,10989026400.0,14.725486634154523,5000,USc,50,14.536,16.4035
SOYBEAN,2021-06-29,228578,60302,926661,1310.25,168276,11024181450.0,18.159391622178987,5000,USc,50,14.536,16.4035
SOYBEAN,2021-07-06,232100,61053,945291,1306.25,171047,11171507187.5,18.094639640068507,5000,USc,50,14.536,16.4035
SOYBEAN,2021-07-13,231928,62379,937499,1351.25,169549,11455154312.5,18.08524595759569,5000,USc,50,14.536,16.4035
SOYBEAN,2021-07-20,235710,66247,959460,1389.75,169463,11775560212.5,17.662330894461466,5000,USc,50,14.536,16.4035
SOYBEAN,2021-07-27,227990,55469,885088,1361.25,172521,11742210562.5,19.491960121479444,5000,USc,50,14.536,16.4035
SOYBEAN,2021-08-03,227335,54754,867297,1320.0,172581,11390346000.0,19.898719815703274,5000,USc,50,14.536,16.4035
SOYBEAN,2021-08-10,226282,54532,873847,1338.5,171750,11494368750.0,19.654470405002247,5000,USc,50,14.536,16.4035
SOYBEAN,2021-08-17,229952,50618,878154,1363.0,179334,12221612100.0,20.42170279928122,5000,USc,50,14.536,16.4035
SOYBEAN,2021-08-24,234241,54274,899684,1331.75,179967,11983552612.5,20.003356734142212,5000,USc,50,14.536,16.4035
SOYBEAN,2021-08-31,221868,46831,853399,1293.5,175037,11320517975.0,20.510570085036424,5000,USc,50,14.536,16.4035
SOYBEAN,2021-09-07,220583,48567,852228,1276.75,172016,10981071400.0,20.18426993715297,5000,USc,50,14.536,16.4035
SOYBEAN,2021-09-14,220430,51641,845260,1282.0,168789,10819374900.0,19.968885313394697,5000,USc,50,14.536,16.4035
SOYBEAN,2021-09-21,217810,48135,857135,1274.25,169675,10810418437.5,19.795598126316158,5000,USc,50,14.536,16.4035
SOYBEAN,2021-09-28,216339,43211,871342,1276.0,173128,11045566400.0,19.869121424193946,5000,USc,50,14.536,16.4035
SOYBEAN,2021-10-05,222220,43019,908200,1251.5,179201,11213502575.0,19.731446817881523,5000,USc,50,14.536,16.4035
SOYBEAN,2021-10-12,232801,52277,978147,1198.5,180524,10817900700.0,18.45571268940149,5000,USc,50,14.536,16.4035
SOYBEAN,2021-10-19,241396,64741,963784,1228.75,176655,10853241562.5,18.329314452200908,5000,USc,50,14.536,16.4035
SOYBEAN,2021-10-26,218096,25195,762618,1237.25,192901,11933338112.5,25.29457736376535,5000,USc,50,14.536,16.4035
SOYBEAN,2021-11-02,223378,24469,728618,1254.5,198909,12476567025.0,27.299490267876998,5000,USc,50,14.536,16.4035
SOYBEAN,2021-11-09,222076,27450,765567,1212.5,194626,11799201250.0,25.422464656914418,5000,USc,50,14.536,16.4035
SOYBEAN,2021-11-16,222147,25476,785185,1252.25,196671,12314062987.5,25.047727605596133,5000,USc,50,14.536,16.4035
SOYBEAN,2021-11-23,225470,29259,823369,1274.5,196211,12503545975.0,23.83026322341502,5000,USc,50,14.536,16.4035
SOYBEAN,2021-11-30,215984,24473,790880,1220.75,191511,11689352662.5,24.214925146672062,5000,USc,50,14.536,16.4035
SOYBEAN,2021-12-07,207594,24338,791580,1252.0,183256,11471825600.0,23.15066070390864,5000,USc,50,14.536,16.4035
SOYBEAN,2021-12-14,206899,29779,767185,1260.25,177120,11160774000.0,23.086999876170676,5000,USc,50,14.536,16.4035
SOYBEAN,2021-12-21,208092,32569,789405,1306.5,175523,11466039975.0,22.234847765088897,5000,USc,50,14.536,16.4035
SOYBEAN,2021-12-28,206988,29877,767439,1367.25,177111,12107750737.5,23.07818601869334,5000,USc,50,14.536,16.4035
SOYBEAN,2022-01-04,214595,33686,789340,1390.5,180909,12577698225.0,22.919020954214915,5000,USc,50,16.6756,16.5651
SOYBEAN,2022-01-11,232945,39332,833968,1385.5,193613,13412540575.0,23.215878786716036,5000,USc,50,16.6756,16.5651
SOYBEAN,2022-01-18,242944,37680,841473,1362.0,205264,13978478400.0,24.393414880810198,5000,USc,50,16.6756,16.5651
SOYBEAN,2022-01-25,240542,49428,883842,1406.5,191114,13440092050.0,21.62309553064914,5000,USc,50,16.6756,16.5651
SOYBEAN,2022-02-01,251091,59169,1006519,1529.5,191922,14677234950.0,19.067896383476118,5000,USc,50,16.6756,16.5651
SOYBEAN,2022-02-08,256054,68256,1078690,1568.75,187798,14730405625.0,17.40982117197712,5000,USc,50,16.6756,16.5651
SOYBEAN,2022-02-15,257336,66984,1124836,1550.25,190352,14754659400.0,16.922644723319667,5000,USc,50,16.6756,16.5651
SOYBEAN,2022-02-22,245105,52443,1036939,1640.75,192662,15805508825.0,18.579877890599157,5000,USc,50,16.6756,16.5651
SOYBEAN,2022-03-01,242548,53087,1007315,1688.0,189461,15990508400.0,18.808515707598914,5000,USc,50,16.6756,16.5651
SOYBEAN,2022-03-08,242073,47699,1003054,1689.75,194374,16422173325.0,19.37821891942009,5000,USc,50,16.6756,16.5651
SOYBEAN,2022-03-15,261068,53043,999098,1657.0,208025,17234871250.0,20.821280795277342,5000,USc,50,16.6756,16.5651
SOYBEAN,2022-03-22,268107,50858,1016326,1697.25,217249,18436293262.5,21.375916782607156,5000,USc,50,16.6756,16.5651
SOYBEAN,2022-03-29,261347,48445,982306,1643.75,212902,17497883125.0,21.673694347789795,5000,USc,50,16.6756,16.5651
SOYBEAN,2022-04-05,259713,49655,979037,1630.0,210058,17119727000.0,21.455573180584594,5000,USc,50,16.6756,16.5651
SOYBEAN,2022-04-12,257965,49051,984410,1672.0,208914,17465210400.0,21.222254954744464,5000,USc,50,16.6756,16.5651
SOYBEAN,2022-04-19,263837,52117,1005019,1716.75,211720,18173515500.0,21.06626839890589,5000,USc,50,16.6756,16.5651
SOYBEAN,2022-04-26,246775,47301,904744,1671.0,199474,16666052700.0,22.047562625449853,5000,USc,50,16.6756,16.5651
SOYBEAN,2022-05-03,242765,47754,888673,1631.0,195011,15903147050.0,21.944067165312774,5000,USc,50,16.6756,16.5651
SOYBEAN,2022-05-10,238727,49084,895823,1593.75,189643,15112176562.5,21.169695352765,5000,USc,50,16.6756,16.5651
SOYBEAN,2022-05-17,242424,60999,920248,1678.5,181425,15226093125.0,19.714794272848188,5000,USc,50,16.6756,16.5651
SOYBEAN,2022-05-24,249572,60091,932993,1692.0,189481,16030092600.0,20.308941224639412,5000,USc,50,16.6756,16.5651
SOYBEAN,2022-05-31,251584,60824,963118,1687.0,190760,16090606000.0,19.806503460635145,5000,USc,50,16.6756,16.5651
SOYBEAN,2022-06-07,253742,63839,979103,1731.0,189903,16436104650.0,19.395610063496896,5000,USc,50,16.6756,16.5651
SOYBEAN,2022-06-14,262050,63426,971426,1698.0,198624,16863177600.0,20.446642358759185,5000,USc,50,16.6756,16.5651
SOYBEAN,2022-06-21,262136,64861,959863,1683.25,197275,16603157187.5,20.55241216715302,5000,USc,50,16.6756,16.5651
SOYBEAN,2022-06-28,234473,53097,800466,1461.25,181376,13251784000.0,22.65880124827288,5000,USc,50,16.6756,16.5651
SOYBEAN,2022-07-05,231421,61238,805841,1320.0,170183,11232078000.0,21.118682221430777,5000,USc,50,16.6756,16.5651
SOYBEAN,2022-07-12,219256,62925,790441,1340.75,156331,10480039412.5,19.777693717810692,5000,USc,50,16.6756,16.5651
SOYBEAN,2022-07-19,211612,64930,782719,1359.5,146682,9970708950.0,18.740058692838684,5000,USc,50,16.6756,16.5651
SOYBEAN,2022-07-26,197657,55500,724199,1380.25,142157,9810609962.5,19.629549336577377,5000,USc,50,16.6756,16.5651
SOYBEAN,2022-08-02,203365,56452,733897,1382.25,146913,10153524712.5,20.018204189416224,5000,USc,50,16.6756,16.5651
SOYBEAN,2022-08-09,203748,56952,749412,1428.5,146796,10484904300.0,19.5881571151783,5000,USc,50,16.6756,16.5651
SOYBEAN,2022-08-16,197871,53914,756272,1381.75,143957,9945629237.5,19.03508261577845,5000,USc,50,16.6756,16.5651
SOYBEAN,2022-08-23,201309,58026,789452,1460.75,143283,10465032112.5,18.14967851116977,5000,USc,50,16.6756,16.5651
SOYBEAN,2022-08-30,190716,46558,741434,1434.25,144158,10337930575.0,19.44313317166464,5000,USc,50,16.6756,16.5651
SOYBEAN,2022-09-06,187060,47529,741820,1400.75,139531,9772402412.5,18.809279879215982,5000,USc,50,16.6756,16.5651
SOYBEAN,2022-09-13,181638,49741,794029,1477.25,131897,9742242162.5,16.611106143478388,5000,USc,50,16.6756,16.5651
SOYBEAN,2022-09-20,181813,48675,808861,1476.25,133138,9827248625.0,16.459935637890812,5000,USc,50,16.6756,16.5651
SOYBEAN,2022-09-27,174471,44554,830261,1408.5,129917,9149404725.0,15.647730051152589,5000,USc,50,16.6756,16.5651
SOYBEAN,2022-10-04,166267,45241,810388,1383.25,121026,8370460725.0,14.934327754112845,5000,USc,50,16.6756,16.5651
SOYBEAN,2022-10-11,161647,46462,833186,1374.75,115185,7917528937.5,13.824644197094047,5000,USc,50,16.6756,16.5651
SOYBEAN,2022-10-18,167677,54518,847777,1372.0,113159,7762707400.0,13.347731773803725,5000,USc,50,16.6756,16.5651
SOYBEAN,2022-10-25,159511,43967,721646,1382.5,115544,7986979000.0,16.01117445395665,5000,USc,50,16.6756,16.5651
SOYBEAN,2022-11-01,161524,42146,669123,1446.0,119378,8631029400.0,17.840964964587975,5000,USc,50,16.6756,16.5651
SOYBEAN,2022-11-08,164035,43883,703484,1447.0,120152,8692997200.0,17.07956399861262,5000,USc,50,16.6756,16.5651
SOYBEAN,2022-11-15,164847,39380,711647,1456.5,125467,9137134275.0,17.630510632378133,5000,USc,50,16.6756,16.5651
SOYBEAN,2022-11-22,168055,37291,718082,1432.5,130764,9365971500.0,18.210176553652644,5000,USc,50,16.6756,16.5651
SOYBEAN,2022-11-29,164243,36839,721613,1459.0,127404,9294121800.0,17.655446894665147,5000,USc,50,16.6756,16.5651
SOYBEAN,2022-12-06,166722,46700,719341,1456.5,120022,8740602150.0,16.684993626110565,5000,USc,50,16.6756,16.5651
SOYBEAN,2022-12-13,173276,48646,744707,1480.5,124630,9225735750.0,16.735440918374607,5000,USc,50,16.6756,16.5651
SOYBEAN,2022-12-20,165138,43788,733115,1478.0,121350,8967765000.0,16.552655449690704,5000,USc,50,16.6756,16.5651
SOYBEAN,2022-12-27,160355,39091,682246,1488.0,121264,9022041600.0,17.77423392735172,5000,USc,50,16.6756,16.5651
SOYBEAN,2023-01-03,164749,40037,703996,1494.5,124712,9319104200.0,17.714873379962388,5000,USc,50,15.1229,16.6816
SOYBEAN,2023-01-10,164603,42823,727769,1485.75,121780,9046731750.0,16.733331592854324,5000,USc,50,15.1229,16.6816
SOYBEAN,2023-01-17,166852,43808,771901,1539.75,123044,9472849950.0,15.940386137600548,5000,USc,50,15.1229,16.6816
SOYBEAN,2023-01-24,173287,44699,797356,1489.25,128588,9574983950.0,16.126799070929422,5000,USc,50,15.1229,16.6816
SOYBEAN,2023-01-31,173788,42938,807030,1538.0,130850,10062365000.0,16.213771483092327,5000,USc,50,15.1229,16.6816
SOYBEAN,2023-02-07,179660,43908,840111,1516.25,135752,10291698500.0,16.15881710869159,5000,USc,50,15.1229,16.6816
SOYBEAN,2023-02-14,187496,49142,868514,1537.0,138354,10632504900.0,15.929967737998465,5000,USc,50,15.1229,16.6816
SOYBEAN,2023-02-21,187898,52899,860772,1548.5,134999,10452297575.0,15.683479481209892,5000,USc,50,15.1229,16.6816
SOYBEAN,2023-02-28,181315,42555,789610,1479.5,138760,10264771000.0,17.573232355213335,5000,USc,50,15.1229,16.6816
SOYBEAN,2023-03-07,180039,45542,816692,1516.25,134497,10196553812.5,16.468509548275236,5000,USc,50,15.1229,16.6816
SOYBEAN,2023-03-14,179077,51563,840290,1494.5,127514,9528483650.0,15.174999107450999,5000,USc,50,15.1229,16.6816
SOYBEAN,2023-03-21,184137,55697,867790,1466.75,128440,9419468500.0,14.8008158655896,5000,USc,50,15.1229,16.6816
SOYBEAN,2023-03-28,179497,55405,886818,1466.75,124092,9100597050.0,13.992950075438252,5000,USc,50,15.1229,16.6816
SOYBEAN,2023-04-04,190838,52801,911421,1519.0,138037,10483910150.0,15.145251206632281,5000,USc,50,15.1229,16.6816
SOYBEAN,2023-04-11,186930,49318,882745,1497.5,137612,10303698500.0,15.589099909940016,5000,USc,50,15.1229,16.6816
SOYBEAN,2023-04-18,192084,54880,856008,1489.5,137204,10218267900.0,16.028354875188082,5000,USc,50,15.1229,16.6816
SOYBEAN,2023-04-25,175851,44337,750013,1417.75,131514,9322698675.0,17.534896061801593,5000,USc,50,15.1229,16.6816
SOYBEAN,2023-05-02,176709,52799,733018,1409.25,123910,8731008375.0,16.90408693920204,5000,USc,50,15.1229,16.6816
SOYBEAN,2023-05-09,181476,56755,762666,1414.0,124721,8817774700.0,16.35329226686387,5000,USc,50,15.1229,16.6816
SOYBEAN,2023-05-16,186778,67553,815277,1364.5,119225,8134125625.0,14.623864036394993,5000,USc,50,15.1229,16.6816
SOYBEAN,2023-05-23,188631,79071,842442,1322.0,109560,7241916000.0,13.005049605788885,5000,USc,50,15.1229,16.6816
SOYBEAN,2023-05-30,182042,72168,847867,1295.75,109874,7118461775.0,12.958872087249535,5000,USc,50,15.1229,16.6816
SOYBEAN,2023-06-06,181710,73685,854072,1353.0,108025,7307891250.0,12.648231062486534,5000,USc,50,15.1229,16.6816
SOYBEAN,2023-06-13,184088,74414,845019,1399.0,109674,7671696300.0,12.978879764833689,5000,USc,50,15.1229,16.6816
SOYBEAN,2023-06-20,195535,71653,875106,1344.0,123882,8324870400.0,14.1562279312449,5000,USc,50,15.1229,16.6816
SOYBEAN,2023-06-27,193797,42664,766683,1293.75,151133,9776415937.5,19.712580036338355,5000,USc,50,15.1229,16.6816
SOYBEAN,2023-07-03,194906,49338,790525,1353.25,145568,9849494800.0,18.4140919009519,5000,USc,50,15.1229,16.6816
SOYBEAN,2023-07-11,193795,50643,811792,1360.25,143152,9736125400.0,17.63407375288251,5000,USc,50,15.1229,16.6816
SOYBEAN,2023-07-18,199248,50956,864390,1394.5,148292,10339659700.0,17.155682041671007,5000,USc,50,15.1229,16.6816
SOYBEAN,2023-07-25,193692,40987,859676,1419.0,152705,10834419750.0,17.76308748877484,5000,USc,50,15.1229,16.6816
SOYBEAN,2023-08-01,189835,38608,813382,1344.0,151227,10162454400.0,18.592371112220334,5000,USc,50,15.1229,16.6816
SOYBEAN,2023-08-08,189242,39084,802230,1305.25,150158,9799686475.0,18.71757476035551,5000,USc,50,15.1229,16.6816
SOYBEAN,2023-08-15,186816,39494,817683,1304.5,147322,9609077450.0,18.017006590573608,5000,USc,50,15.1229,16.6816
SOYBEAN,2023-08-22,188775,40328,845742,1344.5,148447,9979349575.0,17.552279536785452,5000,USc,50,15.1229,16.6816
SOYBEAN,2023-08-29,188378,35832,856057,1392.25,152546,10619108425.0,17.819607806489522,5000,USc,50,15.1229,16.6816
SOYBEAN,2023-09-05,187719,36741,875032,1367.0,150978,10319346300.0,17.253997568088938,5000,USc,50,15.1229,16.6816
SOYBEAN,2023-09-12,189160,39967,905855,1344.75,149193,10031364337.5,16.469854446903753,5000,USc,50,15.1229,16.6816
SOYBEAN,2023-09-19,186241,43982,955446,1315.25,142259,9355307487.5,14.889276840344717,5000,USc,50,15.1229,16.6816
SOYBEAN,2023-09-26,178535,48263,946573,1304.0,130272,8493734400.0,13.762488471570602,5000,USc,50,15.1229,16.6816
SOYBEAN,2023-10-03,185153,53492,994381,1274.5,131661,8390097225.0,13.240498360286448,5000,USc,50,15.1229,16.6816
SOYBEAN,2023-10-10,185596,57782,1021295,1272.75,127814,8133763425.0,12.514895304490867,5000,USc,50,15.1229,16.6816
SOYBEAN,2023-10-17,183078,57422,1037359,1297.75,125656,8153503700.0,12.11306789645629,5000,USc,50,15.1229,16.6816
SOYBEAN,2023-10-24,183500,57890,1005083,1293.5,125610,8123826750.0,12.497475332882955,5000,USc,50,15.1229,16.6816
SOYBEAN,2023-10-31,168535,44402,813932,1311.5,124133,8140021475.0,15.251028341433928,5000,USc,50,15.1229,16.6816
SOYBEAN,2023-11-07,182648,38174,845550,1363.0,144474,9845903100.0,17.08639347170481,5000,USc,50,15.1229,16.6816
SOYBEAN,2023-11-14,186399,40360,878980,1391.25,146039,10158837937.5,16.614598739448,5000,USc,50,15.1229,16.6816
SOYBEAN,2023-11-21,187686,40400,891751,1375.75,147286,10131435725.0,16.51649395402977,5000,USc,50,15.1229,16.6816
SOYBEAN,2023-11-28,179070,37300,865163,1347.0,141770,9548209500.0,16.38650751361304,5000,USc,50,15.1229,16.6816
SOYBEAN,2023-12-05,177054,40443,846078,1308.5,136611,8937774675.0,16.14638366675413,5000,USc,50,15.1229,16.6816
SOYBEAN,2023-12-12,173169,42116,849842,1323.5,131053,8672432275.0,15.420866466943266,5000,USc,50,15.1229,16.6816
SOYBEAN,2023-12-19,172053,45386,827119,1312.5,126667,8312521875.0,15.314241360674824,5000,USc,50,15.1229,16.6816
SOYBEAN,2023-12-26,162654,36978,752705,1318.0,125676,8282048400.0,16.69658099786769,5000,USc,50,15.1229,16.6816
SOYBEAN,2024-01-02,163025,37741,789479,1273.5,125284,7977458700.0,15.869199814054586,5000,USc,50,15.0153,16.5485
SOYBEAN,2024-01-09,166405,44825,833627,1247.75,121580,7585072250.0,14.584460436142304,5000,USc,50,15.0153,16.5485
SOYBEAN,2024-01-16,173516,53991,874503,1227.5,119525,7335846875.0,13.667763289548462,5000,USc,50,15.0153,16.5485
SOYBEAN,2024-01-23,174259,58651,931391,1239.25,115608,7163360700.0,12.412402524825772,5000,USc,50,15.0153,16.5485
SOYBEAN,2024-01-30,178623,58627,956224,1220.25,119996,7321255950.0,12.548942507194965,5000,USc,50,15.0153,16.5485
SOYBEAN,2024-02-06,182657,65354,991437,1199.75,117303,7036713712.5,11.831614111637956,5000,USc,50,15.0153,16.5485
SOYBEAN,2024-02-13,186593,66665,1005227,1187.0,119928,7117726800.0,11.930439592251302,5000,USc,50,15.0153,16.5485
SOYBEAN,2024-02-20,185175,67439,1037578,1178.75,117736,6939065500.0,11.347195102440491,5000,USc,50,15.0153,16.5485
SOYBEAN,2024-02-27,183310,76431,922159,1143.25,106879,6109470837.5,11.590083705738381,5000,USc,50,15.0153,16.5485
SOYBEAN,2024-03-05,195018,78997,927931,1148.75,116021,6663956187.5,12.503192586517747,5000,USc,50,15.0153,16.5485
SOYBEAN,2024-03-12,198261,76826,951826,1194.0,121435,7249669500.0,12.758109150201822,5000,USc,50,15.0153,16.5485
SOYBEAN,2024-03-19,200108,77149,995024,1185.75,122959,7289931712.5,12.35739037450353,5000,USc,50,15.0153,16.5485
SOYBEAN,2024-03-26,203312,76285,1022662,1198.0,127027,7608917300.0,12.421210527036303,5000,USc,50,15.0153,16.5485
SOYBEAN,2024-04-02,203726,79129,1054786,1175.5,124597,7323188675.0,11.81253827790661,5000,USc,50,15.0153,16.5485
SOYBEAN,2024-04-09,193393,71541,1064875,1175.25,121852,7160328150.0,11.442845404390187,5000,USc,50,15.0153,16.5485
SOYBEAN,2024-04-16,194760,78256,1126772,1145.0,116504,6669854000.0,10.339625052805713,5000,USc,50,15.0153,16.5485
SOYBEAN,2024-04-23,192561,76959,1057438,1181.0,115602,6826298100.0,10.932272152126178,5000,USc,50,15.0153,16.5485
SOYBEAN,2024-04-30,191427,71839,911168,1162.5,119588,6951052500.0,13.12469270211421,5000,USc,50,15.0153,16.5485
SOYBEAN,2024-05-07,204749,61563,954273,1245.25,143186,8915118325.0,15.00472087128107,5000,USc,50,15.0153,16.5485
SOYBEAN,2024-05-14,205597,57191,966137,1214.5,148406,9011954350.0,15.360761465506446,5000,USc,50,15.0153,16.5485
SOYBEAN,2024-05-21,214937,59374,1006051,1235.75,155563,9611848862.5,15.46273499057205,5000,USc,50,15.0153,16.5485
SOYBEAN,2024-05-28,206019,51907,1007496,1230.0,154112,9477888000.0,15.296537157467624,5000,USc,50,15.0153,16.5485
SOYBEAN,2024-06-04,209171,66877,1074413,1179.5,142294,8391788650.0,13.243882938869875,5000,USc,50,15.0153,16.5485
SOYBEAN,2024-06-11,198474,72398,1056572,1177.0,126076,7419572600.0,11.932551686018558,5000,USc,50,15.0153,16.5485
SOYBEAN,2024-06-18,205964,88666,1067089,1172.5,117298,6876595250.0,10.992335222272931,5000,USc,50,15.0153,16.5485
SOYBEAN,2024-06-25,194540,79239,937412,1111.25,115301,6406411812.5,12.299927886564285,5000,USc,50,15.0153,16.5485
SOYBEAN,2024-07-02,193984,84353,983073,1113.0,109631,6100965150.0,11.151867663947641,5000,USc,50,15.0153,16.5485
SOYBEAN,2024-07-09,194581,90676,1043919,1077.75,103905,5599180687.5,9.953358450224586,5000,USc,50,15.0153,16.5485
SOYBEAN,2024-07-16,193465,100990,1104005,1044.5,92475,4829506875.0,8.37632075941685,5000,USc,50,15.0153,16.5485
SOYBEAN,2024-07-23,193499,94577,1095369,1076.0,98922,5322003600.0,9.030929303275883,5000,USc,50,15.0153,16.5485
SOYBEAN,2024-07-30,184755,98527,1022005,1020.0,86228,4397628000.0,8.437140718489635,5000,USc,50,15.0153,16.5485
SOYBEAN,2024-08-06,187150,99501,1042564,1026.75,87649,4499680537.5,8.407061820665206,5000,USc,50,15.0153,16.5485
SOYBEAN,2024-08-13,191429,111627,1128030,961.0,79802,3834486100.0,7.074457239612422,5000,USc,50,15.0153,16.5485
SOYBEAN,2024-08-20,196170,116196,1098788,977.0,79974,3906729900.0,7.278383091187745,5000,USc,50,15.0153,16.5485
SOYBEAN,2024-08-27,193734,107664,1044645,987.75,86070,4250782125.0,8.239162586333157,5000,USc,50,15.0153,16.5485
SOYBEAN,2024-09-03,201083,108985,1056648,1012.5,92098,4662461250.0,8.71605302806611,5000,USc,50,15.0153,16.5485
SOYBEAN,2024-09-10,206328,107301,1075036,997.25,99027,4937733787.5,9.211505475165483,5000,USc,50,15.0153,16.5485
SOYBEAN,2024-09-17,205736,109571,1100046,1007.25,96165,4843109812.5,8.741907156609814,5000,USc,50,15.0153,16.5485
SOYBEAN,2024-09-24,214767,107482,1098571,1042.75,107285,5593571687.5,9.76586856925952,5000,USc,50,15.0153,16.5485
SOYBEAN,2024-10-01,216176,103000,1136492,1056.5,113176,5978522200.0,9.958363103303851,5000,USc,50,15.0153,16.5485
SOYBEAN,2024-10-08,212663,100505,1174728,1016.25,112158,5699028375.0,9.547571863444134,5000,USc,50,15.0153,16.5485
SOYBEAN,2024-10-15,216479,120055,1275990,992.5,96424,4785041000.0,7.556799034475192,5000,USc,50,15.0153,16.5485
SOYBEAN,2024-10-22,208945,117888,1277598,992.25,91057,4517565412.5,7.1272027664414,5000,USc,50,15.0153,16.5485
SOYBEAN,2024-10-29,195031,94272,1077260,980.0,100759,4937191000.0,9.35326662087147,5000,USc,50,15.0153,16.5485
SOYBEAN,2024-11-05,206205,91959,1087574,1003.5,114246,5732293050.0,10.504664510185053,5000,USc,50,15.0153,16.5485
SOYBEAN,2024-11-12,207801,96717,1111933,1012.25,111084,5622238950.0,9.990170271050504,5000,USc,50,15.0153,16.5485
SOYBEAN,2024-11-19,212582,103417,1169119,998.5,109165,5450062625.0,9.337372842285516,5000,USc,50,15.0153,16.5485
SOYBEAN,2024-11-26,211444,107590,1152213,983.0,103854,5104424100.0,9.013437619606792,5000,USc,50,15.0153,16.5485
SOYBEAN,2024-12-03,211227,105464,1162816,991.5,105763,5243200725.0,9.09542008365898,5000,USc,50,15.0153,16.5485
SOYBEAN,2024-12-10,203527,101332,1156829,995.25,102195,5085478687.5,8.834062769864863,5000,USc,50,15.0153,16.5485
SOYBEAN,2024-12-17,203093,102880,1187520,976.75,100213,4894152387.5,8.438847345728915,5000,USc,50,15.0153,16.5485
SOYBEAN,2024-12-24,196108,100783,1118594,979.75,95325,4669733437.5,8.521858690463207,5000,USc,50,15.0153,16.5485
SOYBEAN,2024-12-31,188043,86583,1004749,1010.0,101460,5123730000.0,10.098044387205164,5000,USc,50,15.0153,16.5485
SOYBEAN,2025-01-07,196849,85368,1013280,997.25,111481,5558721362.5,11.00199352597505,5000,USc,50,13.4895,16.5327
SOYBEAN,2025-01-14,221145,82375,1051694,1046.25,138770,7259405625.0,13.194902699834742,5000,USc,50,13.4895,16.5327
SOYBEAN,2025-01-21,233468,79152,1113024,1067.5,154316,8236616500.0,13.864570754988211,5000,USc,50,13.4895,16.5327
SOYBEAN,2025-01-28,227228,67724,1083451,1045.75,159504,8340065400.0,14.721847134757363,5000,USc,50,13.4895,16.5327
SOYBEAN,2025-02-04,234865,71966,1131723,1075.25,162899,8757857487.5,14.393893205316141,5000,USc,50,13.4895,16.5327
SOYBEAN,2025-02-11,222516,57841,1131852,1043.75,164675,8593976562.5,14.549163671575435,5000,USc,50,13.4895,16.5327
SOYBEAN,2025-02-18,222263,65732,1128352,1038.25,156531,8125915537.5,13.872532684835937,5000,USc,50,13.4895,16.5327
SOYBEAN,2025-02-25,216806,56103,997806,1049.25,160703,8430881137.5,16.10563576486812,5000,USc,50,13.4895,16.5327
SOYBEAN,2025-03-04,223527,71564,1024053,1001.75,151963,7611446762.5,14.839368665488994,5000,USc,50,13.4895,16.5327
SOYBEAN,2025-03-11,217357,76612,1013977,1010.0,140745,7107622500.0,13.880492358307931,5000,USc,50,13.4895,16.5327
SOYBEAN,2025-03-18,220748,80888,1038123,1012.75,139860,7082160750.0,13.472391999791933,5000,USc,50,13.4895,16.5327
SOYBEAN,2025-03-25,222389,85016,1043992,1002.25,137373,6884104462.5,13.158434164246469,5000,USc,50,13.4895,16.5327
SOYBEAN,2025-04-01,228173,89815,1064084,1032.75,138358,7144461225.0,13.002544911867862,5000,USc,50,13.4895,16.5327
SOYBEAN,2025-04-08,215440,86773,1128085,992.5,128667,6385099875.0,11.40578945735472,5000,USc,50,13.4895,16.5327
SOYBEAN,2025-04-15,204211,69670,1063360,1035.25,134541,6964178512.5,12.652441318086066,5000,USc,50,13.4895,16.5327
SOYBEAN,2025-04-22,200776,63392,1069567,1046.25,137384,7186900500.0,12.844824120415083,5000,USc,50,13.4895,16.5327
SOYBEAN,2025-04-29,195067,52037,950100,1052.5,143030,7526953750.0,15.054204820545205,5000,USc,50,13.4895,16.5327
SOYBEAN,2025-05-06,200533,53560,986918,1040.5,146973,7646270325.0,14.892118696791426,5000,USc,50,13.4895,16.5327
SOYBEAN,2025-05-13,207897,56060,1047835,1075.0,151837,8161238750.0,14.490544789971704,5000,USc,50,13.4895,16.5327
SOYBEAN,2025-05-20,214246,56377,1066944,1054.25,157869,8321669662.5,14.796371693359728,5000,USc,50,13.4895,16.5327
SOYBEAN,2025-05-27,215455,54613,1052306,1061.75,160842,8538699675.0,15.28471756314228,5000,USc,50,13.4895,16.5327
SOYBEAN,2025-06-03,216987,59771,1073527,1041.0,157216,8183092800.0,14.64481098286303,5000,USc,50,13.4895,16.5327
SOYBEAN,2025-06-10,202792,44695,1038315,1057.75,158097,8361355087.5,15.226304156253159,5000,USc,50,13.4895,16.5327
SOYBEAN,2025-06-17,206710,44396,1040560,1074.0,162314,8716261800.0,15.598716075959098,5000,USc,50,13.4895,16.5327
SOYBEAN,2025-06-24,206895,36658,988599,1037.0,170237,8826788450.0,17.22002551084919,5000,USc,50,13.4895,16.5327
SOYBEAN,2025-07-01,204074,42370,1024333,1027.5,161704,8307543000.0,15.786272628139484,5000,USc,50,13.4895,16.5327
SOYBEAN,2025-07-08,206230,43274,1045797,1017.75,162956,8292423450.0,15.581991533729777,5000,USc,50,13.4895,16.5327
SOYBEAN,2025-07-15,210706,52077,1115805,1002.5,158629,7951278625.0,14.216552175335295,5000,USc,50,13.4895,16.5327
SOYBEAN,2025-07-22,220025,53325,1144600,1026.0,166700,8551710000.0,14.564039839245153,5000,USc,50,13.4895,16.5327
SOYBEAN,2025-07-29,219724,49113,1069384,1008.25,170611,8600927037.5,15.954138083232964,5000,USc,50,13.4895,16.5327
SOYBEAN,2025-08-05,226499,60802,1098923,990.5,165697,8206143925.0,15.078126492938996,5000,USc,50,13.4895,16.5327
SOYBEAN,2025-08-12,223533,66639,1107672,1032.25,156894,8097691575.0,14.164301345524668,5000,USc,50,13.4895,16.5327
SOYBEAN,2025-08-19,223746,55667,1126728,1033.25,168079,8683381337.5,14.917442364084321,5000,USc,50,13.4895,16.5327
SOYBEAN,2025-08-26,220584,44337,1056637,1049.0,176247,9244155150.0,16.679995116582138,5000,USc,50,13.4895,16.5327
SOYBEAN,2025-09-02,223978,48769,1074829,1040.0,175209,9110868000.0,16.30110464083124,5000,USc,50,13.4895,16.5327
SOYBEAN,2025-09-09,225606,52059,1085745,1030.5,173547,8942009175.0,15.98413992235746,5000,USc,50,13.4895,16.5327
SOYBEAN,2025-09-16,234677,57139,1121447,1049.0,177538,9311868100.0,15.83115385747164,5000,USc,50,13.4895,16.5327
SOYBEAN,2025-09-23,232854,59973,1211371,1012.5,172881,8752100625.0,14.271515497729432,5000,USc,50,13.4895,16.5327
SOYBEAN,2025-09-30,224137,57611,1159546,1000.75,166526,8332544725.0,14.361310374922597,5000,USc,50,13.4895,16.5327
SOYBEAN,2025-10-07,226752,56829,1168217,1021.0,169923,8674569150.0,14.545499680282003,5000,USc,50,13.4895,16.5327
SOYBEAN,2025-10-14,218524,52274,1232606,1006.25,166250,8364453125.0,13.487683817862317,5000,USc,50,13.4895,16.5327
SOYBEAN,2025-10-21,219669,58400,1203348,1030.5,161269,8309385225.0,13.401692610948787,5000,USc,50,13.4895,16.5327
SOYBEAN,2025-10-28,235148,48502,1110340,1093.5,186646,10204870050.0,16.809806005367726,5000,USc,50,13.4895,16.5327
SOYBEAN,2025-11-04,251655,49574,1174017,1120.25,202081,11319062012.5,17.212783119835574,5000,USc,50,13.4895,16.5327
SOYBEAN,2025-11-10,263880,52910,1230936,1127.5,210970,11893433750.0,17.138990166832393,5000,USc,50,13.4895,16.5327
SOYBEAN,2025-11-18,257842,52570,1286961,1150.5,205272,11808271800.0,15.950133687034807,5000,USc,50,13.4895,16.5327
SOYBEAN,2025-11-25,245931,44142,1189294,1124.0,201789,11340541800.0,16.967125033843608,5000,USc,50,13.4895,16.5327
SOYBEAN,2025-12-02,243446,45004,1194302,1124.0,198442,11152440400.0,16.615730359657775,5000,USc,50,13.4895,16.5327
SOYBEAN,2025-12-09,240533,40441,1192964,1087.75,200092,10882503650.0,16.77267713024031,5000,USc,50,13.4895,16.5327
SOYBEAN,2025-12-16,237179,41010,1161576,1063.25,196169,10428834462.5,16.88817606424375,5000,USc,50,13.4895,16.5327
SOYBEAN,2025-12-23,227541,40609,1116964,1063.0,186932,9935435800.0,16.735722906020246,5000,USc,50,13.4895,16.5327
SOYBEAN,2025-12-30,220272,29673,938577,1060.75,190599,10108894462.5,20.30723105296635,5000,USc,50,13.4895,16.5327
SOYBEAN,2026-01-06,222308,36532,961910,1056.5,185776,9813617200.0,19.313241363537127,5000,USc,50,11.0024,14.8895
SOYBEAN,2026-01-13,225855,44940,1018811,1039.0,180915,9398534250.0,17.757464338331644,5000,USc,50,11.0024,14.8895
SOYBEAN,2026-01-20,220642,49700,1038385,1053.0,170942,9000096300.0,16.462294813580705,5000,USc,50,11.0024,14.8895
SOYBEAN,2026-01-27,218795,49572,1047723,1067.5,169223,9032277625.0,16.151501875972944,5000,USc,50,11.0024,14.8895
SOYBEAN,2026-02-03,221630,49111,1084818,1066.75,172519,9201732162.5,15.903036269678417,5000,USc,50,11.0024,14.8895
SOYBEAN,2026-02-10,230878,47339,1207201,1123.25,183539,10308009087.5,15.203681905498753,5000,USc,50,11.0024,14.8895
SOYBEAN,2026-02-17,241243,50135,1281116,1134.75,191108,10842990150.0,14.917306473418487,5000,USc,50,11.0024,14.8895
SOYBEAN,2026-02-24,238007,38200,1190468,1154.5,199807,11533859075.0,16.783903473255897,5000,USc,50,11.0024,14.8895
SOYBEAN,2026-03-03,256979,41609,1241062,1171.5,215370,12615297750.0,17.353685794907907,5000,USc,50,11.0024,14.8895
SOYBEAN,2026-03-10,262489,43092,1306197,1203.25,219397,13199472012.5,16.79662409269046,5000,USc,50,11.0024,14.8895
SOYBEAN,2026-03-17,257418,42906,1286114,1156.5,214512,12404156400.0,16.67908132560566,5000,USc,50,11.0024,14.8895
SOYBEAN,2026-03-24,255695,40478,1255147,1154.0,215217,12418020900.0,17.146756515372303,5000,USc,50,11.0024,14.8895
SOYBEAN,2026-03-31,256152,36478,1239712,1172.25,219674,12875642325.0,17.71976071861852,5000,USc,50,11.0024,14.8895
SOYBEAN,2026-04-07,258226,36044,1263287,1158.0,222182,12864337800.0,17.587610732953003,5000,USc,50,11.0024,14.8895
SOYBEAN,2026-04-14,248540,36723,1271026,1156.5,211817,12248318025.0,16.665040683668156,5000,USc,50,11.0024,14.8895
SOYBEAN,2026-04-21,246834,39081,1256878,1174.25,207753,12197698012.5,16.52928923889192,5000,USc,50,11.0024,14.8895
SOYBEAN,2026-04-28,239812,30611,1096353,1190.25,209201,12450074512.5,19.0815366948419,5000,USc,50,11.0024,14.8895
SOYBEAN,2026-05-05,258832,37170,1192969,1210.25,221662,13413321775.0,18.58070075584529,5000,USc,50,11.0024,14.8895
SOYBEAN,2026-05-12,278347,47255,1236781,1225.25,231092,14157273650.0,18.6849571589473,5000,USc,50,11.0024,14.8895
SOYBEAN,2026-05-19,298430,51554,1288117,1210.25,246876,14939083950.0,19.165650325242193,5000,USc,50,11.0024,14.8895
SOYBEAN,2026-05-26,302305,49539,1251755,1185.5,252766,14982704650.0,20.192929127504982,5000,USc,50,11.0024,14.8895
SOYBEAN,2026-06-02,303845,52552,1293079,1164.5,251293,14631534925.0,19.433692759684444,5000,USc,50,11.0024,14.8895
SOYBEAN,2026-06-09,285721,54446,1283568,1114.0,231275,12882017500.0,18.018133826957357,5000,USc,50,11.0024,14.8895
SOYBEAN,2026-06-16,282775,62829,1305487,1129.5,219946,12421450350.0,16.847812348954836,5000,USc,50,11.0024,14.8895
SOYBEAN,2026-06-23,282477,64624,1277543,1141.5,217853,12433959975.0,17.05249842862432,5000,USc,50,11.0024,14.8895
SOYBEAN,2026-06-30,243422,46670,1082050,1143.5,196752,11249295600.0,18.183263250311906,5000,USc,50,11.0024,14.8895
SOYBEAN,2026-07-07,231111,47064,1202753,1196.5,184047,11010611775.0,15.302144330548334,5000,USc,50,11.0024,14.8895
SOYBEAN,2026-07-14,220926,43586,1231185,1190.5,177340,10556163500.0,14.404009145660481,5000,USc,50,11.0024,14.8895
SOYBEAN,2026-07-21,237012,46149,1300374,1222.25,190863,11664115087.5,14.67754661351273,5000,USc,50,11.0024,14.8895
SOYBEAN,2026-07-28,226839,41014,1239392,1219.75,185825,11333002187.5,14.993238620226693,5000,USc,50,11.0024,14.8895
SOYBEAN,2026-08-04,222268,37714,1194700,1177.25,184554,10863309825.0,15.447727462961414,5000,USc,50,11.0024,14.8895
SOYBEAN,2026-08-11,218941,40962,1203233,1167.75,177979,10391748862.5,14.79173194219241,5000,USc,50,11.0024,14.8895
SOYBEAN,2026-08-18,226764,43172,1219563,1215.25,183592,11155508900.0,15.053916853823871,5000,USc,50,11.0024,14.8895
SOYBEAN,2026-08-25,240994,40736,1192738,1238.75,200258,12403479875.0,16.789772774909494,5000,USc,50,11.0024,14.8895
SRW,2016-01-05,126241,20823,491615,460.5,105418,2427249450.0,21.443202506026058,5000,USc,50,12.8104,9.0254
SRW,2016-01-12,131707,24617,506373,479.5,107090,2567482750.0,21.14844195879322,5000,USc,50,12.8104,9.0254
SRW,2016-01-19,130031,25842,500412,473.0,104189,2464069850.0,20.820643789517437,5000,USc,50,12.8104,9.0254
SRW,2016-01-26,131061,27418,486726,484.25,103643,2509456137.5,21.29391074238894,5000,USc,50,12.8104,9.0254
SRW,2016-02-02,135038,25159,502064,476.25,109879,2616493687.5,21.885456834188467,5000,USc,50,12.8104,9.0254
SRW,2016-02-09,136974,27889,547245,457.75,109085,2496682937.5,19.93348500214712,5000,USc,50,12.8104,9.0254
SRW,2016-02-16,139172,32166,564052,463.5,107006,2479864050.0,18.970945941154362,5000,USc,50,12.8104,9.0254
SRW,2016-02-23,133239,27429,510901,455.5,105810,2409822750.0,20.710470325953562,5000,USc,50,12.8104,9.0254
SRW,2016-03-01,130077,24117,526908,446.25,105960,2364232500.0,20.109772484001002,5000,USc,50,12.8104,9.0254
SRW,2016-03-08,133454,26638,529522,467.0,106816,2494153600.0,20.172155264559358,5000,USc,50,12.8104,9.0254
SRW,2016-03-15,140249,32984,524685,477.0,107265,2558270250.0,20.443694788301553,5000,USc,50,12.8104,9.0254
SRW,2016-03-22,139910,34228,535602,467.25,105682,2468995725.0,19.731442376988884,5000,USc,50,12.8104,9.0254
SRW,2016-03-29,144561,35163,534234,475.75,109398,2602304925.0,20.47754354833275,5000,USc,50,12.8104,9.0254
SRW,2016-04-05,149884,30571,553313,474.75,119313,2832192337.5,21.563382750811925,5000,USc,50,12.8104,9.0254
SRW,2016-04-12,139582,24459,591360,462.0,115123,2659341300.0,19.467498647186147,5000,USc,50,12.8104,9.0254
SRW,2016-04-19,145277,24705,593880,492.5,120572,2969085500.0,20.30241799690173,5000,USc,50,12.8104,9.0254
SRW,2016-04-26,135577,18721,506947,486.75,116856,2843982900.0,23.050930373392088,5000,USc,50,12.8104,9.0254
SRW,2016-05-03,138037,15864,501622,470.75,122173,2875646987.5,24.355590464533055,5000,USc,50,12.8104,9.0254
SRW,2016-05-10,136719,21371,518973,461.5,115348,2661655100.0,22.22620444608872,5000,USc,50,12.8104,9.0254
SRW,2016-05-17,142305,25367,503740,482.0,116938,2818205800.0,23.213959582324215,5000,USc,50,12.8104,9.0254
SRW,2016-05-24,143088,27081,505986,464.75,116007,2695712662.5,22.926918926610618,5000,USc,50,12.8104,9.0254
SRW,2016-05-31,143580,26823,506509,466.0,116757,2720438100.0,23.051317943017793,5000,USc,50,12.8104,9.0254
SRW,2016-06-07,145360,30336,524642,510.5,115024,2935987600.0,21.92428360672611,5000,USc,50,12.8104,9.0254
SRW,2016-06-14,145402,29232,528801,486.75,116170,2827287375.0,21.968566625252222,5000,USc,50,12.8104,9.0254
SRW,2016-06-21,149263,33440,533609,459.75,115823,2662481212.5,21.705593421400312,5000,USc,50,12.8104,9.0254
SRW,2016-06-28,143360,23661,469486,456.5,119699,2732129675.0,25.49575493198945,5000,USc,50,12.8104,9.0254
SRW,2016-07-05,146893,23482,520417,418.25,123411,2580832537.5,23.7138679174585,5000,USc,50,12.8104,9.0254
SRW,2016-07-12,143866,23286,545083,436.25,120580,2630151250.0,22.121401694787764,5000,USc,50,12.8104,9.0254
SRW,2016-07-19,139716,24620,567300,419.25,115096,2412699900.0,20.288383571302663,5000,USc,50,12.8104,9.0254
SRW,2016-07-26,146127,24833,561410,416.25,121294,2524431375.0,21.60524393936695,5000,USc,50,12.8104,9.0254
SRW,2016-08-02,137277,29284,585850,401.75,107993,2169309387.5,18.433558078006314,5000,USc,50,12.8104,9.0254
SRW,2016-08-09,128009,22029,551337,416.5,105980,2207033500.0,19.222363091902047,5000,USc,50,12.8104,9.0254
SRW,2016-08-16,129555,23210,543878,423.75,106345,2253184687.5,19.553098305134608,5000,USc,50,12.8104,9.0254
SRW,2016-08-23,125918,22229,556989,427.75,103689,2217648487.5,18.61598703026451,5000,USc,50,12.8104,9.0254
SRW,2016-08-30,121455,20065,526618,392.0,101390,1987244000.0,19.253044901617493,5000,USc,50,12.8104,9.0254
SRW,2016-09-06,120947,19451,547593,398.0,101496,2019770400.0,18.5349337920682,5000,USc,50,12.8104,9.0254
SRW,2016-09-13,123771,18439,556437,400.5,105332,2109273300.0,18.929726096575177,5000,USc,50,12.8104,9.0254
SRW,2016-09-20,122263,17985,555192,406.0,104278,2116843400.0,18.782331157509475,5000,USc,50,12.8104,9.0254
SRW,2016-09-27,121298,19249,555160,404.0,102049,2061389800.0,18.38190791843793,5000,USc,50,12.8104,9.0254
SRW,2016-10-04,121263,16934,573057,394.5,104329,2057889525.0,18.20569332544581,5000,USc,50,12.8104,9.0254
SRW,2016-10-11,116146,19894,580214,407.0,96252,1958728200.0,16.589051625779454,5000,USc,50,12.8104,9.0254
SRW,2016-10-18,118340,22155,585472,419.25,96185,2016278062.5,16.42862510931351,5000,USc,50,12.8104,9.0254
SRW,2016-10-25,122289,25242,598860,404.0,97047,1960349400.0,16.205290051097084,5000,USc,50,12.8104,9.0254
SRW,2016-11-01,130077,27245,601362,413.75,102832,2127337000.0,17.099850007150437,5000,USc,50,12.8104,9.0254
SRW,2016-11-08,127731,19630,610807,414.75,108101,2241744487.5,17.698061744544514,5000,USc,50,12.8104,9.0254
SRW,2016-11-15,134662,24533,635308,399.0,110129,2197073550.0,17.3347415741656,5000,USc,50,12.8104,9.0254
SRW,2016-11-22,135485,26477,627850,428.0,109008,2332771200.0,17.36210878394521,5000,USc,50,12.8104,9.0254
SRW,2016-11-29,128008,19764,520547,408.25,108244,2209530650.0,20.794279863297646,5000,USc,50,12.8104,9.0254
SRW,2016-12-06,125562,21280,537020,406.0,104282,2116924600.0,19.41864362593572,5000,USc,50,12.8104,9.0254
SRW,2016-12-13,127671,25103,546827,417.0,102568,2138542800.0,18.75693775179353,5000,USc,50,12.8104,9.0254
SRW,2016-12-20,130644,26699,553323,403.0,103945,2094491750.0,18.785591779123585,5000,USc,50,12.8104,9.0254
SRW,2016-12-27,129339,27735,549259,408.25,101604,2073991650.0,18.498376904156327,5000,USc,50,12.8104,9.0254
SRW,2017-01-03,128806,30516,563521,407.25,98290,2001430125.0,17.44211839487792,5000,USc,50,12.8104,9.0254
SRW,2017-01-10,139324,26076,585192,426.0,113248,2412182400.0,19.352280960778685,5000,USc,50,12.8104,9.0254
SRW,2017-01-17,152486,27624,613233,433.75,124862,2707944625.0,20.361265620082417,5000,USc,50,12.8104,9.0254
SRW,2017-01-24,160162,36624,603848,426.5,123538,2634447850.0,20.45845974483645,5000,USc,50,12.8104,9.0254
SRW,2017-01-31,163581,41414,599014,420.5,122167,2568561175.0,20.39468192730053,5000,USc,50,12.8104,9.0254
SRW,2017-02-07,166954,40304,589307,430.0,126650,2722975000.0,21.491344918692633,5000,USc,50,12.8104,9.0254
SRW,2017-02-14,176174,48206,607685,450.0,127968,2879280000.0,21.058278548919258,5000,USc,50,12.8104,9.0254
SRW,2017-02-21,175825,47365,586032,436.25,128460,2802033750.0,21.92030469325907,5000,USc,50,12.8104,9.0254
SRW,2017-02-28,155130,26288,475061,444.25,128842,2861902925.0,27.121148652488834,5000,USc,50,12.8104,9.0254
SRW,2017-03-07,158570,27664,503549,457.5,130906,2994474750.0,25.996675596615226,5000,USc,50,12.8104,9.0254
SRW,2017-03-14,157445,28419,547722,430.0,129026,2774059000.0,23.556840879132114,5000,USc,50,12.8104,9.0254
SRW,2017-03-21,164366,35707,591157,426.0,128659,2740436700.0,21.76393073244502,5000,USc,50,12.8104,9.0254
SRW,2017-03-28,165446,29186,605728,424.25,136260,2890415250.0,22.495245390670398,5000,USc,50,12.8104,9.0254
SRW,2017-04-04,161541,24047,616119,427.5,137494,2938934250.0,22.316143472283763,5000,USc,50,12.8104,9.0254
SRW,2017-04-11,154854,14745,613152,433.0,140109,3033359850.0,22.850614529513074,5000,USc,50,12.8104,9.0254
SRW,2017-04-18,154898,13352,620081,421.25,141546,2981312625.0,22.82701776058289,5000,USc,50,12.8104,9.0254
SRW,2017-04-25,150282,16862,594469,427.5,133420,2851852500.0,22.443558873549335,5000,USc,50,12.8104,9.0254
SRW,2017-05-02,151787,19397,557093,453.5,132390,3001943250.0,23.76443430450571,5000,USc,50,12.8104,9.0254
SRW,2017-05-09,149577,20431,531789,429.75,129146,2775024675.0,24.28519582014671,5000,USc,50,12.8104,9.0254
SRW,2017-05-16,152050,21402,558645,423.5,130648,2766471400.0,23.38658718864395,5000,USc,50,12.8104,9.0254
SRW,2017-05-23,154769,26341,566325,429.75,128428,2759596650.0,22.67743786694919,5000,USc,50,12.8104,9.0254
SRW,2017-05-30,158260,29595,566189,430.75,128665,2771122437.5,22.72474385761645,5000,USc,50,12.8104,9.0254
SRW,2017-06-06,156835,32201,576156,436.0,124634,2717021200.0,21.631988558654253,5000,USc,50,12.8104,9.0254
SRW,2017-06-13,150203,23760,556853,444.75,126443,2811776212.5,22.706710747719775,5000,USc,50,12.8104,9.0254
SRW,2017-06-20,152116,25168,588265,472.75,126948,3000733350.0,21.580070206454575,5000,USc,50,12.8104,9.0254
SRW,2017-06-27,156900,19594,480455,469.0,137306,3219825700.0,28.578326794392815,5000,USc,50,12.8104,9.0254
SRW,2017-07-03,161864,25715,547262,555.0,136149,3778134750.0,24.87821189850565,5000,USc,50,12.8104,9.0254
SRW,2017-07-11,170050,30423,590898,551.25,139627,3848469187.5,23.62962812532789,5000,USc,50,12.8104,9.0254
SRW,2017-07-18,165738,31578,581547,504.25,134160,3382509000.0,23.06950255095461,5000,USc,50,12.8104,9.0254
SRW,2017-07-25,170183,32524,541295,474.75,137659,3267680512.5,25.43141909679565,5000,USc,50,12.8104,9.0254
SRW,2017-08-01,171149,38816,563534,461.0,132333,3050275650.0,23.482700245238085,5000,USc,50,12.8104,9.0254
SRW,2017-08-08,163989,25730,572828,457.25,138259,3160946387.5,24.136215408464672,5000,USc,50,12.8104,9.0254
SRW,2017-08-15,158981,19628,596902,428.5,139353,2985638025.0,23.34604340410989,5000,USc,50,12.8104,9.0254
SRW,2017-08-22,156283,18317,650366,429.5,137966,2962819850.0,21.213593576539978,5000,USc,50,12.8104,9.0254
SRW,2017-08-29,149138,17186,547694,430.5,131952,2840266800.0,24.09228510810781,5000,USc,50,12.8104,9.0254
SRW,2017-09-05,149231,21339,548879,441.5,127892,2823215900.0,23.300581731128354,5000,USc,50,12.8104,9.0254
SRW,2017-09-12,144678,18004,548631,442.0,126674,2799495400.0,23.08910725059284,5000,USc,50,12.8104,9.0254
SRW,2017-09-19,146997,19231,548266,443.75,127766,2834808125.0,23.303651877008605,5000,USc,50,12.8104,9.0254
SRW,2017-09-26,146953,18991,533550,453.25,127962,2899938825.0,23.983131852684846,5000,USc,50,12.8104,9.0254
SRW,2017-10-03,144786,19654,552053,448.25,125132,2804520950.0,22.666664251439624,5000,USc,50,12.8104,9.0254
SRW,2017-10-10,144741,22119,583852,435.25,122622,2668561275.0,21.00224029377308,5000,USc,50,12.8104,9.0254
SRW,2017-10-17,146677,23830,608080,434.75,122847,2670386662.5,20.202440468359427,5000,USc,50,12.8104,9.0254
SRW,2017-10-24,154211,31572,647209,438.75,122639,2690393062.5,18.94890213207789,5000,USc,50,12.8104,9.0254
SRW,2017-10-31,165059,41259,702662,419.5,123800,2596705000.0,17.618712837751293,5000,USc,50,12.8104,9.0254
SRW,2017-11-07,163383,31785,708502,427.0,131598,2809617300.0,18.574118351112627,5000,USc,50,12.8104,9.0254
SRW,2017-11-14,167314,30289,704038,427.5,137025,2928909375.0,19.46272786412097,5000,USc,50,12.8104,9.0254
SRW,2017-11-21,163969,28396,697047,424.75,135573,2879231587.5,19.449621044205053,5000,USc,50,12.8104,9.0254
SRW,2017-11-28,154073,21403,598396,429.25,132670,2847429875.0,22.17093697150382,5000,USc,50,12.8104,9.0254
SRW,2017-12-05,156802,23381,581401,432.0,133421,2881893600.0,22.94818894360347,5000,USc,50,12.8104,9.0254
SRW,2017-12-12,158410,23652,644349,411.5,134758,2772645850.0,20.913821547018774,5000,USc,50,12.8104,9.0254
SRW,2017-12-19,159567,28466,652326,419.0,131101,2746565950.0,20.09746660412125,5000,USc,50,12.8104,9.0254
SRW,2017-12-26,156679,28015,622514,422.25,128664,2716418700.0,20.66845083002149,5000,USc,50,12.8104,9.0254
SRW,2018-01-02,157870,30004,626431,434.25,127866,2776290525.0,20.411825085284732,5000,USc,50,11.7508,8.9469
SRW,2018-01-09,161032,29746,639461,431.75,131286,2834136525.0,20.530728222675034,5000,USc,50,11.7508,8.9469
SRW,2018-01-16,173164,37836,669281,416.25,135328,2816514000.0,20.21990763222025,5000,USc,50,11.7508,8.9469
SRW,2018-01-23,173810,38717,682931,421.75,135093,2848773637.5,19.781354192444038,5000,USc,50,11.7508,8.9469
SRW,2018-01-30,180895,40684,681306,458.0,140211,3210831900.0,20.579739500312634,5000,USc,50,11.7508,8.9469
SRW,2018-02-06,181036,48808,673598,446.75,132228,2953642950.0,19.630105790100327,5000,USc,50,11.7508,8.9469
SRW,2018-02-13,176623,43565,665032,459.25,133058,3055344325.0,20.00775902512962,5000,USc,50,11.7508,8.9469
SRW,2018-02-20,167044,37667,639559,449.25,129377,2906130862.5,20.229095361022203,5000,USc,50,11.7508,8.9469
SRW,2018-02-27,165472,35407,559662,477.5,130065,3105301875.0,23.239919808741703,5000,USc,50,11.7508,8.9469
SRW,2018-03-06,174952,36888,615814,506.0,138064,3493019200.0,22.41975661482201,5000,USc,50,11.7508,8.9469
SRW,2018-03-13,184330,39443,635650,486.25,144887,3522565187.5,22.793518445685518,5000,USc,50,11.7508,8.9469
SRW,2018-03-20,180501,40857,613525,453.25,139644,3164682150.0,22.760930687421048,5000,USc,50,11.7508,8.9469
SRW,2018-03-27,185922,49270,623639,448.75,136652,3066129250.0,21.91203564882889,5000,USc,50,11.7508,8.9469
SRW,2018-04-03,180359,50357,629801,456.25,130002,2965670625.0,20.64175826967566,5000,USc,50,11.7508,8.9469
SRW,2018-04-10,176838,40469,630569,490.5,136369,3344449725.0,21.626340654234507,5000,USc,50,11.7508,8.9469
SRW,2018-04-17,176983,34609,612485,466.25,142374,3319093875.0,23.245303966627752,5000,USc,50,11.7508,8.9469
SRW,2018-04-24,172366,36329,582582,484.5,136037,3295496325.0,23.35070427853933,5000,USc,50,11.7508,8.9469
SRW,2018-05-01,177970,36244,612147,528.75,141726,3746881125.0,23.152282049899778,5000,USc,50,11.7508,8.9469
SRW,2018-05-08,176912,32509,611968,515.5,144403,3721987325.0,23.59649524158126,5000,USc,50,11.7508,8.9469
SRW,2018-05-15,178746,31917,605554,494.5,146829,3630347025.0,24.24705311169607,5000,USc,50,11.7508,8.9469
SRW,2018-05-22,175275,31837,652504,521.25,143438,3738352875.0,21.982700489192403,5000,USc,50,11.7508,8.9469
SRW,2018-05-29,192929,51731,696143,538.0,141198,3798226200.0,20.282901645207954,5000,USc,50,11.7508,8.9469
SRW,2018-06-05,196462,65229,687020,509.5,131233,3343160675.0,19.101772874152132,5000,USc,50,11.7508,8.9469
SRW,2018-06-12,189086,59610,699899,535.0,129476,3463483000.0,18.499240604715823,5000,USc,50,11.7508,8.9469
SRW,2018-06-19,199730,61725,652757,480.0,138005,3312120000.0,21.14186443040825,5000,USc,50,11.7508,8.9469
SRW,2018-06-26,186114,46766,589541,484.0,139348,3372221600.0,23.636693631146944,5000,USc,50,11.7508,8.9469
SRW,2018-07-03,187578,58948,595898,490.75,128630,3156258625.0,21.585908997848623,5000,USc,50,11.7508,8.9469
SRW,2018-07-10,187592,63505,598545,492.25,124087,3054091287.5,20.73144040966009,5000,USc,50,11.7508,8.9469
SRW,2018-07-17,197627,60110,610468,498.5,137517,3427611225.0,22.526487874876324,5000,USc,50,11.7508,8.9469
SRW,2018-07-24,199766,68605,599702,510.75,131161,3349524037.5,21.87102927787468,5000,USc,50,11.7508,8.9469
SRW,2018-07-31,210808,77066,650116,554.5,133742,3707996950.0,20.5720209931766,5000,USc,50,11.7508,8.9469
SRW,2018-08-07,207567,75208,678322,568.25,132359,3760650087.5,19.512709303251256,5000,USc,50,11.7508,8.9469
SRW,2018-08-14,200613,73371,661149,561.25,127242,3570728625.0,19.245586093301206,5000,USc,50,11.7508,8.9469
SRW,2018-08-21,205155,80298,660739,548.0,124857,3421081800.0,18.896568841857373,5000,USc,50,11.7508,8.9469
SRW,2018-08-28,194584,65413,569779,523.25,129171,3379436287.5,22.67036868680664,5000,USc,50,11.7508,8.9469
SRW,2018-09-04,194617,62992,577239,531.75,131625,3499579687.5,22.802513343692993,5000,USc,50,11.7508,8.9469
SRW,2018-09-11,197329,63154,592719,517.75,134175,3473455312.5,22.63720245175201,5000,USc,50,11.7508,8.9469
SRW,2018-09-18,200142,68344,616694,511.0,131798,3367438900.0,21.371701362426098,5000,USc,50,11.7508,8.9469
SRW,2018-09-25,188519,63461,585740,521.0,125058,3257760900.0,21.35042851777239,5000,USc,50,11.7508,8.9469
SRW,2018-10-02,187678,69556,613383,520.25,118122,3072648525.0,19.25746230332435,5000,USc,50,11.7508,8.9469
SRW,2018-10-09,192482,76568,621138,516.0,115914,2990581200.0,18.661553471209295,5000,USc,50,11.7508,8.9469
SRW,2018-10-16,204601,84994,630259,523.25,119607,3129218137.5,18.97743626033107,5000,USc,50,11.7508,8.9469
SRW,2018-10-23,208038,87256,636495,508.75,120782,3072392125.0,18.976111359869286,5000,USc,50,11.7508,8.9469
SRW,2018-10-30,224677,105848,687108,499.75,118829,2969239637.5,17.294078951198355,5000,USc,50,11.7508,8.9469
SRW,2018-11-06,218390,100005,682492,511.25,118385,3026216562.5,17.345990868757436,5000,USc,50,11.7508,8.9469
SRW,2018-11-13,193065,74817,623342,506.5,118248,2994630600.0,18.97000362561804,5000,USc,50,11.7508,8.9469
SRW,2018-11-20,187811,66513,603702,508.5,121298,3084001650.0,20.092363450841642,5000,USc,50,11.7508,8.9469
SRW,2018-11-27,173358,51880,528844,506.5,121478,3076430350.0,22.970479007041774,5000,USc,50,11.7508,8.9469
SRW,2018-12-04,173851,53017,523682,521.75,120834,3152256975.0,23.073926543207516,5000,USc,50,11.7508,8.9469
SRW,2018-12-11,175433,53364,518577,521.5,122069,3182949175.0,23.53922368327172,5000,USc,50,11.7508,8.9469
SRW,2018-12-18,179422,58114,538634,532.25,121308,3228309150.0,22.52141528384766,5000,USc,50,11.7508,8.9469
SRW,2018-12-24,177230,55063,521427,516.0,122167,3151908600.0,23.42935828025783,5000,USc,50,11.7508,8.9469
SRW,2018-12-31,174671,56064,542214,503.0,118607,2982966050.0,21.874573507876963,5000,USc,50,11.7508,8.9469
SRW,2019-01-08,173047,58603,547663,519.25,114444,2971252350.0,20.896792370490612,5000,USc,50,12.5504,8.7507
SRW,2019-01-15,162628,62693,551978,511.5,99935,2555837625.0,18.104888238299353,5000,USc,50,12.5504,8.7507
SRW,2019-01-22,168184,66152,564730,521.75,102032,2661759800.0,18.067395038336905,5000,USc,50,12.5504,8.7507
SRW,2019-01-29,175171,72334,572520,513.75,102837,2641625437.5,17.962167260532382,5000,USc,50,12.5504,8.7507
SRW,2019-02-05,171978,65548,583346,527.5,106430,2807091250.0,18.244746685500544,5000,USc,50,12.5504,8.7507
SRW,2019-02-12,165940,56277,577232,520.0,109663,2851238000.0,18.99808049449788,5000,USc,50,12.5504,8.7507
SRW,2019-02-19,175855,54689,614790,489.0,121166,2962508700.0,19.70851835586135,5000,USc,50,12.5504,8.7507
SRW,2019-02-26,172158,52557,567778,467.75,119601,2797168387.5,21.06474713708527,5000,USc,50,12.5504,8.7507
SRW,2019-03-05,168874,56963,602962,464.0,111911,2596335200.0,18.5602077742876,5000,USc,50,12.5504,8.7507
SRW,2019-03-12,172384,67571,655148,452.25,104813,2370083962.5,15.998369833991708,5000,USc,50,12.5504,8.7507
SRW,2019-03-19,173124,71624,650312,456.5,101500,2316737500.0,15.607892826827738,5000,USc,50,12.5504,8.7507
SRW,2019-03-26,174194,67880,618565,469.75,106314,2497050075.0,17.18719940507465,5000,USc,50,12.5504,8.7507
SRW,2019-04-02,175393,71530,621938,464.0,103863,2409621600.0,16.69989613112561,5000,USc,50,12.5504,8.7507
SRW,2019-04-09,172359,63138,597702,459.0,109221,2506621950.0,18.273487456960158,5000,USc,50,12.5504,8.7507
SRW,2019-04-16,172748,63157,602301,445.0,109591,2438399750.0,18.19538735615581,5000,USc,50,12.5504,8.7507
SRW,2019-04-23,175075,63994,613282,444.25,111081,2467386712.5,18.112548550259095,5000,USc,50,12.5504,8.7507
SRW,2019-04-30,172677,63636,579436,429.0,109041,2338929450.0,18.81847175529308,5000,USc,50,12.5504,8.7507
SRW,2019-05-07,177339,68450,588174,440.75,108889,2399641337.5,18.51305906075413,5000,USc,50,12.5504,8.7507
SRW,2019-05-14,187776,76959,620326,450.5,110817,2496152925.0,17.86431650454761,5000,USc,50,12.5504,8.7507
SRW,2019-05-21,182167,74669,600372,476.0,107498,2558452400.0,17.90523208943788,5000,USc,50,12.5504,8.7507
SRW,2019-05-28,180211,73082,595814,503.5,107129,2696972575.0,17.980275723631873,5000,USc,50,12.5504,8.7507
SRW,2019-06-04,183921,74681,604140,505.75,109240,2762406500.0,18.081901545999273,5000,USc,50,12.5504,8.7507
SRW,2019-06-11,179264,66407,587649,518.25,112857,2924407012.5,19.20483145551171,5000,USc,50,12.5504,8.7507
SRW,2019-06-18,184567,67260,606510,531.0,117307,3114500850.0,19.34131341610196,5000,USc,50,12.5504,8.7507
SRW,2019-06-25,160717,45835,496355,539.75,114882,3100377975.0,23.14512798299604,5000,USc,50,12.5504,8.7507
SRW,2019-07-02,156094,42248,482398,503.0,113846,2863226900.0,23.600014925435016,5000,USc,50,12.5504,8.7507
SRW,2019-07-09,159274,46109,486419,502.25,113165,2841856062.5,23.264921806097213,5000,USc,50,12.5504,8.7507
SRW,2019-07-16,168010,55198,504375,507.5,112812,2862604500.0,22.366691449814127,5000,USc,50,12.5504,8.7507
SRW,2019-07-23,168292,62657,523620,487.0,105635,2572212250.0,20.173981131354797,5000,USc,50,12.5504,8.7507
SRW,2019-07-30,162663,61502,496762,496.5,101161,2511321825.0,20.364077767623126,5000,USc,50,12.5504,8.7507
SRW,2019-08-06,164728,66481,527403,484.5,98247,2380033575.0,18.628449212461817,5000,USc,50,12.5504,8.7507
SRW,2019-08-13,149700,52184,522159,472.75,97516,2305034450.0,18.675537527841136,5000,USc,50,12.5504,8.7507
SRW,2019-08-20,148718,51461,526773,465.0,97257,2261225250.0,18.46279137313416,5000,USc,50,12.5504,8.7507
SRW,2019-08-27,137349,39659,445985,477.75,97690,2333569875.0,21.904324136461987,5000,USc,50,12.5504,8.7507
SRW,2019-09-03,143391,45263,448721,454.5,98128,2229958800.0,21.868377009322053,5000,USc,50,12.5504,8.7507
SRW,2019-09-10,142658,49249,465009,482.75,93409,2254659737.5,20.087568197604778,5000,USc,50,12.5504,8.7507
SRW,2019-09-17,146616,52493,458093,485.0,94123,2282482750.0,20.54670121569201,5000,USc,50,12.5504,8.7507
SRW,2019-09-24,145177,54191,446663,480.75,90986,2187075975.0,20.370167217790595,5000,USc,50,12.5504,8.7507
SRW,2019-10-01,145277,55111,468623,497.25,90166,2241752175.0,19.240626260341468,5000,USc,50,12.5504,8.7507
SRW,2019-10-08,158895,67096,492001,500.5,91799,2297269975.0,18.658295409968677,5000,USc,50,12.5504,8.7507
SRW,2019-10-15,167149,77284,516692,507.25,89865,2279201062.5,17.392373019129383,5000,USc,50,12.5504,8.7507
SRW,2019-10-22,167551,77625,541212,517.5,89926,2326835250.0,16.61567001470773,5000,USc,50,12.5504,8.7507
SRW,2019-10-29,165803,70616,518097,511.5,95187,2434407525.0,18.37242832905807,5000,USc,50,12.5504,8.7507
SRW,2019-11-05,168608,67397,525413,515.5,101211,2608713525.0,19.263132050406064,5000,USc,50,12.5504,8.7507
SRW,2019-11-12,164771,58997,527940,516.5,105774,2731613550.0,20.035231276281394,5000,USc,50,12.5504,8.7507
SRW,2019-11-19,155718,56852,499389,511.5,98866,2528497950.0,19.797392413529334,5000,USc,50,12.5504,8.7507
SRW,2019-11-26,142711,40377,433889,530.75,102334,2715688525.0,23.5852948565186,5000,USc,50,12.5504,8.7507
SRW,2019-12-03,144651,44460,450615,525.5,100191,2632518525.0,22.234279817582635,5000,USc,50,12.5504,8.7507
SRW,2019-12-10,147754,44341,466224,523.0,103413,2704249950.0,22.18096880469474,5000,USc,50,12.5504,8.7507
SRW,2019-12-17,158535,53090,513996,554.0,105445,2920826500.0,20.5147510875571,5000,USc,50,12.5504,8.7507
SRW,2019-12-24,158612,50718,516306,541.0,107894,2918532700.0,20.89729733917483,5000,USc,50,12.5504,8.7507
SRW,2019-12-31,157087,52565,524777,559.5,104522,2924002950.0,19.91741253904039,5000,USc,50,12.5504,8.7507
SRW,2020-01-07,160448,54521,553359,550.75,105927,2916964762.5,19.14254579757445,5000,USc,50,12.3223,8.6411
SRW,2020-01-14,168304,67059,604320,568.5,101245,2877889125.0,16.753541170240933,5000,USc,50,12.3223,8.6411
SRW,2020-01-21,171418,69577,645472,582.5,101841,2966119125.0,15.777756432502107,5000,USc,50,12.3223,8.6411
SRW,2020-01-28,172328,62415,630775,569.0,109913,3127024850.0,17.425072331655503,5000,USc,50,12.3223,8.6411
SRW,2020-02-04,174364,61507,650138,557.5,112857,3145888875.0,17.358929950256716,5000,USc,50,12.3223,8.6411
SRW,2020-02-11,169842,57489,634249,541.25,112353,3040553062.5,17.71433616765655,5000,USc,50,12.3223,8.6411
SRW,2020-02-18,172398,63672,647497,567.0,108726,3082382100.0,16.791738031218678,5000,USc,50,12.3223,8.6411
SRW,2020-02-25,162460,51086,557399,538.75,111374,3000137125.0,19.981018982811236,5000,USc,50,12.3223,8.6411
SRW,2020-03-03,171078,58625,533295,527.5,112453,2965947875.0,21.08645308881576,5000,USc,50,12.3223,8.6411
SRW,2020-03-10,175185,67668,546604,522.0,107517,2806193700.0,19.66999875595495,5000,USc,50,12.3223,8.6411
SRW,2020-03-17,171392,69227,519290,498.75,102165,2547739687.5,19.673977931406345,5000,USc,50,12.3223,8.6411
SRW,2020-03-24,157939,53617,495295,560.5,104322,2923624050.0,21.06259905712757,5000,USc,50,12.3223,8.6411
SRW,2020-03-31,161258,55900,494478,567.75,105358,2990850225.0,21.306913553282453,5000,USc,50,12.3223,8.6411
SRW,2020-04-07,160792,51190,493604,549.25,109602,3009944925.0,22.204439186068186,5000,USc,50,12.3223,8.6411
SRW,2020-04-14,160648,48201,504792,549.5,112447,3089481325.0,22.275907700597475,5000,USc,50,12.3223,8.6411
SRW,2020-04-21,163597,43971,504116,546.75,119626,3270275775.0,23.729855826833507,5000,USc,50,12.3223,8.6411
SRW,2020-04-28,156299,39348,453802,526.25,116951,3077273187.5,25.7713716554797,5000,USc,50,12.3223,8.6411
SRW,2020-05-05,163769,41063,467969,519.5,122706,3187288350.0,26.220967628197595,5000,USc,50,12.3223,8.6411
SRW,2020-05-12,166799,42700,474540,514.25,124099,3190895537.5,26.151430859358538,5000,USc,50,12.3223,8.6411
SRW,2020-05-19,170930,46194,504512,499.0,124736,3112163200.0,24.72408981352277,5000,USc,50,12.3223,8.6411
SRW,2020-05-26,169863,47451,504578,507.75,122412,3107734650.0,24.26027294095264,5000,USc,50,12.3223,8.6411
SRW,2020-06-02,180998,51608,516193,509.0,129390,3292975500.0,25.066205857111584,5000,USc,50,12.3223,8.6411
SRW,2020-06-09,176925,50145,501935,504.0,126780,3194856000.0,25.25825057029297,5000,USc,50,12.3223,8.6411
SRW,2020-06-16,178002,52308,538242,495.75,125694,3115640025.0,23.35269265497676,5000,USc,50,12.3223,8.6411
SRW,2020-06-23,188285,59655,570036,491.0,128630,3157866500.0,22.565241493519707,5000,USc,50,12.3223,8.6411
SRW,2020-06-30,172866,46074,484999,492.25,126792,3120668100.0,26.14273431491611,5000,USc,50,12.3223,8.6411
SRW,2020-07-07,175522,47053,496820,495.75,128469,3184425337.5,25.858258524214,5000,USc,50,12.3223,8.6411
SRW,2020-07-14,177952,53801,490448,527.5,124151,3274482625.0,25.31379473460999,5000,USc,50,12.3223,8.6411
SRW,2020-07-21,178488,52177,483480,527.25,126311,3329873737.5,26.125382642508484,5000,USc,50,12.3223,8.6411
SRW,2020-07-28,174477,50421,462888,523.5,124056,3247165800.0,26.800435526520456,5000,USc,50,12.3223,8.6411
SRW,2020-08-04,184807,56794,479929,508.5,128013,3254730525.0,26.673320428646736,5000,USc,50,12.3223,8.6411
SRW,2020-08-11,184950,51262,505974,495.0,133688,3308778000.0,26.421911007284958,5000,USc,50,12.3223,8.6411
SRW,2020-08-18,183785,53017,522554,517.75,130768,3385256600.0,25.024782127780092,5000,USc,50,12.3223,8.6411
SRW,2020-08-25,174658,41112,435469,535.5,133546,3575694150.0,30.66716574543768,5000,USc,50,12.3223,8.6411
SRW,2020-09-01,176947,43506,460359,564.0,133441,3763036200.0,28.98629113365873,5000,USc,50,12.3223,8.6411
SRW,2020-09-08,179881,42302,466640,544.75,137579,3747308012.5,29.482899022801302,5000,USc,50,12.3223,8.6411
SRW,2020-09-15,182833,43429,462819,538.25,139404,3751710150.0,30.120630311201573,5000,USc,50,12.3223,8.6411
SRW,2020-09-22,184078,47202,493573,558.75,136876,3823973250.0,27.731662793548267,5000,USc,50,12.3223,8.6411
SRW,2020-09-29,183476,44934,464516,549.0,138542,3802977900.0,29.82502217361727,5000,USc,50,12.3223,8.6411
SRW,2020-10-06,183579,51471,520547,590.25,132108,3898837350.0,25.378688187618025,5000,USc,50,12.3223,8.6411
SRW,2020-10-13,183323,53244,536508,594.5,130079,3866598275.0,24.245491213551336,5000,USc,50,12.3223,8.6411
SRW,2020-10-20,189045,61083,592895,633.5,127962,4053196350.0,21.582573642887866,5000,USc,50,12.3223,8.6411
SRW,2020-10-27,188472,55137,582882,615.5,133335,4103384625.0,22.875127384273316,5000,USc,50,12.3223,8.6411
SRW,2020-11-03,195331,56109,593222,608.5,139222,4235829350.0,23.468785715971425,5000,USc,50,12.3223,8.6411
SRW,2020-11-10,189141,52070,577112,607.75,137071,4165245012.5,23.751195608478078,5000,USc,50,12.3223,8.6411
SRW,2020-11-17,189615,50585,561714,594.75,139030,4134404625.0,24.751029883535036,5000,USc,50,12.3223,8.6411
SRW,2020-11-24,181254,41900,491512,617.25,139354,4300812825.0,28.35210534025619,5000,USc,50,12.3223,8.6411
SRW,2020-12-01,180007,43040,475976,578.0,136967,3958346300.0,28.7760307242382,5000,USc,50,12.3223,8.6411
SRW,2020-12-08,178152,42867,470281,569.75,135285,3853931437.5,28.766843653049985,5000,USc,50,12.3223,8.6411
SRW,2020-12-15,176514,42725,472648,600.5,133789,4017014725.0,28.306265973832534,5000,USc,50,12.3223,8.6411
SRW,2020-12-21,176090,42930,479170,611.25,133160,4069702500.0,27.789719723688876,5000,USc,50,12.3223,8.6411
SRW,2020-12-29,173913,41992,477257,619.25,131921,4084603962.5,27.64150132947238,5000,USc,50,12.3223,8.6411
SRW,2021-01-05,181248,44233,522434,653.25,137015,4475252437.5,26.226279300351813,5000,USc,50,13.6967,8.1355
SRW,2021-01-12,180096,42578,538192,664.75,137518,4570754525.0,25.551847667746824,5000,USc,50,13.6967,8.1355
SRW,2021-01-19,180439,43586,565381,673.25,136853,4606814112.5,24.2054473001392,5000,USc,50,13.6967,8.1355
SRW,2021-01-26,181762,41862,568469,665.0,139900,4651675000.0,24.60996114124077,5000,USc,50,13.6967,8.1355
SRW,2021-02-02,186162,43153,565737,644.75,143009,4610252637.5,25.278353722666186,5000,USc,50,13.6967,8.1355
SRW,2021-02-09,184549,41534,557908,651.5,143015,4658713625.0,25.634154735189313,5000,USc,50,13.6967,8.1355
SRW,2021-02-16,193315,43714,561553,660.25,149601,4938703012.5,26.64058423692866,5000,USc,50,13.6967,8.1355
SRW,2021-02-23,194932,38328,516298,671.5,156604,5257979300.0,30.33209503038943,5000,USc,50,13.6967,8.1355
SRW,2021-03-02,195740,39454,510549,666.75,156286,5210184525.0,30.611361495174805,5000,USc,50,13.6967,8.1355
SRW,2021-03-09,193712,40110,503536,656.5,153602,5041985650.0,30.504670966921925,5000,USc,50,13.6967,8.1355
SRW,2021-03-16,197150,40193,512754,646.5,156957,5073635025.0,30.61058519289952,5000,USc,50,13.6967,8.1355
SRW,2021-03-23,196551,37960,515700,635.0,158591,5035264250.0,30.75256932324995,5000,USc,50,13.6967,8.1355
SRW,2021-03-30,196208,38829,511903,600.75,157379,4727271712.5,30.74391046741277,5000,USc,50,13.6967,8.1355
SRW,2021-04-06,192531,37145,500331,616.25,155386,4787831125.0,31.056640503986362,5000,USc,50,13.6967,8.1355
SRW,2021-04-13,195421,35045,528463,630.75,160376,5057858100.0,30.347630770744594,5000,USc,50,13.6967,8.1355
SRW,2021-04-20,197676,39016,548563,660.75,158660,5241729750.0,28.92284022072214,5000,USc,50,13.6967,8.1355
SRW,2021-04-27,199556,39225,548366,733.25,160331,5878135287.5,29.23795421306208,5000,USc,50,13.6967,8.1355
SRW,2021-05-04,199775,40618,544240,725.75,159157,5775409637.5,29.24389975011025,5000,USc,50,13.6967,8.1355
SRW,2021-05-11,201451,41636,547075,744.0,159815,5945118000.0,29.212630809304024,5000,USc,50,13.6967,8.1355
SRW,2021-05-18,202047,40236,536423,697.75,161811,5645181262.5,30.164813962115716,5000,USc,50,13.6967,8.1355
SRW,2021-05-25,199018,36781,510434,657.0,162237,5329485450.0,31.784128800197482,5000,USc,50,13.6967,8.1355
SRW,2021-06-01,199511,39165,510166,691.75,160346,5545967275.0,31.430161947287743,5000,USc,50,13.6967,8.1355
SRW,2021-06-08,196608,38469,524595,686.0,158139,5424167700.0,30.144968976067254,5000,USc,50,13.6967,8.1355
SRW,2021-06-15,199271,38707,532513,660.75,160564,5304633150.0,30.152127741482364,5000,USc,50,13.6967,8.1355
SRW,2021-06-22,196213,36399,497031,656.0,159814,5241899200.0,32.153728841862986,5000,USc,50,13.6967,8.1355
SRW,2021-06-29,186401,29529,417177,645.5,156872,5063043800.0,37.6032235717693,5000,USc,50,13.6967,8.1355
SRW,2021-07-06,182149,32534,410630,623.5,149615,4664247625.0,36.435477193580596,5000,USc,50,13.6967,8.1355
SRW,2021-07-13,177718,30813,416511,635.0,146905,4664233750.0,35.270377012852,5000,USc,50,13.6967,8.1355
SRW,2021-07-20,172479,29569,435316,701.75,142910,5014354625.0,32.82902535169854,5000,USc,50,13.6967,8.1355
SRW,2021-07-27,170961,28823,424737,674.25,142138,4791827325.0,33.46494418899225,5000,USc,50,13.6967,8.1355
SRW,2021-08-03,178036,38762,464439,724.75,139274,5046941575.0,29.987576409388534,5000,USc,50,13.6967,8.1355
SRW,2021-08-10,174134,34878,476360,727.5,139256,5065437000.0,29.23335292635822,5000,USc,50,13.6967,8.1355
SRW,2021-08-17,180895,40830,494409,733.5,140065,5136883875.0,28.32978364066997,5000,USc,50,13.6967,8.1355
SRW,2021-08-24,181830,41636,498801,732.25,140194,5132852825.0,28.106198664397226,5000,USc,50,13.6967,8.1355
SRW,2021-08-31,180885,41044,446666,724.0,139841,5062244200.0,31.307733295124322,5000,USc,50,13.6967,8.1355
SRW,2021-09-07,175143,40812,443677,720.0,134331,4835916000.0,30.276755387365135,5000,USc,50,13.6967,8.1355
SRW,2021-09-14,175576,44106,434267,700.25,131470,4603093375.0,30.274001938899342,5000,USc,50,13.6967,8.1355
SRW,2021-09-21,175218,43736,431266,689.5,131482,4532841950.0,30.487448581617844,5000,USc,50,13.6967,8.1355
SRW,2021-09-28,180147,42622,430091,708.75,137525,4873542187.5,31.975791169775697,5000,USc,50,13.6967,8.1355
SRW,2021-10-05,178503,45063,459518,745.0,133440,4970640000.0,29.039123603427942,5000,USc,50,13.6967,8.1355
SRW,2021-10-12,176078,48236,470730,735.25,127842,4699791525.0,27.158243579121788,5000,USc,50,13.6967,8.1355
SRW,2021-10-19,177276,51926,487060,738.5,125350,4628548750.0,25.736048946741676,5000,USc,50,13.6967,8.1355
SRW,2021-10-26,175811,53261,495860,750.0,122550,4595625000.0,24.714637195982736,5000,USc,50,13.6967,8.1355
SRW,2021-11-02,172052,56497,527595,790.0,115555,4564422500.0,21.902216662402033,5000,USc,50,13.6967,8.1355
SRW,2021-11-09,174722,58093,523259,782.0,116629,4560193900.0,22.288962062764327,5000,USc,50,13.6967,8.1355
SRW,2021-11-16,181543,57899,565036,811.0,123644,5013764200.0,21.88249952215434,5000,USc,50,13.6967,8.1355
SRW,2021-11-23,193456,69640,586045,868.0,123816,5373614400.0,21.127387828579717,5000,USc,50,13.6967,8.1355
SRW,2021-11-30,167738,47375,449530,789.5,120363,4751329425.0,26.775298645251706,5000,USc,50,13.6967,8.1355
SRW,2021-12-07,161566,44888,440731,809.75,116678,4724000525.0,26.473744755871497,5000,USc,50,13.6967,8.1355
SRW,2021-12-14,160861,46684,444225,786.25,114177,4488583312.5,25.702515617085936,5000,USc,50,13.6967,8.1355
SRW,2021-12-21,163016,46454,444789,796.75,116562,4643538675.0,26.20613369485307,5000,USc,50,13.6967,8.1355
SRW,2021-12-28,165201,43787,433728,784.0,121414,4759428800.0,27.993120112144016,5000,USc,50,13.6967,8.1355
SRW,2022-01-04,168392,43764,439485,768.75,124628,4790388750.0,28.357736896594876,5000,USc,50,13.0733,8.1438
SRW,2022-01-11,176664,43376,455595,768.75,133288,5123257500.0,29.255808338546295,5000,USc,50,13.0733,8.1438
SRW,2022-01-18,179223,41403,468778,770.0,137820,5306070000.0,29.3998438493274,5000,USc,50,13.0733,8.1438
SRW,2022-01-25,184908,46686,498029,816.25,138222,5641185375.0,27.75380550128607,5000,USc,50,13.0733,8.1438
SRW,2022-02-01,179440,39773,492052,769.5,139667,5373687825.0,28.384601627470268,5000,USc,50,13.0733,8.1438
SRW,2022-02-08,181845,38685,486477,779.5,143160,5579661000.0,29.427907177523295,5000,USc,50,13.0733,8.1438
SRW,2022-02-15,188074,41263,511039,778.25,146811,5712783037.5,28.72794444259636,5000,USc,50,13.0733,8.1438
SRW,2022-02-22,182342,36658,471913,848.5,145684,6180643700.0,30.870944432554303,5000,USc,50,13.0733,8.1438
SRW,2022-03-01,191964,42140,508287,984.0,149824,7371340800.0,29.47626045915005,5000,USc,50,13.0733,8.1438
SRW,2022-03-08,206616,48020,518859,1280.5,158596,10154108900.0,30.56630028581946,5000,USc,50,13.0733,8.1438
SRW,2022-03-15,211001,45552,513596,1157.25,165449,9573292762.5,32.21384122929306,5000,USc,50,13.0733,8.1438
SRW,2022-03-22,211887,46850,518617,1120.0,165037,9242072000.0,31.82252027989827,5000,USc,50,13.0733,8.1438
SRW,2022-03-29,199966,33756,471606,1012.5,166210,8414381250.0,35.243402331607314,5000,USc,50,13.0733,8.1438
SRW,2022-04-05,195532,32082,480453,1049.5,163450,8577038750.0,34.0199769800584,5000,USc,50,13.0733,8.1438
SRW,2022-04-12,197044,35887,486821,1110.75,161157,8950256887.5,33.10395402006076,5000,USc,50,13.0733,8.1438
SRW,2022-04-19,197291,36515,484604,1105.75,160776,8888903100.0,33.17677939100791,5000,USc,50,13.0733,8.1438
SRW,2022-04-26,187537,29268,431253,1095.0,158269,8665227750.0,36.69980266803941,5000,USc,50,13.0733,8.1438
SRW,2022-05-03,185515,30100,425804,1047.0,155415,8135975250.0,36.49918741956393,5000,USc,50,13.0733,8.1438
SRW,2022-05-10,181067,27315,424000,1095.5,153752,8421765800.0,36.262264150943395,5000,USc,50,13.0733,8.1438
SRW,2022-05-17,189853,33650,483434,1279.75,156203,9995039462.5,32.31113244000215,5000,USc,50,13.0733,8.1438
SRW,2022-05-24,181394,28051,453693,1154.5,153343,8851724675.0,33.7988463564569,5000,USc,50,13.0733,8.1438
SRW,2022-05-31,178956,28959,454385,1088.0,149997,8159836800.0,33.01099288048681,5000,USc,50,13.0733,8.1438
SRW,2022-06-07,178514,30149,462463,1075.0,148365,7974618750.0,32.08148543775394,5000,USc,50,13.0733,8.1438
SRW,2022-06-14,178318,32598,465751,1050.0,145720,7650300000.0,31.287104053453458,5000,USc,50,13.0733,8.1438
SRW,2022-06-21,176872,34936,453012,977.5,141936,6937122000.0,31.3316203544277,5000,USc,50,13.0733,8.1438
SRW,2022-06-28,162070,26038,375548,933.75,136032,6350994000.0,36.22226719354117,5000,USc,50,13.0733,8.1438
SRW,2022-07-05,160499,31060,387076,804.75,129439,5208301762.5,33.440202957558725,5000,USc,50,13.0733,8.1438
SRW,2022-07-12,157521,36001,398172,811.5,121520,4930674000.0,30.51947399616246,5000,USc,50,13.0733,8.1438
SRW,2022-07-19,154884,36151,411445,811.75,118733,4819075637.5,28.857562979256034,5000,USc,50,13.0733,8.1438
SRW,2022-07-26,149365,31024,404440,804.75,118341,4761745987.5,29.260458906141825,5000,USc,50,13.0733,8.1438
SRW,2022-08-02,154271,34877,422808,774.0,119394,4620547800.0,28.238349321677923,5000,USc,50,13.0733,8.1438
SRW,2022-08-09,153124,34520,429529,781.75,118604,4635933850.0,27.612570978909456,5000,USc,50,13.0733,8.1438
SRW,2022-08-16,153801,35210,420327,802.75,118591,4759946262.5,28.213985777739715,5000,USc,50,13.0733,8.1438
SRW,2022-08-23,157041,39080,432194,800.5,117961,4721389025.0,27.293530220225175,5000,USc,50,13.0733,8.1438
SRW,2022-08-30,154061,35914,362465,820.0,118147,4844027000.0,32.59542300635923,5000,USc,50,13.0733,8.1438
SRW,2022-09-06,152000,35979,363699,820.25,116021,4758311262.5,31.900280176739553,5000,USc,50,13.0733,8.1438
SRW,2022-09-13,155331,37293,373189,859.5,118038,5072683050.0,31.629549638386983,5000,USc,50,13.0733,8.1438
SRW,2022-09-20,154290,38385,387820,890.0,115905,5157772500.0,29.886287452942085,5000,USc,50,13.0733,8.1438
SRW,2022-09-27,154742,39288,377966,871.0,115454,5028021700.0,30.546133779228818,5000,USc,50,13.0733,8.1438
SRW,2022-10-04,154617,44627,391177,904.75,109990,4975672625.0,28.117706306863642,5000,USc,50,13.0733,8.1438
SRW,2022-10-11,158682,50148,410978,901.25,108534,4890813375.0,26.408712875141738,5000,USc,50,13.0733,8.1438
SRW,2022-10-18,157944,53794,404388,851.25,104150,4432884375.0,25.754968001028715,5000,USc,50,13.0733,8.1438
SRW,2022-10-25,157017,54473,411948,832.75,102544,4269675800.0,24.892462155417675,5000,USc,50,13.0733,8.1438
SRW,2022-11-01,159541,54166,435024,898.5,105375,4733971875.0,24.222801500606863,5000,USc,50,13.0733,8.1438
SRW,2022-11-08,158231,49195,443703,828.5,109036,4516816300.0,24.574095735210264,5000,USc,50,13.0733,8.1438
SRW,2022-11-15,157819,50762,448452,827.75,107057,4430821587.5,23.8725660717312,5000,USc,50,13.0733,8.1438
SRW,2022-11-22,156383,52897,443433,811.75,103486,4200238025.0,23.337460225107286,5000,USc,50,13.0733,8.1438
SRW,2022-11-29,143753,40990,367782,783.0,102763,4023171450.0,27.941280432430084,5000,USc,50,13.0733,8.1438
SRW,2022-12-06,149193,49367,404705,730.75,99826,3647392475.0,24.66636191794023,5000,USc,50,13.0733,8.1438
SRW,2022-12-13,148901,50839,405051,750.0,98062,3677325000.0,24.209790865841583,5000,USc,50,13.0733,8.1438
SRW,2022-12-20,143269,46578,402381,749.75,96691,3624703862.5,24.02971313257833,5000,USc,50,13.0733,8.1438
SRW,2022-12-27,142484,44086,387675,777.0,98398,3822762300.0,25.38156961372284,5000,USc,50,13.0733,8.1438
SRW,2023-01-03,145803,44778,388172,779.5,101025,3937449375.0,26.025833908679658,5000,USc,50,13.8728,8.0581
SRW,2023-01-10,144977,46743,394847,728.5,98234,3578173450.0,24.879003766015696,5000,USc,50,13.8728,8.0581
SRW,2023-01-17,144186,47465,405665,748.5,96721,3619783425.0,23.842579468280476,5000,USc,50,13.8728,8.0581
SRW,2023-01-24,142003,43416,419670,733.5,98587,3615678225.0,23.491552886792004,5000,USc,50,13.8728,8.0581
SRW,2023-01-31,144258,45627,414563,762.0,98631,3757841100.0,23.79155882218143,5000,USc,50,13.8728,8.0581
SRW,2023-02-07,147111,48592,428529,750.25,98519,3695693987.5,22.990042680892074,5000,USc,50,13.8728,8.0581
SRW,2023-02-14,147894,48972,457528,784.75,98922,3881451975.0,21.620971831232186,5000,USc,50,13.8728,8.0581
SRW,2023-02-21,143129,47873,441354,762.75,95256,3632825700.0,21.582675131527076,5000,USc,50,13.8728,8.0581
SRW,2023-02-28,137215,46778,407327,707.0,90437,3196947950.0,22.202554704205713,5000,USc,50,13.8728,8.0581
SRW,2023-03-07,137379,50095,432751,697.0,87284,3041847400.0,20.16956633260235,5000,USc,50,13.8728,8.0581
SRW,2023-03-14,139546,57630,459299,695.75,81916,2849652850.0,17.835005083834275,5000,USc,50,13.8728,8.0581
SRW,2023-03-21,135203,54756,454791,680.5,80447,2737209175.0,17.68878451860305,5000,USc,50,13.8728,8.0581
SRW,2023-03-28,131008,54567,446151,699.25,76441,2672568462.5,17.133436885718066,5000,USc,50,13.8728,8.0581
SRW,2023-04-04,132900,56733,449495,691.5,76167,2633474025.0,16.9450160735937,5000,USc,50,13.8728,8.0581
SRW,2023-04-11,131712,57651,469091,673.5,74061,2494004175.0,15.788194614690967,5000,USc,50,13.8728,8.0581
SRW,2023-04-18,132706,57596,458928,708.75,75110,2661710625.0,16.366401701356203,5000,USc,50,13.8728,8.0581
SRW,2023-04-25,129139,55949,429579,653.25,73190,2390568375.0,17.03761124263523,5000,USc,50,13.8728,8.0581
SRW,2023-05-02,132900,64013,462482,610.25,68887,2101914587.5,14.895066186359685,5000,USc,50,13.8728,8.0581
SRW,2023-05-09,136412,64345,461528,644.0,72067,2320557400.0,15.614870603733685,5000,USc,50,13.8728,8.0581
SRW,2023-05-16,135049,63612,471227,647.5,71437,2312772875.0,15.15978498685347,5000,USc,50,13.8728,8.0581
SRW,2023-05-23,133832,65603,477760,623.0,68229,2125333350.0,14.28101975887475,5000,USc,50,13.8728,8.0581
SRW,2023-05-30,132605,64428,475870,590.25,68177,2012073712.5,14.326811944438608,5000,USc,50,13.8728,8.0581
SRW,2023-06-06,137779,63755,489163,627.25,74024,2321577700.0,15.132788048155726,5000,USc,50,13.8728,8.0581
SRW,2023-06-13,132834,57867,465331,635.75,74967,2383013512.5,16.110467602631246,5000,USc,50,13.8728,8.0581
SRW,2023-06-20,138758,56363,451245,695.75,82395,2866316062.5,18.25948209952465,5000,USc,50,13.8728,8.0581
SRW,2023-06-27,129219,41442,359947,698.25,87777,3064514512.5,24.386090174386784,5000,USc,50,13.8728,8.0581
SRW,2023-07-03,130877,44057,359506,640.0,86820,2778240000.0,24.1498055665274,5000,USc,50,13.8728,8.0581
SRW,2023-07-11,129798,43220,362152,660.0,86578,2857074000.0,23.906536481919193,5000,USc,50,13.8728,8.0581
SRW,2023-07-18,130257,43749,374014,669.25,86508,2894773950.0,23.129615468939665,5000,USc,50,13.8728,8.0581
SRW,2023-07-25,138162,41031,401562,761.5,97131,3698262825.0,24.188294709160726,5000,USc,50,13.8728,8.0581
SRW,2023-08-01,140708,40238,402982,652.75,100470,3279089625.0,24.931634663582987,5000,USc,50,13.8728,8.0581
SRW,2023-08-08,140917,43711,431293,654.75,97206,3182281425.0,22.538274444519153,5000,USc,50,13.8728,8.0581
SRW,2023-08-15,144678,49680,465240,598.25,94998,2841627675.0,20.419138509156564,5000,USc,50,13.8728,8.0581
SRW,2023-08-22,142697,51054,481323,628.0,91643,2877590200.0,19.039813181584922,5000,USc,50,13.8728,8.0581
SRW,2023-08-29,134544,44300,423659,600.25,90244,2708448050.0,21.301093568176295,5000,USc,50,13.8728,8.0581
SRW,2023-09-05,130514,46436,446632,600.75,84078,2525492925.0,18.824893872360242,5000,USc,50,13.8728,8.0581
SRW,2023-09-12,130222,52552,469203,587.25,77670,2280585375.0,16.553602598448858,5000,USc,50,13.8728,8.0581
SRW,2023-09-19,128053,62126,482449,583.75,65927,1924244312.5,13.665071333964834,5000,USc,50,13.8728,8.0581
SRW,2023-09-26,129212,64066,486763,589.5,65146,1920178350.0,13.383515180899122,5000,USc,50,13.8728,8.0581
SRW,2023-10-03,132577,67928,510243,568.5,64649,1837647825.0,12.670237514282409,5000,USc,50,13.8728,8.0581
SRW,2023-10-10,132363,69830,509031,558.25,62533,1745452362.5,12.284713504678498,5000,USc,50,13.8728,8.0581
SRW,2023-10-17,130809,72171,515825,571.25,58638,1674847875.0,11.367808849900644,5000,USc,50,13.8728,8.0581
SRW,2023-10-24,132865,71131,520213,578.75,61734,1786427625.0,11.867062145698013,5000,USc,50,13.8728,8.0581
SRW,2023-10-31,136738,70631,534771,558.0,66107,1844385300.0,12.361739884922706,5000,USc,50,13.8728,8.0581
SRW,2023-11-07,133200,64005,525972,572.0,69195,1978977000.0,13.15564326618147,5000,USc,50,13.8728,8.0581
SRW,2023-11-14,136779,61947,514218,572.25,74832,2141130600.0,14.552582756729638,5000,USc,50,13.8728,8.0581
SRW,2023-11-21,138212,66548,521351,583.5,71664,2090797200.0,13.745825748871681,5000,USc,50,13.8728,8.0581
SRW,2023-11-28,135553,63384,459107,573.25,72169,2068543962.5,15.719429239806843,5000,USc,50,13.8728,8.0581
SRW,2023-12-05,141877,61399,468937,630.0,80478,2535057000.0,17.16179358847777,5000,USc,50,13.8728,8.0581
SRW,2023-12-12,136899,52071,409905,626.0,84828,2655116400.0,20.694551176492116,5000,USc,50,13.8728,8.0581
SRW,2023-12-19,139260,54790,412241,623.5,84470,2633352250.0,20.490441271004098,5000,USc,50,13.8728,8.0581
SRW,2023-12-26,139517,54132,412546,637.25,85385,2720579562.5,20.697085900723796,5000,USc,50,13.8728,8.0581
SRW,2024-01-02,137438,52887,416057,607.75,84551,2569293512.5,20.321975113986785,5000,USc,50,12.0206,7.8947
SRW,2024-01-09,139790,56062,427307,609.25,83728,2550564200.0,19.59434317715366,5000,USc,50,12.0206,7.8947
SRW,2024-01-16,145480,61526,458510,581.75,83954,2442011975.0,18.310178622058405,5000,USc,50,12.0206,7.8947
SRW,2024-01-23,144566,62622,467570,598.25,81944,2451149900.0,17.52550420257929,5000,USc,50,12.0206,7.8947
SRW,2024-01-30,155808,64710,459180,604.75,91098,2754575775.0,19.839278714229714,5000,USc,50,12.0206,7.8947
SRW,2024-02-06,159331,66719,469256,595.0,92612,2755207000.0,19.735922396303938,5000,USc,50,12.0206,7.8947
SRW,2024-02-13,157906,58380,448418,598.5,99526,2978315550.0,22.19491635036952,5000,USc,50,12.0206,7.8947
SRW,2024-02-20,159329,60700,455296,578.0,98629,2850378100.0,21.662610697216756,5000,USc,50,12.0206,7.8947
SRW,2024-02-27,158619,51011,414999,584.25,107608,3143498700.0,25.92970103542418,5000,USc,50,12.0206,7.8947
SRW,2024-03-05,166292,55632,451756,551.75,110660,3052832750.0,24.495524132496303,5000,USc,50,12.0206,7.8947
SRW,2024-03-12,169370,62232,451363,549.0,107138,2940938100.0,23.736549074691546,5000,USc,50,12.0206,7.8947
SRW,2024-03-19,174695,67156,477569,553.5,107539,2976141825.0,22.518002634174326,5000,USc,50,12.0206,7.8947
SRW,2024-03-26,174466,66231,465014,543.0,108235,2938580250.0,23.275643313964743,5000,USc,50,12.0206,7.8947
SRW,2024-04-02,178278,67295,471089,545.5,110983,3027061325.0,23.558817972824666,5000,USc,50,12.0206,7.8947
SRW,2024-04-09,169313,53291,457253,557.75,116022,3235563525.0,25.37369902439131,5000,USc,50,12.0206,7.8947
SRW,2024-04-16,173818,57109,449409,565.25,116709,3298488112.5,25.969439864355188,5000,USc,50,12.0206,7.8947
SRW,2024-04-23,172393,56167,453343,601.75,116226,3496949775.0,25.63754155242278,5000,USc,50,12.0206,7.8947
SRW,2024-04-30,163830,44824,423620,604.25,119006,3595468775.0,28.092630187432132,5000,USc,50,12.0206,7.8947
SRW,2024-05-07,165927,49752,448731,643.25,116175,3736478437.5,25.889675551722526,5000,USc,50,12.0206,7.8947
SRW,2024-05-14,174728,53132,492012,674.75,121596,4102345050.0,24.71403136508866,5000,USc,50,12.0206,7.8947
SRW,2024-05-21,171724,54948,515075,698.5,116776,4078401800.0,22.671649759743726,5000,USc,50,12.0206,7.8947
SRW,2024-05-28,165899,51372,516145,702.75,114527,4024192462.5,22.1889197802943,5000,USc,50,12.0206,7.8947
SRW,2024-06-04,161269,57040,517578,658.25,104229,3430436962.5,20.137834297439227,5000,USc,50,12.0206,7.8947
SRW,2024-06-11,149804,61206,489836,625.75,88598,2772009925.0,18.08727819106803,5000,USc,50,12.0206,7.8947
SRW,2024-06-18,147223,61335,504760,580.5,85888,2492899200.0,17.015611379665586,5000,USc,50,12.0206,7.8947
SRW,2024-06-25,141515,57549,470814,558.75,83966,2345800125.0,17.834219033418716,5000,USc,50,12.0206,7.8947
SRW,2024-07-02,145541,54401,472484,582.25,91140,2653313250.0,19.2895420797318,5000,USc,50,12.0206,7.8947
SRW,2024-07-09,150047,58266,485536,571.75,91781,2623789337.5,18.903026758057077,5000,USc,50,12.0206,7.8947
SRW,2024-07-16,150666,68344,506230,530.0,82322,2181533000.0,16.261778243091086,5000,USc,50,12.0206,7.8947
SRW,2024-07-23,149663,70739,511022,542.0,78924,2138840400.0,15.444344861865048,5000,USc,50,12.0206,7.8947
SRW,2024-07-30,150137,74186,511573,522.5,75951,1984219875.0,14.846561487803307,5000,USc,50,12.0206,7.8947
SRW,2024-08-06,147223,68580,511097,544.5,78643,2141055675.0,15.387098730769305,5000,USc,50,12.0206,7.8947
SRW,2024-08-13,129366,49470,483853,528.75,79896,2112250500.0,16.51245316242743,5000,USc,50,12.0206,7.8947
SRW,2024-08-20,131557,49593,492755,557.5,81964,2284746500.0,16.63382411137381,5000,USc,50,12.0206,7.8947
SRW,2024-08-27,132033,47614,445562,535.0,84419,2258208250.0,18.946633689587532,5000,USc,50,12.0206,7.8947
SRW,2024-09-03,134880,48416,438859,566.5,86464,2449092800.0,19.701999958984548,5000,USc,50,12.0206,7.8947
SRW,2024-09-10,136867,47966,422221,573.5,88901,2549236175.0,21.055560950308013,5000,USc,50,12.0206,7.8947
SRW,2024-09-17,137363,50096,418413,576.5,87267,2515471275.0,20.856665543374607,5000,USc,50,12.0206,7.8947
SRW,2024-09-24,140936,50869,422881,578.75,90067,2606313812.5,21.298426744166797,5000,USc,50,12.0206,7.8947
SRW,2024-10-01,148712,56732,456782,597.25,91980,2746752750.0,20.136520265684723,5000,USc,50,12.0206,7.8947
SRW,2024-10-08,149846,60448,473349,594.25,89398,2656238075.0,18.88627629930559,5000,USc,50,12.0206,7.8947
SRW,2024-10-15,150146,60060,473516,581.25,90086,2618124375.0,19.024911513021735,5000,USc,50,12.0206,7.8947
SRW,2024-10-22,148613,63404,487950,576.0,85209,2454019200.0,17.462649861666154,5000,USc,50,12.0206,7.8947
SRW,2024-10-29,151036,70417,484496,571.75,80619,2304695662.5,16.63976585978006,5000,USc,50,12.0206,7.8947
SRW,2024-11-05,157520,78643,514659,572.25,78877,2256868162.5,15.326070271772183,5000,USc,50,12.0206,7.8947
SRW,2024-11-12,151868,77149,522608,553.5,74719,2067848325.0,14.297331843370173,5000,USc,50,12.0206,7.8947
SRW,2024-11-19,155519,84875,536986,567.5,70644,2004523500.0,13.15565024041595,5000,USc,50,12.0206,7.8947
SRW,2024-11-26,152364,68312,472093,557.0,84052,2340848200.0,17.804119103651185,5000,USc,50,12.0206,7.8947
SRW,2024-12-03,148435,70707,484688,548.25,77728,2130718800.0,16.036708150397782,5000,USc,50,12.0206,7.8947
SRW,2024-12-10,149905,72972,503050,561.5,76933,2159893975.0,15.29331080409502,5000,USc,50,12.0206,7.8947
SRW,2024-12-17,148188,85523,527377,544.75,62665,1706837937.5,11.882391533950095,5000,USc,50,12.0206,7.8947
SRW,2024-12-24,146533,95945,550209,535.0,50588,1353229000.0,9.194324338569524,5000,USc,50,12.0206,7.8947
SRW,2024-12-31,149083,98088,542585,551.0,50995,1404912250.0,9.398527419666964,5000,USc,50,12.0206,7.8947
SRW,2025-01-07,152158,101457,556234,542.75,50701,1375898387.5,9.115048702524478,5000,USc,50,9.6238,7.8285
SRW,2025-01-14,159169,104871,571404,546.75,54298,1484371575.0,9.502558610020232,5000,USc,50,9.6238,7.8285
SRW,2025-01-21,158389,105953,582518,558.0,52436,1462964400.0,9.001610250670366,5000,USc,50,9.6238,7.8285
SRW,2025-01-28,166104,114869,598157,545.0,51235,1396153750.0,8.56547695671872,5000,USc,50,9.6238,7.8285
SRW,2025-02-04,165555,102485,599154,577.75,63070,1821934625.0,10.526509044419297,5000,USc,50,9.6238,7.8285
SRW,2025-02-11,159467,85819,568544,576.5,73648,2122903600.0,12.953790735633477,5000,USc,50,9.6238,7.8285
SRW,2025-02-18,170122,87680,576397,606.5,82442,2500053650.0,14.302989085647566,5000,USc,50,9.6238,7.8285
SRW,2025-02-25,147990,71024,482348,588.75,76966,2265686625.0,15.956529310788062,5000,USc,50,9.6238,7.8285
SRW,2025-03-04,143473,87000,526878,537.25,56473,1517005962.5,10.718420583133097,5000,USc,50,9.6238,7.8285
SRW,2025-03-11,147287,85064,533200,556.25,62223,1730577187.5,11.66972993248312,5000,USc,50,9.6238,7.8285
SRW,2025-03-18,150991,84004,548716,564.0,66987,1889033400.0,12.20795457030595,5000,USc,50,9.6238,7.8285
SRW,2025-03-25,151290,91695,546873,543.75,59595,1620239062.5,10.89741128196126,5000,USc,50,9.6238,7.8285
SRW,2025-04-01,150090,97384,584203,540.0,52706,1423062000.0,9.021863975364727,5000,USc,50,9.6238,7.8285
SRW,2025-04-08,141843,91309,572101,539.5,50534,1363154650.0,8.833055701703021,5000,USc,50,9.6238,7.8285
SRW,2025-04-15,137750,92425,558884,542.25,45325,1228874062.5,8.109911895849587,5000,USc,50,9.6238,7.8285
SRW,2025-04-22,132269,92421,547898,548.75,39848,1093329500.0,7.272886559177073,5000,USc,50,9.6238,7.8285
SRW,2025-04-29,123318,84999,511487,524.5,38319,1004915775.0,7.491686005704936,5000,USc,50,9.6238,7.8285
SRW,2025-05-06,126476,91929,525539,535.0,34547,924132250.0,6.573632023503488,5000,USc,50,9.6238,7.8285
SRW,2025-05-13,132226,95210,554268,517.75,37016,958251700.0,6.678357761949092,5000,USc,50,9.6238,7.8285
SRW,2025-05-20,135036,95965,549596,547.25,39071,1069080237.5,7.109040094906076,5000,USc,50,9.6238,7.8285
SRW,2025-05-27,140768,103651,534796,528.5,37117,980816725.0,6.940403443556048,5000,USc,50,9.6238,7.8285
SRW,2025-06-03,135410,99723,534260,535.75,35687,955965512.5,6.67970650993898,5000,USc,50,9.6238,7.8285
SRW,2025-06-10,122181,85136,506252,535.25,37045,991416812.5,7.317501955547829,5000,USc,50,9.6238,7.8285
SRW,2025-06-17,120198,79484,488423,549.0,40714,1117599300.0,8.335807281802863,5000,USc,50,9.6238,7.8285
SRW,2025-06-24,117993,65140,425436,551.75,52853,1458082137.5,12.423255201722467,5000,USc,50,9.6238,7.8285
SRW,2025-07-01,120858,67466,434482,549.75,53392,1467612600.0,12.288656377019072,5000,USc,50,9.6238,7.8285
SRW,2025-07-08,124502,64003,446165,547.75,60499,1656916362.5,13.559781695112793,5000,USc,50,9.6238,7.8285
SRW,2025-07-15,128098,67103,469176,538.5,60995,1642290375.0,13.000451856019914,5000,USc,50,9.6238,7.8285
SRW,2025-07-22,130153,69745,492164,549.5,60408,1659709800.0,12.273957461334026,5000,USc,50,9.6238,7.8285
SRW,2025-07-29,135033,74580,496782,529.75,60453,1601248837.5,12.168919163737817,5000,USc,50,9.6238,7.8285
SRW,2025-08-05,133369,76247,551542,508.25,57122,1451612825.0,10.356781532503417,5000,USc,50,9.6238,7.8285
SRW,2025-08-12,129796,74357,550490,504.75,55439,1399141762.5,10.070845973587168,5000,USc,50,9.6238,7.8285
SRW,2025-08-19,131598,74302,558748,520.75,57296,1491844600.0,10.254354378002247,5000,USc,50,9.6238,7.8285
SRW,2025-08-26,121646,63481,493402,531.75,58165,1546461937.5,11.788561862335378,5000,USc,50,9.6238,7.8285
SRW,2025-09-02,120793,62565,470707,528.5,58228,1538674900.0,12.370328038461293,5000,USc,50,9.6238,7.8285
SRW,2025-09-09,119557,64206,497433,519.5,55351,1437742225.0,11.127327700413925,5000,USc,50,9.6238,7.8285
SRW,2025-09-16,124281,63407,508551,533.5,60874,1623813950.0,11.970087562506022,5000,USc,50,9.6238,7.8285
SRW,2025-09-23,122962,67112,517858,520.75,55850,1454194375.0,10.784809735487334,5000,USc,50,9.6238,7.8285
SRW,2025-09-30,126054,69709,523597,507.5,56345,1429754375.0,10.761138814775485,5000,USc,50,9.6238,7.8285
SRW,2025-10-07,131742,74684,548818,505.75,57058,1442854175.0,10.39652489532049,5000,USc,50,9.6238,7.8285
SRW,2025-10-14,138897,82230,603197,500.25,56667,1417383337.5,9.394443274751035,5000,USc,50,9.6238,7.8285
SRW,2025-10-21,142893,84905,603136,500.5,57988,1451149700.0,9.614415322580646,5000,USc,50,9.6238,7.8285
SRW,2025-10-28,148437,87554,578485,530.25,60883,1614160537.5,10.524559841655359,5000,USc,50,9.6238,7.8285
SRW,2025-11-04,156226,90963,585865,550.0,65263,1794732500.0,11.139597006136226,5000,USc,50,9.6238,7.8285
SRW,2025-11-10,143678,83337,538342,535.5,60341,1615630275.0,11.208674039922577,5000,USc,50,9.6238,7.8285
SRW,2025-11-18,135769,72647,505511,559.0,63122,1764259900.0,12.486770812108935,5000,USc,50,9.6238,7.8285
SRW,2025-11-25,130749,68954,456613,538.5,61795,1663830375.0,13.533342239489457,5000,USc,50,9.6238,7.8285
SRW,2025-12-02,133172,68128,462206,541.25,65044,1760253250.0,14.072513121854758,5000,USc,50,9.6238,7.8285
SRW,2025-12-09,133542,70142,482671,534.25,63400,1693572500.0,13.135241189132971,5000,USc,50,9.6238,7.8285
SRW,2025-12-16,140383,75740,541890,509.0,64643,1645164350.0,11.92917381756445,5000,USc,50,9.6238,7.8285
SRW,2025-12-23,142760,77344,557480,517.75,65416,1693456700.0,11.73423261821052,5000,USc,50,9.6238,7.8285
SRW,2025-12-30,139364,78559,544590,510.25,60805,1551287562.5,11.165280302612974,5000,USc,50,9.6238,7.8285
SRW,2026-01-06,143775,82577,561426,510.5,61198,1562078950.0,10.900457050439417,5000,USc,50,8.4211,7.5685
SRW,2026-01-13,152641,83626,576837,510.5,69015,1761607875.0,11.96438508625487,5000,USc,50,8.4211,7.5685
SRW,2026-01-20,154636,86534,584981,510.5,68102,1738303550.0,11.641745629345227,5000,USc,50,8.4211,7.5685
SRW,2026-01-27,157233,92276,597251,523.5,64957,1700249475.0,10.875996858942052,5000,USc,50,8.4211,7.5685
SRW,2026-02-03,165714,100644,612046,529.25,65070,1721914875.0,10.63155383745666,5000,USc,50,8.4211,7.5685
SRW,2026-02-10,156512,84952,590543,529.5,71560,1894551000.0,12.117661203333203,5000,USc,50,8.4211,7.5685
SRW,2026-02-17,149431,73905,544127,539.0,75526,2035425700.0,13.880215464404449,5000,USc,50,8.4211,7.5685
SRW,2026-02-24,150197,56073,516198,572.75,94124,2695476050.0,18.234088469928206,5000,USc,50,8.4211,7.5685
SRW,2026-03-03,153510,57506,515115,574.75,96004,2758914950.0,18.637391650408162,5000,USc,50,8.4211,7.5685
SRW,2026-03-10,157860,59834,562155,593.0,98026,2906470900.0,17.437539468651885,5000,USc,50,8.4211,7.5685
SRW,2026-03-17,163826,60205,580836,590.5,103621,3059410025.0,17.839975483613273,5000,USc,50,8.4211,7.5685
SRW,2026-03-24,168468,64455,595809,591.75,104013,3077484637.5,17.457440219936256,5000,USc,50,8.4211,7.5685
SRW,2026-03-31,166891,57513,593425,618.25,109378,3381147425.0,18.431646796141045,5000,USc,50,8.4211,7.5685
SRW,2026-04-07,161588,55517,605755,597.75,106071,3170197012.5,17.510544692161023,5000,USc,50,8.4211,7.5685
SRW,2026-04-14,148648,54029,565279,593.25,94619,2806636087.5,16.73846012323118,5000,USc,50,8.4211,7.5685
SRW,2026-04-21,151790,51883,557267,613.5,99907,3064647225.0,17.928030907984862,5000,USc,50,8.4211,7.5685
SRW,2026-04-28,146173,49494,520928,658.25,96679,3181947587.5,18.558994717120218,5000,USc,50,8.4211,7.5685
SRW,2026-05-05,150329,54058,540497,628.5,96271,3025316175.0,17.811569721941105,5000,USc,50,8.4211,7.5685
SRW,2026-05-12,162530,60734,586697,679.0,101796,3455974200.0,17.35069379935469,5000,USc,50,8.4211,7.5685
SRW,2026-05-19,174833,64504,608859,668.0,110329,3684988600.0,18.120615774752448,5000,USc,50,8.4211,7.5685
SRW,2026-05-26,174527,63219,584337,635.0,111308,3534029000.0,19.04859695689303,5000,USc,50,8.4211,7.5685
SRW,2026-06-02,162535,70100,580385,602.5,92435,2784604375.0,15.92649706660234,5000,USc,50,8.4211,7.5685
SRW,2026-06-09,148165,70179,562624,585.0,77986,2281090500.0,13.861122170401547,5000,USc,50,8.4211,7.5685
SRW,2026-06-16,143161,65524,554150,595.75,77637,2312612137.5,14.010105567084723,5000,USc,50,8.4211,7.5685
SRW,2026-06-23,142846,64952,534792,598.0,77894,2329030600.0,14.565288934763421,5000,USc,50,8.4211,7.5685
SRW,2026-06-30,134638,68676,478959,587.5,65962,1937633750.0,13.771951252612435,5000,USc,50,8.4211,7.5685
SRW,2026-07-07,125644,70562,491970,617.75,55082,1701345275.0,11.196211151086448,5000,USc,50,8.4211,7.5685
SRW,2026-07-14,132632,78248,528698,644.0,54384,1751164800.0,10.286401688676712,5000,USc,50,8.4211,7.5685
SRW,2026-07-21,145662,82667,578236,678.5,62995,2137105375.0,10.894340719014382,5000,USc,50,8.4211,7.5685
SRW,2026-07-28,146110,84381,566358,664.75,61729,2051717637.5,10.899289848470401,5000,USc,50,8.4211,7.5685
SRW,2026-08-04,137359,75780,567126,638.0,61579,1964370100.0,10.85808092028932,5000,USc,50,8.4211,7.5685
SRW,2026-08-11,142641,73728,581798,630.5,68913,2172482325.0,11.844832742635761,5000,USc,50,8.4211,7.5685
SRW,2026-08-18,145210,65130,573777,677.0,80080,2710708000.0,13.956641691807095,5000,USc,50,8.4211,7.5685
SRW,2026-08-25,137557,56017,529139,704.5,81540,2872246500.0,15.409939543295806,5000,USc,50,8.4211,7.5685
SUGAR,2016-01-05,268839,32796,1140438,14.6,236043,3859775136.0,20.697574089954912,112000,USc,1120,9.5782,9.2458
SUGAR,2016-01-12,254100,29696,1127182,14.07,224404,3536247993.6000004,19.90840875741451,112000,USc,1120,9.5782,9.2458
SUGAR,2016-01-19,242677,33683,1156801,14.76,208994,3454921612.7999997,18.066547314533786,112000,USc,1120,9.5782,9.2458
SUGAR,2016-01-26,236689,30907,1164380,14.05,205782,3238185552.0,17.673096411824318,112000,USc,1120,9.5782,9.2458
SUGAR,2016-02-02,238086,39902,1165724,12.95,198184,2874460736.0,17.000936756899577,112000,USc,1120,9.5782,9.2458
SUGAR,2016-02-09,232634,36731,1156264,13.3,195903,2918171088.0,16.942757017428544,112000,USc,1120,9.5782,9.2458
SUGAR,2016-02-16,224895,22030,1012053,13.24,202865,3008244512.0,20.044898834349585,112000,USc,1120,9.5782,9.2458
SUGAR,2016-02-23,226987,24692,1006310,13.95,202295,3160657080.0,20.102652264212818,112000,USc,1120,9.5782,9.2458
SUGAR,2016-03-01,237989,22736,973420,14.43,215253,3478832884.8,22.11306527500976,112000,USc,1120,9.5782,9.2458
SUGAR,2016-03-08,242790,25356,982660,14.87,217434,3621232809.5999994,22.127083630146743,112000,USc,1120,9.5782,9.2458
SUGAR,2016-03-15,245550,28825,1010861,15.25,216725,3701663000.0,21.439644026231104,112000,USc,1120,9.5782,9.2458
SUGAR,2016-03-22,250631,38992,1116369,16.6,211639,3934792288.0000005,18.957799795587302,112000,USc,1120,9.5782,9.2458
SUGAR,2016-03-29,246745,34720,1134277,15.86,212025,3766242480.0,18.692523960196674,112000,USc,1120,9.5782,9.2458
SUGAR,2016-04-05,241656,32923,1112048,14.7,208733,3436580111.9999995,18.770143015409406,112000,USc,1120,9.5782,9.2458
SUGAR,2016-04-12,225975,21750,1082710,14.06,204225,3215971920.0,18.862391591469553,112000,USc,1120,9.5782,9.2458
SUGAR,2016-04-19,215098,18457,996259,15.19,196641,3345414004.8,19.737939632163926,112000,USc,1120,9.5782,9.2458
SUGAR,2016-04-26,218951,21452,990747,15.82,197499,3499366281.6000004,19.93435256427726,112000,USc,1120,9.5782,9.2458
SUGAR,2016-05-03,227120,24452,1015443,16.27,202668,3693097363.2,19.958579654397145,112000,USc,1120,9.5782,9.2458
SUGAR,2016-05-10,223749,23689,1039218,16.0,200060,3585075200.0,19.251013743026004,112000,USc,1120,9.5782,9.2458
SUGAR,2016-05-17,230139,27404,1095900,16.76,202735,3805579232.0,18.4994068801898,112000,USc,1120,9.5782,9.2458
SUGAR,2016-05-24,231976,28296,1124471,16.67,203680,3802787072.0000005,18.113406215011324,112000,USc,1120,9.5782,9.2458
SUGAR,2016-05-31,232173,29359,1181139,17.35,202814,3941081648.0000005,17.171052687278973,112000,USc,1120,9.5782,9.2458
SUGAR,2016-06-07,234379,33763,1224430,18.98,200616,4264614681.6000004,16.384440106825217,112000,USc,1120,9.5782,9.2458
SUGAR,2016-06-14,234211,38480,1289638,19.4,195731,4252843168.0,15.177204765988595,112000,USc,1120,9.5782,9.2458
SUGAR,2016-06-21,218541,22179,1136061,19.19,196362,4220369193.6000004,17.28445919717339,112000,USc,1120,9.5782,9.2458
SUGAR,2016-06-28,215075,23416,1107386,19.82,191659,4254523145.6,17.307334569878975,112000,USc,1120,9.5782,9.2458
SUGAR,2016-07-05,217419,28811,1114957,20.92,188608,4419160883.200001,16.916168067468075,112000,USc,1120,9.5782,9.2458
SUGAR,2016-07-12,210229,28379,1105398,19.73,181850,4018448560.0,16.451088205334187,112000,USc,1120,9.5782,9.2458
SUGAR,2016-07-19,207909,26680,1079425,19.36,181229,3929624652.7999997,16.789401764828497,112000,USc,1120,9.5782,9.2458
SUGAR,2016-07-26,208306,27362,1080398,19.49,180944,3949790387.1999993,16.74790216198105,112000,USc,1120,9.5782,9.2458
SUGAR,2016-08-02,208177,31429,1101246,19.04,176748,3769115750.4,16.049819931241522,112000,USc,1120,9.5782,9.2458
SUGAR,2016-08-09,214254,37773,1138568,20.31,176481,4014448603.2,15.50025997568876,112000,USc,1120,9.5782,9.2458
SUGAR,2016-08-16,217703,42530,1148999,20.22,175173,3967037827.1999993,15.245705174678134,112000,USc,1120,9.5782,9.2458
SUGAR,2016-08-23,220122,45192,1178565,20.75,174930,4065373200.0,14.842626414325895,112000,USc,1120,9.5782,9.2458
SUGAR,2016-08-30,223493,44421,1182157,20.49,179072,4109487513.6,15.14790336647332,112000,USc,1120,9.5782,9.2458
SUGAR,2016-09-06,223674,42009,1185974,20.23,181665,4116092904.0,15.317789428773313,112000,USc,1120,9.5782,9.2458
SUGAR,2016-09-13,220064,41319,1160692,20.38,178745,4079961871.9999995,15.399864908175468,112000,USc,1120,9.5782,9.2458
SUGAR,2016-09-20,217362,26996,1114917,22.15,190366,4722599727.999999,17.074454869734698,112000,USc,1120,9.5782,9.2458
SUGAR,2016-09-27,211192,25531,1090223,23.0,185661,4782627360.0,17.029635221418005,112000,USc,1120,9.5782,9.2458
SUGAR,2016-10-04,208365,27182,1068344,23.29,181183,4726122318.400001,16.959237848483262,112000,USc,1120,9.5782,9.2458
SUGAR,2016-10-11,211628,34103,1077483,23.3,177525,4632692400.0,16.475897995606427,112000,USc,1120,9.5782,9.2458
SUGAR,2016-10-18,214584,34503,1079745,22.96,180081,4630818931.2,16.678104552463775,112000,USc,1120,9.5782,9.2458
SUGAR,2016-10-25,213428,41438,1093275,22.92,171990,4415052096.0,15.73163202305001,112000,USc,1120,9.5782,9.2458
SUGAR,2016-11-01,215276,42287,1081953,21.18,172989,4103575862.4,15.988587304624138,112000,USc,1120,9.5782,9.2458
SUGAR,2016-11-08,208629,41512,1090944,21.99,167117,4115891169.5999994,15.31856813915288,112000,USc,1120,9.5782,9.2458
SUGAR,2016-11-15,212184,41927,1080293,21.12,170257,4027327180.8,15.76026133650778,112000,USc,1120,9.5782,9.2458
SUGAR,2016-11-22,216212,38489,1057619,19.74,177723,3929242262.3999996,16.804066492754007,112000,USc,1120,9.5782,9.2458
SUGAR,2016-11-29,214972,43067,1060293,19.58,171905,3769807888.0,16.212971320191684,112000,USc,1120,9.5782,9.2458
SUGAR,2016-12-06,215864,43765,1081986,19.53,172099,3764424686.4,15.905843513686868,112000,USc,1120,9.5782,9.2458
SUGAR,2016-12-13,220044,45062,1077339,18.64,174982,3653064217.6,16.242055657504277,112000,USc,1120,9.5782,9.2458
SUGAR,2016-12-20,229445,51724,1038618,18.27,177721,3636598190.4,17.1112959721476,112000,USc,1120,9.5782,9.2458
SUGAR,2016-12-27,226185,51504,1039532,18.46,174681,3611564611.2000003,16.80381171527187,112000,USc,1120,9.5782,9.2458
SUGAR,2017-01-03,229715,60150,1062122,20.54,169565,3900808911.9999995,15.964738514031346,112000,USc,1120,9.5782,9.2458
SUGAR,2017-01-10,224182,64348,1067857,20.48,159834,3666208358.4000006,14.967734443844073,112000,USc,1120,9.5782,9.2458
SUGAR,2017-01-17,215422,64161,1064551,20.67,151261,3501752654.4,14.208901217508602,112000,USc,1120,9.5782,9.2458
SUGAR,2017-01-24,220433,68335,1075406,20.55,152098,3500687568.0,14.143309596561672,112000,USc,1120,9.5782,9.2458
SUGAR,2017-01-31,220539,65945,1071945,20.49,154594,3547746787.1999993,14.421822015122043,112000,USc,1120,9.5782,9.2458
SUGAR,2017-02-07,216570,63140,1100823,20.77,153430,3569150032.0,13.937753844169318,112000,USc,1120,9.5782,9.2458
SUGAR,2017-02-14,205726,52367,1098071,20.48,153359,3517687398.4000006,13.966218942126693,112000,USc,1120,9.5782,9.2458
SUGAR,2017-02-21,201175,25790,952269,20.83,175385,4091661896.0,18.417589987703053,112000,USc,1120,9.5782,9.2458
SUGAR,2017-02-28,197649,22862,912021,19.24,174787,3766450105.6,19.16479993333487,112000,USc,1120,9.5782,9.2458
SUGAR,2017-03-07,199317,22681,915638,18.38,176636,3636158041.5999994,19.291029861145997,112000,USc,1120,9.5782,9.2458
SUGAR,2017-03-14,203818,26179,930972,18.12,177639,3605076921.6000004,19.08102499323288,112000,USc,1120,9.5782,9.2458
SUGAR,2017-03-21,201507,26631,952600,17.3,174876,3388397376.0000005,18.357757715725384,112000,USc,1120,9.5782,9.2458
SUGAR,2017-03-28,200995,25897,970664,17.55,175098,3441726288.0,18.038991865362267,112000,USc,1120,9.5782,9.2458
SUGAR,2017-04-04,199033,31076,983158,16.15,167957,3038006216.0,17.083418941818103,112000,USc,1120,9.5782,9.2458
SUGAR,2017-04-11,204146,37064,982503,16.77,167082,3138200956.8,17.005749600764577,112000,USc,1120,9.5782,9.2458
SUGAR,2017-04-18,209632,25686,916742,16.84,183946,3469368716.8,20.065187370056133,112000,USc,1120,9.5782,9.2458
SUGAR,2017-04-25,209778,24438,909585,16.14,185340,3350354112.0,20.37632546710863,112000,USc,1120,9.5782,9.2458
SUGAR,2017-05-02,214218,25815,912728,15.91,188403,3357190737.6,20.641746500600398,112000,USc,1120,9.5782,9.2458
SUGAR,2017-05-09,208781,24300,937584,15.52,184481,3206722534.4,19.67621034488643,112000,USc,1120,9.5782,9.2458
SUGAR,2017-05-16,203208,21102,942324,15.99,182106,3261299932.7999997,19.32520024959568,112000,USc,1120,9.5782,9.2458
SUGAR,2017-05-23,206317,21773,955755,15.86,184544,3278091980.7999997,19.308714053287716,112000,USc,1120,9.5782,9.2458
SUGAR,2017-05-30,204646,23328,978086,15.02,181318,3050203923.2,18.538042667004742,112000,USc,1120,9.5782,9.2458
SUGAR,2017-06-06,199375,24657,1023972,14.02,174718,2743491923.2,17.062771247651305,112000,USc,1120,9.5782,9.2458
SUGAR,2017-06-13,199600,22519,1041794,13.74,177081,2725064092.7999997,16.997698201371865,112000,USc,1120,9.5782,9.2458
SUGAR,2017-06-20,190844,15862,960961,13.63,174982,2671205219.2000003,18.20906363525679,112000,USc,1120,9.5782,9.2458
SUGAR,2017-06-27,189985,16085,971300,12.7,173900,2473553600.0,17.90384021414599,112000,USc,1120,9.5782,9.2458
SUGAR,2017-07-03,198644,23031,931594,13.95,175613,2743777512.0,18.850808399367107,112000,USc,1120,9.5782,9.2458
SUGAR,2017-07-11,194157,17254,918156,13.45,176903,2664866792.0,19.267205137253367,112000,USc,1120,9.5782,9.2458
SUGAR,2017-07-18,199329,19194,921357,14.15,180135,2854779480.0,19.551053500434683,112000,USc,1120,9.5782,9.2458
SUGAR,2017-07-25,200548,19435,924583,13.9,181113,2819567184.0,19.58861454298857,112000,USc,1120,9.5782,9.2458
SUGAR,2017-08-01,198726,21058,928162,14.81,177668,2947014649.6,19.14191703603466,112000,USc,1120,9.5782,9.2458
SUGAR,2017-08-08,203407,24954,940510,13.77,178453,2752173547.2000003,18.974067261379464,112000,USc,1120,9.5782,9.2458
SUGAR,2017-08-15,211725,32500,977006,13.19,179225,2647655080.0,18.34430904211438,112000,USc,1120,9.5782,9.2458
SUGAR,2017-08-22,214896,34466,1001556,13.51,180430,2730122416.0,18.01496870868928,112000,USc,1120,9.5782,9.2458
SUGAR,2017-08-29,213744,34817,1004020,13.88,178927,2781527571.2000003,17.82105934144738,112000,USc,1120,9.5782,9.2458
SUGAR,2017-09-05,217750,38213,995266,14.02,179537,2819161788.7999997,18.039097085603245,112000,USc,1120,9.5782,9.2458
SUGAR,2017-09-12,199942,25428,973190,14.07,174514,2750061417.6,17.93216124292276,112000,USc,1120,9.5782,9.2458
SUGAR,2017-09-19,205051,14689,859639,13.8,190362,2942235072.0,22.144411782155068,112000,USc,1120,9.5782,9.2458
SUGAR,2017-09-26,212234,13405,803575,13.24,198829,2948395475.2,24.743054475313443,112000,USc,1120,9.5782,9.2458
SUGAR,2017-10-03,209152,13149,777228,14.08,196003,3090888908.8,25.218211387134794,112000,USc,1120,9.5782,9.2458
SUGAR,2017-10-10,207701,13900,795890,14.17,193801,3075699390.4,24.35022427722424,112000,USc,1120,9.5782,9.2458
SUGAR,2017-10-17,212096,14917,795152,14.04,197179,3100600339.2,24.797648751433687,112000,USc,1120,9.5782,9.2458
SUGAR,2017-10-24,209375,13630,817823,14.25,195745,3124090200.0,23.934885665969286,112000,USc,1120,9.5782,9.2458
SUGAR,2017-10-31,207978,16973,820409,14.75,191005,3155402600.0,23.281680235102247,112000,USc,1120,9.5782,9.2458
SUGAR,2017-11-07,209432,17005,824704,14.68,192427,3163807763.2,23.332856394536705,112000,USc,1120,9.5782,9.2458
SUGAR,2017-11-14,220641,21429,827722,15.1,199212,3369073343.9999995,24.06750092422335,112000,USc,1120,9.5782,9.2458
SUGAR,2017-11-21,221797,20670,804303,14.9,201127,3356407376.0000005,25.00637197673016,112000,USc,1120,9.5782,9.2458
SUGAR,2017-11-28,223786,21538,815533,15.1,202248,3420418176.0,24.799486961287894,112000,USc,1120,9.5782,9.2458
SUGAR,2017-12-05,220033,21530,815819,14.88,198503,3308171596.8,24.33174515425603,112000,USc,1120,9.5782,9.2458
SUGAR,2017-12-12,228838,20226,877633,13.86,208612,3238325798.3999996,23.769844570566512,112000,USc,1120,9.5782,9.2458
SUGAR,2017-12-19,231587,23147,899759,14.32,208440,3343044096.0000005,23.166203394464517,112000,USc,1120,9.5782,9.2458
SUGAR,2017-12-26,228322,24832,870547,14.7,203490,3350259360.0,23.37495850310207,112000,USc,1120,9.5782,9.2458
SUGAR,2018-01-02,227712,28364,886464,15.32,199348,3420492723.2,22.487997256515772,112000,USc,1120,9.6481,9.7101
SUGAR,2018-01-09,240190,26848,894903,14.75,213342,3524409840.0,23.839678713782387,112000,USc,1120,9.6481,9.7101
SUGAR,2018-01-16,265581,25592,939032,13.6,239989,3655512448.0,25.557063018086712,112000,USc,1120,9.6481,9.7101
SUGAR,2018-01-23,271225,27224,1042068,13.18,244001,3601845161.5999994,23.415074640042686,112000,USc,1120,9.6481,9.7101
SUGAR,2018-01-30,284354,32972,1057235,13.72,251382,3862836364.8,23.777305896986007,112000,USc,1120,9.6481,9.7101
SUGAR,2018-02-06,291969,46769,1063192,13.8,245200,3789811200.0,23.062626505842783,112000,USc,1120,9.6481,9.7101
SUGAR,2018-02-13,274374,28037,1028192,13.47,246337,3716338516.8,23.95826849460023,112000,USc,1120,9.6481,9.7101
SUGAR,2018-02-20,266129,19256,958093,13.33,246873,3685715140.7999997,25.767122815843557,112000,USc,1120,9.6481,9.7101
SUGAR,2018-02-27,274761,23118,962637,12.97,251643,3655466875.2,26.14100642298187,112000,USc,1120,9.6481,9.7101
SUGAR,2018-03-06,271645,28028,946775,13.45,243617,3669846488.0,25.731245544083865,112000,USc,1120,9.6481,9.7101
SUGAR,2018-03-13,271565,27440,1027976,12.62,244125,3450560400.0,23.748122524261266,112000,USc,1120,9.6481,9.7101
SUGAR,2018-03-20,273487,28060,1059151,12.57,245427,3455219476.8,23.17205006651554,112000,USc,1120,9.6481,9.7101
SUGAR,2018-03-27,274824,35086,1091593,12.54,239738,3367072262.4,21.962214854803943,112000,USc,1120,9.6481,9.7101
SUGAR,2018-04-03,277674,37275,1113805,12.45,240399,3352123656.0,21.58358060881393,112000,USc,1120,9.6481,9.7101
SUGAR,2018-04-10,273082,27627,1134700,12.08,245455,3320907968.0,21.63170882171499,112000,USc,1120,9.6481,9.7101
SUGAR,2018-04-17,268612,17138,1128515,11.67,251474,3286865769.6,22.283620510139432,112000,USc,1120,9.6481,9.7101
SUGAR,2018-04-24,248383,16284,1134439,11.12,232099,2890653785.6,20.459363614967398,112000,USc,1120,9.6481,9.7101
SUGAR,2018-05-01,256011,21141,1110515,11.7,234870,3077736480.0,21.14964678550042,112000,USc,1120,9.6481,9.7101
SUGAR,2018-05-08,252244,19927,1140445,11.58,232317,3013058563.2,20.370732477234764,112000,USc,1120,9.6481,9.7101
SUGAR,2018-05-15,256262,22713,1158347,11.53,233549,3015958366.3999996,20.16226571139736,112000,USc,1120,9.6481,9.7101
SUGAR,2018-05-22,265062,29748,1174547,12.15,235314,3202152912.0,20.034447323095627,112000,USc,1120,9.6481,9.7101
SUGAR,2018-05-29,278667,43403,1156918,12.44,235264,3277886259.2,20.335408386765526,112000,USc,1120,9.6481,9.7101
SUGAR,2018-06-05,292845,67232,1149083,12.03,225613,3039819316.7999997,19.63417786182547,112000,USc,1120,9.6481,9.7101
SUGAR,2018-06-12,291651,65055,1143989,12.35,226596,3134275872.0,19.807533114391834,112000,USc,1120,9.6481,9.7101
SUGAR,2018-06-19,311049,69094,1071826,11.91,241955,3227486136.0,22.574093183035306,112000,USc,1120,9.6481,9.7101
SUGAR,2018-06-26,311865,72001,1074733,12.07,239864,3242577497.6,22.318473518539022,112000,USc,1120,9.6481,9.7101
SUGAR,2018-07-03,332478,80659,1073896,11.41,251819,3218045364.8,23.449104941260607,112000,USc,1120,9.6481,9.7101
SUGAR,2018-07-10,334827,86500,1089026,11.41,248327,3173420398.3999996,22.802669541406726,112000,USc,1120,9.6481,9.7101
SUGAR,2018-07-17,359081,97578,1094963,11.15,261503,3265649464.0,23.882359495252352,112000,USc,1120,9.6481,9.7101
SUGAR,2018-07-24,363047,101715,1102603,11.17,261332,3269367852.7999997,23.701368488930285,112000,USc,1120,9.6481,9.7101
SUGAR,2018-07-31,362635,104174,1172924,10.54,258461,3051080412.7999997,22.035613560639906,112000,USc,1120,9.6481,9.7101
SUGAR,2018-08-07,360768,108861,1174150,10.91,251907,3078102014.4,21.454413831282203,112000,USc,1120,9.6481,9.7101
SUGAR,2018-08-14,360240,109994,1185138,10.33,250246,2895246121.6000004,21.115346904748645,112000,USc,1120,9.6481,9.7101
SUGAR,2018-08-21,355113,103515,1213793,10.2,251598,2874255551.9999995,20.7282460847937,112000,USc,1120,9.6481,9.7101
SUGAR,2018-08-28,359685,105695,1209619,10.31,253990,2932873328.0,20.99752070693334,112000,USc,1120,9.6481,9.7101
SUGAR,2018-09-04,351561,97349,1169954,10.67,254212,3037935084.8,21.7283756455382,112000,USc,1120,9.6481,9.7101
SUGAR,2018-09-11,338496,80031,1070771,11.18,258465,3236395343.9999995,24.138214426800875,112000,USc,1120,9.6481,9.7101
SUGAR,2018-09-18,322489,53268,925097,10.54,269221,3178100060.7999997,29.101921203938613,112000,USc,1120,9.6481,9.7101
SUGAR,2018-09-25,313936,54333,945821,10.36,259603,3012225529.6,27.447371119905352,112000,USc,1120,9.6481,9.7101
SUGAR,2018-10-02,316964,55971,950881,12.13,260993,3545746500.8,27.447493429777225,112000,USc,1120,9.6481,9.7101
SUGAR,2018-10-09,317573,51000,910872,12.97,266573,3872346027.2000003,29.26569265495042,112000,USc,1120,9.6481,9.7101
SUGAR,2018-10-16,309966,49881,909961,13.25,260085,3859661400.0,28.581994173376664,112000,USc,1120,9.6481,9.7101
SUGAR,2018-10-23,317756,44554,967272,13.8,273202,4222610112.0,28.244588905705942,112000,USc,1120,9.6481,9.7101
SUGAR,2018-10-30,321502,45073,995968,13.36,276429,4136262412.7999997,27.754807383369744,112000,USc,1120,9.6481,9.7101
SUGAR,2018-11-06,313909,39337,960881,13.02,274572,4003918732.7999997,28.57502646009235,112000,USc,1120,9.6481,9.7101
SUGAR,2018-11-13,309305,41871,976247,12.63,267434,3783014390.4000006,27.3940918640467,112000,USc,1120,9.6481,9.7101
SUGAR,2018-11-20,303351,44272,966314,12.45,259079,3612597576.0,26.811057275378396,112000,USc,1120,9.6481,9.7101
SUGAR,2018-11-27,301430,45194,987553,12.35,256236,3544256352.0,25.946556792394944,112000,USc,1120,9.6481,9.7101
SUGAR,2018-12-04,304724,48874,994029,12.72,255850,3644941440.0,25.738685692268536,112000,USc,1120,9.6481,9.7101
SUGAR,2018-12-11,299473,49040,992639,12.81,250433,3593012337.6,25.229010748116888,112000,USc,1120,9.6481,9.7101
SUGAR,2018-12-18,294796,50806,1010485,12.31,243990,3363938928.0,24.14583096235966,112000,USc,1120,9.6481,9.7101
SUGAR,2018-12-24,294535,55439,1029632,12.43,239096,3328598873.6,23.221500497265044,112000,USc,1120,9.6481,9.7101
SUGAR,2018-12-31,295021,57909,1039248,12.04,237112,3197407897.6,22.815728295844686,112000,USc,1120,9.6481,9.7101
SUGAR,2019-01-08,297763,64016,1073827,12.77,233747,3343143092.7999997,21.767659036325217,112000,USc,1120,6.9936,8.773
SUGAR,2019-01-15,294334,62171,1060192,13.17,232163,3424497115.2,21.898203344299898,112000,USc,1120,6.9936,8.773
SUGAR,2019-01-22,299527,60494,1073253,12.96,239033,3469611801.6000004,22.271822207811205,112000,USc,1120,6.9936,8.773
SUGAR,2019-01-29,295134,55236,1074232,12.71,239898,3414996009.6,22.332047453436502,112000,USc,1120,6.9936,8.773
SUGAR,2019-02-05,302820,64209,1098593,12.8,238611,3420727296.0000005,21.719690549639402,112000,USc,1120,6.9936,8.773
SUGAR,2019-02-12,289478,53932,1054695,12.84,235546,3387339916.8,22.33309155727485,112000,USc,1120,6.9936,8.773
SUGAR,2019-02-19,290454,50180,996010,13.36,240274,3595267916.7999997,24.123653376974126,112000,USc,1120,6.9936,8.773
SUGAR,2019-02-26,285231,44225,964883,12.9,241006,3482054688.0,24.97774341552292,112000,USc,1120,6.9936,8.773
SUGAR,2019-03-05,283246,54257,961098,12.44,228989,3190457939.2,23.825770108771426,112000,USc,1120,6.9936,8.773
SUGAR,2019-03-12,280467,59365,1024632,12.36,221102,3060759206.3999996,21.578674099579164,112000,USc,1120,6.9936,8.773
SUGAR,2019-03-19,282803,58251,1057830,12.78,224552,3214147507.2000003,21.227607460556044,112000,USc,1120,6.9936,8.773
SUGAR,2019-03-26,283826,55865,1067069,12.57,227961,3209326142.4,21.363285785642727,112000,USc,1120,6.9936,8.773
SUGAR,2019-04-02,289941,54480,1051601,12.65,235461,3336011448.0,22.390716631117698,112000,USc,1120,6.9936,8.773
SUGAR,2019-04-09,286474,43725,1050420,12.79,242749,3477330875.2,23.10970849755336,112000,USc,1120,6.9936,8.773
SUGAR,2019-04-16,293403,43935,990825,12.53,249468,3500934124.8,25.177806373476646,112000,USc,1120,6.9936,8.773
SUGAR,2019-04-23,299516,45583,988898,12.7,253933,3611942991.9999995,25.678381390193934,112000,USc,1120,6.9936,8.773
SUGAR,2019-04-30,283686,44956,981157,11.92,238730,3187140992.0,24.33147804072131,112000,USc,1120,6.9936,8.773
SUGAR,2019-05-07,287516,70267,1085076,12.0,217249,2919826560.0,20.02154687782238,112000,USc,1120,6.9936,8.773
SUGAR,2019-05-14,296328,83898,1142594,11.94,212430,2840783903.9999995,18.591905786307297,112000,USc,1120,6.9936,8.773
SUGAR,2019-05-21,289194,80621,1167140,11.84,208573,2765844838.3999996,17.870435423342528,112000,USc,1120,6.9936,8.773
SUGAR,2019-05-28,287868,83725,1184772,11.79,204143,2695667486.3999996,17.230572633384313,112000,USc,1120,6.9936,8.773
SUGAR,2019-06-04,287695,85780,1176147,12.44,201915,2813241312.0,17.16749692002785,112000,USc,1120,6.9936,8.773
SUGAR,2019-06-11,283020,77794,1146015,12.53,205226,2880059593.6,17.90779352800792,112000,USc,1120,6.9936,8.773
SUGAR,2019-06-18,287599,54769,1053088,12.61,232830,3288304656.0,22.109263423379623,112000,USc,1120,6.9936,8.773
SUGAR,2019-06-25,286288,49801,1007755,12.37,236487,3276385492.7999997,23.466715620364077,112000,USc,1120,6.9936,8.773
SUGAR,2019-07-02,287019,48725,977770,12.34,238294,3293413715.2,24.37117113431584,112000,USc,1120,6.9936,8.773
SUGAR,2019-07-09,281980,47149,993232,12.38,234831,3256072713.6000004,23.643116613238398,112000,USc,1120,6.9936,8.773
SUGAR,2019-07-16,284437,45957,1009347,12.01,238480,3207842176.0,23.627156963858813,112000,USc,1120,6.9936,8.773
SUGAR,2019-07-23,287813,74134,1084641,11.96,213679,2862272940.8,19.70043544361683,112000,USc,1120,6.9936,8.773
SUGAR,2019-07-30,283857,75931,1086225,12.17,207926,2834114550.4,19.142074616216714,112000,USc,1120,6.9936,8.773
SUGAR,2019-08-06,287361,73776,1120379,11.75,213585,2810778600.0,19.063638286686917,112000,USc,1120,6.9936,8.773
SUGAR,2019-08-13,288752,76341,1189745,11.71,212411,2785812747.2000003,17.8534896133205,112000,USc,1120,6.9936,8.773
SUGAR,2019-08-20,288773,74735,1183020,11.43,214038,2740028860.7999997,18.092509002383732,112000,USc,1120,6.9936,8.773
SUGAR,2019-08-27,290277,74002,1219655,11.26,216275,2727487280.0,17.73247352734995,112000,USc,1120,6.9936,8.773
SUGAR,2019-09-03,290256,78761,1240536,11.18,211495,2648255792.0,17.048678958127777,112000,USc,1120,6.9936,8.773
SUGAR,2019-09-10,283720,76195,1235045,10.86,207525,2524168080.0,16.803031468489003,112000,USc,1120,6.9936,8.773
SUGAR,2019-09-17,279685,78062,1099719,10.97,201623,2477220827.2000003,18.334047152045205,112000,USc,1120,6.9936,8.773
SUGAR,2019-09-24,276115,79141,1119725,11.48,196974,2532612902.4,17.591283574091854,112000,USc,1120,6.9936,8.773
SUGAR,2019-10-01,267945,79740,1036927,12.89,188205,2717077944.0,18.150265158492353,112000,USc,1120,6.9936,8.773
SUGAR,2019-10-08,292728,95294,1020546,12.46,197434,2755230956.8,19.345918753294804,112000,USc,1120,6.9936,8.773
SUGAR,2019-10-15,292250,95471,1033815,12.56,196779,2768129548.8,19.03425661264346,112000,USc,1120,6.9936,8.773
SUGAR,2019-10-22,288832,95965,1060255,12.18,192867,2631014467.2000003,18.190623953671523,112000,USc,1120,6.9936,8.773
SUGAR,2019-10-29,286487,102091,1100352,12.35,184396,2550565472.0,16.757910196010002,112000,USc,1120,6.9936,8.773
SUGAR,2019-11-05,303105,104373,1118280,12.69,198732,2824538169.6,17.771220087992273,112000,USc,1120,6.9936,8.773
SUGAR,2019-11-12,303084,110627,1112747,12.61,192457,2718108702.4,17.29566559154956,112000,USc,1120,6.9936,8.773
SUGAR,2019-11-19,307049,95654,1094211,12.7,211395,3006882480.0,19.319400006031742,112000,USc,1120,6.9936,8.773
SUGAR,2019-11-26,314335,96958,1130610,12.74,217377,3101708937.6,19.226523734974926,112000,USc,1120,6.9936,8.773
SUGAR,2019-12-03,315421,96534,1160086,12.88,218887,3157576307.2000003,18.868170118422256,112000,USc,1120,6.9936,8.773
SUGAR,2019-12-10,311410,87811,1207617,13.46,223599,3370799644.8,18.51572145804506,112000,USc,1120,6.9936,8.773
SUGAR,2019-12-17,307142,79236,1169175,13.27,227906,3387230134.4,19.49289028588535,112000,USc,1120,6.9936,8.773
SUGAR,2019-12-24,305936,71906,1170963,13.37,234030,3504458831.9999995,19.986113993354188,112000,USc,1120,6.9936,8.773
SUGAR,2019-12-31,295658,66225,1167028,13.44,229433,3453609062.4,19.65959685628794,112000,USc,1120,6.9936,8.773
SUGAR,2020-01-07,294706,61977,1182058,13.6,232729,3544928128.0,19.68845860355414,112000,USc,1120,6.5696,8.5502
SUGAR,2020-01-14,316782,77268,1324060,14.32,239514,3841421337.6,18.08936150929716,112000,USc,1120,6.5696,8.5502
SUGAR,2020-01-21,330910,79428,1356234,14.56,251482,4100967270.4,18.54267036514348,112000,USc,1120,6.5696,8.5502
SUGAR,2020-01-28,340611,85014,1419532,14.52,255597,4156620652.7999997,18.00572301293666,112000,USc,1120,6.5696,8.5502
SUGAR,2020-02-04,352754,93966,1462484,14.65,258788,4246193504.0,17.695099570320085,112000,USc,1120,6.5696,8.5502
SUGAR,2020-02-11,348624,98634,1551567,15.35,249990,4297828080.0,16.11209828515301,112000,USc,1120,6.5696,8.5502
SUGAR,2020-02-18,337086,66162,1418058,15.33,270924,4651656710.4,19.105283422821913,112000,USc,1120,6.5696,8.5502
SUGAR,2020-02-25,342250,58125,1383663,15.11,284125,4808304200.0,20.53426303948288,112000,USc,1120,6.5696,8.5502
SUGAR,2020-03-03,338242,49725,1311716,13.79,288517,4456087361.599999,21.99538619640227,112000,USc,1120,6.5696,8.5502
SUGAR,2020-03-10,328951,56563,1316288,12.6,272388,3843939456.0,20.693647590800797,112000,USc,1120,6.5696,8.5502
SUGAR,2020-03-17,315856,74315,1272515,10.85,241541,2935206232.0,18.98138725280252,112000,USc,1120,6.5696,8.5502
SUGAR,2020-03-24,300303,73646,1255442,11.24,226657,2853339641.6000004,18.053960278531385,112000,USc,1120,6.5696,8.5502
SUGAR,2020-03-31,309519,85885,1272170,10.45,223634,2617412336.0,17.578939921551363,112000,USc,1120,6.5696,8.5502
SUGAR,2020-04-07,300278,88791,1284480,10.36,211487,2453925958.3999996,16.46479509217738,112000,USc,1120,6.5696,8.5502
SUGAR,2020-04-14,299349,93038,1309864,10.07,206311,2326857982.4,15.750566471022944,112000,USc,1120,6.5696,8.5502
SUGAR,2020-04-21,284427,77576,1165392,9.83,206851,2277346769.6,17.749478287134284,112000,USc,1120,6.5696,8.5502
SUGAR,2020-04-28,286346,74010,1160280,9.43,212336,2242607897.6,18.300410245802738,112000,USc,1120,6.5696,8.5502
SUGAR,2020-05-05,285389,69171,1128325,10.68,216218,2586313228.7999997,19.16274123147143,112000,USc,1120,6.5696,8.5502
SUGAR,2020-05-12,289305,74178,1161585,10.26,215127,2472067382.4,18.52012551814977,112000,USc,1120,6.5696,8.5502
SUGAR,2020-05-19,286413,71166,1170536,10.81,215247,2606038478.4000006,18.388755236917103,112000,USc,1120,6.5696,8.5502
SUGAR,2020-05-26,287117,69563,1182708,11.1,217554,2704631328.0,18.394565691616187,112000,USc,1120,6.5696,8.5502
SUGAR,2020-06-02,290324,69949,1197601,11.27,220375,2781661400.0,18.401370740338393,112000,USc,1120,6.5696,8.5502
SUGAR,2020-06-09,285586,61808,1194992,12.02,223778,3012588947.2000003,18.726317833090096,112000,USc,1120,6.5696,8.5502
SUGAR,2020-06-16,287994,58122,1119741,12.15,229872,3128098176.0000005,20.529033053179262,112000,USc,1120,6.5696,8.5502
SUGAR,2020-06-23,292764,58673,1114976,11.78,234091,3088503017.6,20.995160433946563,112000,USc,1120,6.5696,8.5502
SUGAR,2020-06-30,291848,60672,1076778,11.74,231176,3039686988.8,21.469235069810118,112000,USc,1120,6.5696,8.5502
SUGAR,2020-07-07,299891,57140,1085330,12.13,242751,3297917985.6000004,22.36656132236278,112000,USc,1120,6.5696,8.5502
SUGAR,2020-07-14,297603,54419,1099047,11.35,243184,3091355008.0,22.12680622393765,112000,USc,1120,6.5696,8.5502
SUGAR,2020-07-21,297788,55522,1099448,11.64,242266,3158373388.8,22.035239502004643,112000,USc,1120,6.5696,8.5502
SUGAR,2020-07-28,297776,55020,1127746,12.0,242756,3262640640.0,21.52576910048894,112000,USc,1120,6.5696,8.5502
SUGAR,2020-08-04,309607,72911,1172637,12.76,236696,3382669875.2,20.18493361543257,112000,USc,1120,6.5696,8.5502
SUGAR,2020-08-11,305324,43603,1186459,12.74,261721,3734444604.8,22.059000774573754,112000,USc,1120,6.5696,8.5502
SUGAR,2020-08-18,309055,44049,1192703,12.89,265006,3825838620.8,22.218943022697186,112000,USc,1120,6.5696,8.5502
SUGAR,2020-08-25,312669,49254,1234789,12.74,263415,3758615952.0,21.332794509831235,112000,USc,1120,6.5696,8.5502
SUGAR,2020-09-01,316434,52874,1246909,12.58,263560,3713454976.0,21.13706774111022,112000,USc,1120,6.5696,8.5502
SUGAR,2020-09-08,313096,54015,1219343,12.09,259081,3508164004.8,21.247589890621423,112000,USc,1120,6.5696,8.5502
SUGAR,2020-09-15,295700,40652,1102150,12.09,255048,3453553958.3999996,23.140951776074036,112000,USc,1120,6.5696,8.5502
SUGAR,2020-09-22,295083,43269,1108012,12.91,251814,3641028988.8,22.726649169864586,112000,USc,1120,6.5696,8.5502
SUGAR,2020-09-29,295713,45094,1100779,13.0,250619,3649012640.0,22.767421980252166,112000,USc,1120,6.5696,8.5502
SUGAR,2020-10-06,307586,50246,1092191,13.87,257340,3997622496.0,23.561812906350628,112000,USc,1120,6.5696,8.5502
SUGAR,2020-10-13,313025,50860,1131557,13.99,262165,4107810952.0,23.168519128952408,112000,USc,1120,6.5696,8.5502
SUGAR,2020-10-20,319858,52007,1167652,14.51,267851,4352900171.2,22.93928327960728,112000,USc,1120,6.5696,8.5502
SUGAR,2020-10-27,329416,56300,1206727,14.9,273116,4557759808.0,22.632791012383084,112000,USc,1120,6.5696,8.5502
SUGAR,2020-11-03,327953,54392,1212101,14.69,273561,4500844420.8,22.56915884072367,112000,USc,1120,6.5696,8.5502
SUGAR,2020-11-10,332747,55958,1234601,14.68,276789,4550854022.4,22.419307938354173,112000,USc,1120,6.5696,8.5502
SUGAR,2020-11-17,338641,60549,1262183,15.32,278092,4771613772.8,22.032621260150073,112000,USc,1120,6.5696,8.5502
SUGAR,2020-11-24,340069,62083,1267868,15.08,277986,4695072345.599999,21.925468581902848,112000,USc,1120,6.5696,8.5502
SUGAR,2020-12-01,340134,62183,1254309,14.56,277951,4532602547.2,22.159691112795972,112000,USc,1120,6.5696,8.5502
SUGAR,2020-12-08,338136,60950,1239868,14.37,277186,4461142358.4,22.356089519206883,112000,USc,1120,6.5696,8.5502
SUGAR,2020-12-15,332654,60153,1204634,14.24,272501,4346063948.8,22.621061666863127,112000,USc,1120,6.5696,8.5502
SUGAR,2020-12-21,329519,60088,1200726,14.58,269431,4399700457.6,22.439007733654474,112000,USc,1120,6.5696,8.5502
SUGAR,2020-12-29,333783,62515,1217462,15.06,271268,4575531609.6,22.281434656687438,112000,USc,1120,6.5696,8.5502
SUGAR,2021-01-05,342171,65759,1279025,16.09,276412,4981165369.6,21.61114911749184,112000,USc,1120,6.6046,8.4231
SUGAR,2021-01-12,333401,61587,1278094,15.48,271814,4712602406.4,21.267136845959687,112000,USc,1120,6.6046,8.4231
SUGAR,2021-01-19,329873,63351,1298903,16.08,266522,4799954611.2,20.519007192992856,112000,USc,1120,6.6046,8.4231
SUGAR,2021-01-26,329024,63289,1302237,15.8,265735,4702446560.0,20.406039760811588,112000,USc,1120,6.6046,8.4231
SUGAR,2021-02-02,325716,63867,1318432,16.37,261849,4800844305.599999,19.860637484527075,112000,USc,1120,6.6046,8.4231
SUGAR,2021-02-09,328673,69387,1355888,16.51,259286,4794509283.200001,19.122965908688624,112000,USc,1120,6.6046,8.4231
SUGAR,2021-02-16,324771,58087,1273244,16.75,266684,5002991840.0,20.94523909007229,112000,USc,1120,6.6046,8.4231
SUGAR,2021-02-23,321891,65167,1250897,18.28,256724,5256064486.400001,20.52319255702108,112000,USc,1120,6.6046,8.4231
SUGAR,2021-03-02,315779,63065,1187494,16.5,252714,4670154720.0,21.281286473868498,112000,USc,1120,6.6046,8.4231
SUGAR,2021-03-09,313376,68220,1205721,15.93,245156,4373975289.6,20.332730374605735,112000,USc,1120,6.6046,8.4231
SUGAR,2021-03-16,313505,68906,1217394,16.27,244599,4457180817.6,20.092016224821215,112000,USc,1120,6.6046,8.4231
SUGAR,2021-03-23,319900,73562,1211200,15.43,246338,4257114780.7999997,20.33834214002642,112000,USc,1120,6.6046,8.4231
SUGAR,2021-03-30,317495,80904,1210526,14.93,236591,3956180065.6,19.54447901160322,112000,USc,1120,6.6046,8.4231
SUGAR,2021-04-06,309617,79292,1205946,15.06,230325,3884937840.0,19.09911389067172,112000,USc,1120,6.6046,8.4231
SUGAR,2021-04-13,290663,66015,1219612,15.49,224648,3897373222.4,18.41962853760048,112000,USc,1120,6.6046,8.4231
SUGAR,2021-04-20,295296,60817,1162988,16.77,234479,4404078369.6,20.161772950365783,112000,USc,1120,6.6046,8.4231
SUGAR,2021-04-27,305682,63552,1198578,17.93,242130,4862357808.0,20.201438704865264,112000,USc,1120,6.6046,8.4231
SUGAR,2021-05-04,310464,68789,1166032,17.14,241675,4639386640.0,20.726275093650944,112000,USc,1120,6.6046,8.4231
SUGAR,2021-05-11,317078,72364,1237304,18.13,244714,4969064598.4,19.778001202614718,112000,USc,1120,6.6046,8.4231
SUGAR,2021-05-18,309309,76045,1221164,17.17,233264,4485760025.6,19.101775027760397,112000,USc,1120,6.6046,8.4231
SUGAR,2021-05-25,303138,78348,1206010,17.04,224790,4290072191.9999995,18.639148929113357,112000,USc,1120,6.6046,8.4231
SUGAR,2021-06-01,296517,81983,1227921,17.74,214534,4262533139.2,17.47131940898478,112000,USc,1120,6.6046,8.4231
SUGAR,2021-06-08,289761,86348,1223131,17.74,203413,4041572214.3999996,16.630516273399987,112000,USc,1120,6.6046,8.4231
SUGAR,2021-06-15,301158,74820,1139139,17.0,226338,4309475520.0,19.869217013902603,112000,USc,1120,6.6046,8.4231
SUGAR,2021-06-22,288371,73206,1065849,16.47,215165,3969019656.0,20.187193495513906,112000,USc,1120,6.6046,8.4231
SUGAR,2021-06-29,290553,73408,1045294,17.28,217145,4202537472.0,20.77358140389211,112000,USc,1120,6.6046,8.4231
SUGAR,2021-07-06,295598,72753,1093942,17.84,222845,4452621376.0,20.370824047344374,112000,USc,1120,6.6046,8.4231
SUGAR,2021-07-13,288274,71769,1077341,17.1,216505,4146503760.0000005,20.09623693890792,112000,USc,1120,6.6046,8.4231
SUGAR,2021-07-20,284314,74028,1075686,17.41,210286,4100408771.2000003,19.549013373791237,112000,USc,1120,6.6046,8.4231
SUGAR,2021-07-27,294358,77213,1139810,18.38,217145,4470060112.0,19.050982181240734,112000,USc,1120,6.6046,8.4231
SUGAR,2021-08-03,300434,84120,1161551,18.02,216314,4365735673.599999,18.622858574440553,112000,USc,1120,6.6046,8.4231
SUGAR,2021-08-10,298273,85874,1212493,19.56,212399,4653067372.8,17.517544431184344,112000,USc,1120,6.6046,8.4231
SUGAR,2021-08-17,294451,93188,1254203,20.05,201263,4519561928.0,16.04708328715527,112000,USc,1120,6.6046,8.4231
SUGAR,2021-08-24,295904,100433,1279609,19.6,195471,4290979392.0,15.275838166189828,112000,USc,1120,6.6046,8.4231
SUGAR,2021-08-31,296470,101663,1290057,19.85,194807,4330949224.0,15.100650591407977,112000,USc,1120,6.6046,8.4231
SUGAR,2021-09-07,279913,96567,1278236,19.45,183346,3994009263.9999995,14.343673625214748,112000,USc,1120,6.6046,8.4231
SUGAR,2021-09-14,282235,102197,1239038,18.95,180038,3821126512.0,14.530466377948054,112000,USc,1120,6.6046,8.4231
SUGAR,2021-09-21,267648,72933,1101439,18.98,194715,4139173584.0,17.678237287766276,112000,USc,1120,6.6046,8.4231
SUGAR,2021-09-28,265521,73259,1049261,19.02,192262,4095642028.7999997,18.32356296479141,112000,USc,1120,6.6046,8.4231
SUGAR,2021-10-05,265915,77041,1051640,19.83,188874,4194815990.3999996,17.95994827127154,112000,USc,1120,6.6046,8.4231
SUGAR,2021-10-12,266858,78859,1064647,20.08,187999,4228022310.3999996,17.65834121544512,112000,USc,1120,6.6046,8.4231
SUGAR,2021-10-19,264242,76900,1024918,18.94,187342,3974048377.6000004,18.27873059113022,112000,USc,1120,6.6046,8.4231
SUGAR,2021-10-26,265863,78830,1051847,19.62,187033,4109937955.2,17.781388357812496,112000,USc,1120,6.6046,8.4231
SUGAR,2021-11-02,264227,77556,1059937,19.5,186671,4076894640.0,17.61151842043442,112000,USc,1120,6.6046,8.4231
SUGAR,2021-11-09,266782,75829,1076071,19.9,190953,4255960463.9999995,17.745390406395117,112000,USc,1120,6.6046,8.4231
SUGAR,2021-11-16,268232,76461,1074429,19.99,191771,4293522564.7999997,17.848643325896827,112000,USc,1120,6.6046,8.4231
SUGAR,2021-11-23,271538,76823,1099101,20.01,194715,4363796808.0,17.715842311125183,112000,USc,1120,6.6046,8.4231
SUGAR,2021-11-30,264033,71543,1049970,18.57,192490,4003484016.0000005,18.332904749659516,112000,USc,1120,6.6046,8.4231
SUGAR,2021-12-07,256466,72178,1033296,19.46,184288,4016593817.6,17.834966940741083,112000,USc,1120,6.6046,8.4231
SUGAR,2021-12-14,262773,80361,1049772,19.63,182412,4010437267.1999993,17.376344577679724,112000,USc,1120,6.6046,8.4231
SUGAR,2021-12-21,261586,76831,1016420,18.75,184755,3879855000.0,18.177033116231478,112000,USc,1120,6.6046,8.4231
SUGAR,2021-12-28,259505,72797,1018450,18.99,186708,3971055110.4,18.332564190681918,112000,USc,1120,6.6046,8.4231
SUGAR,2022-01-04,262278,75448,1023556,18.72,186830,3917152511.9999995,18.25303158791507,112000,USc,1120,6.5115,7.995
SUGAR,2022-01-11,259306,80028,1044324,18.12,179278,3638339443.2000003,17.166894565288167,112000,USc,1120,6.5115,7.995
SUGAR,2022-01-18,256263,83767,1035833,18.62,172496,3597300582.4,16.652877442599337,112000,USc,1120,6.5115,7.995
SUGAR,2022-01-25,259179,83063,1023309,18.75,176116,3698436000.0,17.210441811808554,112000,USc,1120,6.5115,7.995
SUGAR,2022-02-01,248120,78337,1050724,18.47,169783,3512199051.2,16.15866773767421,112000,USc,1120,6.5115,7.995
SUGAR,2022-02-08,252715,80875,1083479,18.08,171840,3479691263.9999995,15.860021283292062,112000,USc,1120,6.5115,7.995
SUGAR,2022-02-15,264331,71131,972840,18.15,193200,3927369599.9999995,19.859380782040212,112000,USc,1120,6.5115,7.995
SUGAR,2022-02-22,265464,71934,962025,18.49,193530,4007774063.9999995,20.11694082794106,112000,USc,1120,6.5115,7.995
SUGAR,2022-03-01,268890,72831,939038,18.25,196059,4007445960.0,20.87870778392355,112000,USc,1120,6.5115,7.995
SUGAR,2022-03-08,265090,62262,996004,19.37,202828,4400231763.200001,20.36417524427613,112000,USc,1120,6.5115,7.995
SUGAR,2022-03-15,297517,58533,951537,18.74,238984,5015987379.199999,25.115576167821114,112000,USc,1120,6.5115,7.995
SUGAR,2022-03-22,297053,60459,958304,19.15,236594,5074468112.0,24.68882525795572,112000,USc,1120,6.5115,7.995
SUGAR,2022-03-29,295901,58593,961567,19.13,237308,5084466284.8,24.679299518390295,112000,USc,1120,6.5115,7.995
SUGAR,2022-04-05,304862,61627,1016384,19.63,243235,5347667416.0,23.931407814369372,112000,USc,1120,6.5115,7.995
SUGAR,2022-04-12,319596,67807,1098860,20.22,251789,5702114409.6,22.913655970733306,112000,USc,1120,6.5115,7.995
SUGAR,2022-04-19,317274,60191,1039651,19.73,257083,5680917300.8,24.727817315618413,112000,USc,1120,6.5115,7.995
SUGAR,2022-04-26,315647,61499,974124,18.99,254148,5405422982.4,26.089902312231295,112000,USc,1120,6.5115,7.995
SUGAR,2022-05-03,314336,61853,952414,18.65,252483,5273864903.999999,26.50979511010968,112000,USc,1120,6.5115,7.995
SUGAR,2022-05-10,301405,56723,936084,18.53,244682,5078032355.2,26.138893518103075,112000,USc,1120,6.5115,7.995
SUGAR,2022-05-17,300932,58468,991720,20.0,242464,5431193600.0,24.448836365103052,112000,USc,1120,6.5115,7.995
SUGAR,2022-05-24,303763,59774,1009888,19.78,243989,5405234710.4,24.160005862036186,112000,USc,1120,6.5115,7.995
SUGAR,2022-05-31,299694,57212,1004674,19.39,242482,5265933097.6,24.135391181617123,112000,USc,1120,6.5115,7.995
SUGAR,2022-06-07,293246,53833,1001730,18.95,239413,5081301512.0,23.899953081169574,112000,USc,1120,6.5115,7.995
SUGAR,2022-06-14,295073,54436,964793,18.81,240637,5069547806.4,24.941826899656196,112000,USc,1120,6.5115,7.995
SUGAR,2022-06-21,291001,47677,906822,18.69,243324,5093452627.200001,26.832608825105698,112000,USc,1120,6.5115,7.995
SUGAR,2022-06-28,277985,45714,869216,18.49,232271,4810053684.8,26.721896513639877,112000,USc,1120,6.5115,7.995
SUGAR,2022-07-05,266058,42865,856939,17.88,223193,4469573740.8,26.045377792351616,112000,USc,1120,6.5115,7.995
SUGAR,2022-07-12,248744,43580,846263,18.73,205164,4303848326.400001,24.243527130454716,112000,USc,1120,6.5115,7.995
SUGAR,2022-07-19,243842,42674,840193,18.89,201168,4256071142.4,23.943070223151107,112000,USc,1120,6.5115,7.995
SUGAR,2022-07-26,240400,46020,886650,17.46,194380,3801139776.0000005,21.922968476851068,112000,USc,1120,6.5115,7.995
SUGAR,2022-08-02,241911,56029,928763,17.66,185882,3676597254.4,20.01393251023135,112000,USc,1120,6.5115,7.995
SUGAR,2022-08-09,241046,57016,934721,17.95,184030,3699739120.0,19.68822782413148,112000,USc,1120,6.5115,7.995
SUGAR,2022-08-16,241270,57241,886337,18.25,184029,3761552760.0,20.762870104711865,112000,USc,1120,6.5115,7.995
SUGAR,2022-08-23,240838,57014,900697,17.93,183824,3691480038.3999996,20.409083187797894,112000,USc,1120,6.5115,7.995
SUGAR,2022-08-30,245135,59995,901085,18.14,185140,3761452352.0,20.546341355144076,112000,USc,1120,6.5115,7.995
SUGAR,2022-09-06,240207,57723,913375,17.98,182484,3674789798.4000006,19.9790885452306,112000,USc,1120,6.5115,7.995
SUGAR,2022-09-13,245441,65883,902761,18.4,179558,3700331263.9999995,19.889871184067545,112000,USc,1120,6.5115,7.995
SUGAR,2022-09-20,248448,52765,867633,18.15,195683,3977844023.9999995,22.55366036100517,112000,USc,1120,6.5115,7.995
SUGAR,2022-09-27,243410,53746,837868,18.21,189664,3868235212.7999997,22.63650121498852,112000,USc,1120,6.5115,7.995
SUGAR,2022-10-04,237260,56178,817174,17.88,181082,3626275699.2,22.159540073472726,112000,USc,1120,6.5115,7.995
SUGAR,2022-10-11,241067,46659,835059,18.73,194408,4078213260.7999997,23.280750222439373,112000,USc,1120,6.5115,7.995
SUGAR,2022-10-18,244633,48634,846976,18.71,195999,4107198244.8,23.141033512165635,112000,USc,1120,6.5115,7.995
SUGAR,2022-10-25,241957,48859,856140,18.1,193098,3914482656.0000005,22.554488751839653,112000,USc,1120,6.5115,7.995
SUGAR,2022-11-01,236359,56090,884550,18.38,180269,3710945526.3999996,20.37974111129953,112000,USc,1120,6.5115,7.995
SUGAR,2022-11-08,250754,53695,920099,19.03,197059,4200036702.4,21.41715184996397,112000,USc,1120,6.5115,7.995
SUGAR,2022-11-15,261363,59501,1008911,20.29,201862,4587273577.6,20.007909518282585,112000,USc,1120,6.5115,7.995
SUGAR,2022-11-22,266491,61013,1047015,19.74,205478,4542872006.4,19.625124759435156,112000,USc,1120,6.5115,7.995
SUGAR,2022-11-29,267961,61593,1045123,19.5,206368,4507077120.0,19.745809823341368,112000,USc,1120,6.5115,7.995
SUGAR,2022-12-06,265179,64686,1047883,19.4,200493,4356311904.0,19.133147498337124,112000,USc,1120,6.5115,7.995
SUGAR,2022-12-13,265523,66295,1071353,19.72,199228,4400229299.2,18.595924965907596,112000,USc,1120,6.5115,7.995
SUGAR,2022-12-20,264346,72896,1078177,20.62,191450,4421422880.0,17.75682471430943,112000,USc,1120,6.5115,7.995
SUGAR,2022-12-27,263821,70301,1100767,20.24,193520,4386866176.0,17.580468891236748,112000,USc,1120,6.5115,7.995
SUGAR,2023-01-03,263994,70307,1089101,19.73,193687,4280017851.2000003,17.784117359179728,112000,USc,1120,6.0869,7.3717
SUGAR,2023-01-10,251491,69309,1054988,19.59,182182,3997218825.6,17.26863243942111,112000,USc,1120,6.0869,7.3717
SUGAR,2023-01-17,244285,68593,1042339,20.07,175692,3949275052.7999997,16.85555275203173,112000,USc,1120,6.0869,7.3717
SUGAR,2023-01-24,243579,69962,1065027,19.86,173617,3861797654.4,16.301652446369904,112000,USc,1120,6.0869,7.3717
SUGAR,2023-01-31,258077,79665,1203234,21.8,178412,4356107392.0,14.827705998999363,112000,USc,1120,6.0869,7.3717
SUGAR,2023-02-07,262048,73721,1191350,20.88,188327,4404139891.2,15.80786502707013,112000,USc,1120,6.0869,7.3717
SUGAR,2023-02-14,268761,83244,1187635,21.52,185517,4471404940.8,15.620708382625976,112000,USc,1120,6.0869,7.3717
SUGAR,2023-02-21,264395,74410,1073444,21.36,189985,4545049152.0,17.698641009684714,112000,USc,1120,6.0869,7.3717
SUGAR,2023-02-28,268595,76475,1069826,22.1,192120,4755354240.0,17.958060469646465,112000,USc,1120,6.0869,7.3717
SUGAR,2023-03-07,269663,74493,1133679,21.03,195170,4596956112.0,17.21563158530766,112000,USc,1120,6.0869,7.3717
SUGAR,2023-03-14,268588,77489,1128553,20.66,191099,4421877980.8,16.933099287317475,112000,USc,1120,6.0869,7.3717
SUGAR,2023-03-21,264744,79656,1107831,20.8,185088,4311810048.0,16.7072414474771,112000,USc,1120,6.0869,7.3717
SUGAR,2023-03-28,261727,76879,1151440,21.37,184848,4424225971.2,16.053637184742584,112000,USc,1120,6.0869,7.3717
SUGAR,2023-04-04,256285,103976,1255950,22.48,152309,3834775078.3999996,12.126995501413273,112000,USc,1120,6.0869,7.3717
SUGAR,2023-04-11,249862,100455,1290899,24.4,149407,4082994496.0,11.57387216195845,112000,USc,1120,6.0869,7.3717
SUGAR,2023-04-18,259145,101309,1187244,24.51,157836,4332787603.200001,13.294318606790178,112000,USc,1120,6.0869,7.3717
SUGAR,2023-04-25,261467,100832,1235305,26.74,160635,4810825487.999999,13.003671158135036,112000,USc,1120,6.0869,7.3717
SUGAR,2023-05-02,243131,100890,1226026,25.09,142241,3997085892.7999997,11.601793110423433,112000,USc,1120,6.0869,7.3717
SUGAR,2023-05-09,238535,99831,1266634,26.18,138704,4067023206.3999996,10.95059819963778,112000,USc,1120,6.0869,7.3717
SUGAR,2023-05-16,240192,95856,1258695,26.1,144336,4219229952.0,11.46711474980039,112000,USc,1120,6.0869,7.3717
SUGAR,2023-05-23,241110,97211,1284085,25.83,143899,4162940510.4,11.206345374332697,112000,USc,1120,6.0869,7.3717
SUGAR,2023-05-30,243770,105179,1261387,25.33,138591,3931771233.6,10.98719108410028,112000,USc,1120,6.0869,7.3717
SUGAR,2023-06-06,237177,105014,1305774,24.67,132163,3651716555.2000003,10.121429895219233,112000,USc,1120,6.0869,7.3717
SUGAR,2023-06-13,227136,92700,1289492,25.13,134436,3783781881.5999994,10.425500894926063,112000,USc,1120,6.0869,7.3717
SUGAR,2023-06-20,227065,71869,1174330,26.21,155196,4555809619.2,13.215705977025197,112000,USc,1120,6.0869,7.3717
SUGAR,2023-06-27,231295,70297,1091655,23.13,160998,4170749788.7999997,14.748066009865754,112000,USc,1120,6.0869,7.3717
SUGAR,2023-07-03,235271,69672,1081007,23.33,165599,4327035630.4,15.318957231544292,112000,USc,1120,6.0869,7.3717
SUGAR,2023-07-11,235453,66738,1096076,23.52,168715,4444358016.0,15.392637006922877,112000,USc,1120,6.0869,7.3717
SUGAR,2023-07-18,237998,65794,1091472,23.86,172204,4601841932.8,15.77722561824765,112000,USc,1120,6.0869,7.3717
SUGAR,2023-07-25,244915,67114,1138920,24.71,177801,4920678235.2,15.611368665051101,112000,USc,1120,6.0869,7.3717
SUGAR,2023-08-01,250578,65131,1149702,24.39,185447,5065818609.6,16.13000586238869,112000,USc,1120,6.0869,7.3717
SUGAR,2023-08-08,251175,65256,1140328,23.48,185919,4889223494.400001,16.303993237033556,112000,USc,1120,6.0869,7.3717
SUGAR,2023-08-15,249951,68170,1149070,23.79,181781,4843518388.8,15.819836911589372,112000,USc,1120,6.0869,7.3717
SUGAR,2023-08-22,248492,70965,1164731,23.37,177527,4646662708.8,15.241888470385007,112000,USc,1120,6.0869,7.3717
SUGAR,2023-08-29,247655,76748,1201103,25.48,170907,4877275603.200001,14.229171020303838,112000,USc,1120,6.0869,7.3717
SUGAR,2023-09-05,249299,79609,1251132,26.59,169690,5053503952.0,13.562917421982654,112000,USc,1120,6.0869,7.3717
SUGAR,2023-09-12,252565,82117,1287476,26.77,170448,5110440115.2,13.238926395521158,112000,USc,1120,6.0869,7.3717
SUGAR,2023-09-19,246418,58709,1176429,27.39,187709,5758311451.2,15.955829038556512,112000,USc,1120,6.0869,7.3717
SUGAR,2023-09-26,246746,58771,1114272,25.97,187975,5467516040.0,16.86975890985325,112000,USc,1120,6.0869,7.3717
SUGAR,2023-10-03,239938,59920,1031047,25.61,180018,5163492297.599999,17.459727830060125,112000,USc,1120,6.0869,7.3717
SUGAR,2023-10-10,241498,63191,1060182,27.11,178307,5413971102.4,16.818527384920703,112000,USc,1120,6.0869,7.3717
SUGAR,2023-10-17,239926,64136,1086989,27.49,175790,5412363152.0,16.17219677476037,112000,USc,1120,6.0869,7.3717
SUGAR,2023-10-24,242373,65590,1106342,27.6,176783,5464716096.0,15.979055301163655,112000,USc,1120,6.0869,7.3717
SUGAR,2023-10-31,247554,69030,1112667,27.11,178524,5420559916.799999,16.044692616928515,112000,USc,1120,6.0869,7.3717
SUGAR,2023-11-07,243258,70618,1137008,27.55,172640,5326979840.0,15.183710228951774,112000,USc,1120,6.0869,7.3717
SUGAR,2023-11-14,226692,73982,1114866,27.19,152710,4650447088.0,13.697610295766488,112000,USc,1120,6.0869,7.3717
SUGAR,2023-11-21,227427,76334,1133077,27.73,151093,4692585956.8,13.334751301103104,112000,USc,1120,6.0869,7.3717
SUGAR,2023-11-28,227589,77483,1129500,26.96,150106,4532480691.2,13.289597166888004,112000,USc,1120,6.0869,7.3717
SUGAR,2023-12-05,226338,77189,1110702,24.97,149149,4171160593.6,13.428354320060645,112000,USc,1120,6.0869,7.3717
SUGAR,2023-12-12,206595,71065,1066781,22.51,135530,3416873936.0000005,12.704575728289125,112000,USc,1120,6.0869,7.3717
SUGAR,2023-12-19,211159,74189,1043522,21.4,136970,3282896960.0,13.125741479336325,112000,USc,1120,6.0869,7.3717
SUGAR,2023-12-26,215453,78292,1082449,20.46,137161,3143071747.2000003,12.671359112530936,112000,USc,1120,6.0869,7.3717
SUGAR,2024-01-02,218931,84671,1116902,20.86,134260,3136743232.0,12.020750253827103,112000,USc,1120,7.148,7.8666
SUGAR,2024-01-09,221597,85389,1106520,21.6,136208,3295143936.0000005,12.3095831977732,112000,USc,1120,7.148,7.8666
SUGAR,2024-01-16,217314,85318,1080547,22.6,131996,3341082752.0,12.21566484382447,112000,USc,1120,7.148,7.8666
SUGAR,2024-01-23,219460,89784,1101422,23.72,129676,3445024486.3999996,11.773507338694888,112000,USc,1120,7.148,7.8666
SUGAR,2024-01-30,225591,90519,1133085,24.01,135072,3632248166.4,11.920729689299566,112000,USc,1120,7.148,7.8666
SUGAR,2024-02-06,224701,88169,1158219,23.59,136532,3607284665.6,11.788098796514303,112000,USc,1120,7.148,7.8666
SUGAR,2024-02-13,234363,92707,1154590,23.3,141656,3696654976.0000005,12.268943954130904,112000,USc,1120,7.148,7.8666
SUGAR,2024-02-20,232666,60038,1007162,22.79,172628,4406295174.4,17.140043011948425,112000,USc,1120,7.148,7.8666
SUGAR,2024-02-27,234155,69468,991472,23.63,164687,4358540267.2,16.610353091161425,112000,USc,1120,7.148,7.8666
SUGAR,2024-03-05,235241,74171,1018600,20.86,161070,3763110623.9999995,15.812880424111524,112000,USc,1120,7.148,7.8666
SUGAR,2024-03-12,214807,73319,997591,21.93,141488,3475171660.7999997,14.182966766941563,112000,USc,1120,7.148,7.8666
SUGAR,2024-03-19,219543,68597,1006177,21.55,150946,3643232656.0000005,15.00193305949152,112000,USc,1120,7.148,7.8666
SUGAR,2024-03-26,220605,76383,1010825,22.42,144222,3621472108.8,14.26775158904855,112000,USc,1120,7.148,7.8666
SUGAR,2024-04-02,226931,75867,1016901,22.32,151064,3776358297.6,14.855330066545317,112000,USc,1120,7.148,7.8666
SUGAR,2024-04-09,223796,72596,1006558,21.49,151200,3639202559.9999995,15.021489074648455,112000,USc,1120,7.148,7.8666
SUGAR,2024-04-16,233701,68851,958466,19.61,164850,3620633520.0,17.19935814102952,112000,USc,1120,7.148,7.8666
SUGAR,2024-04-23,238335,74862,975913,19.87,163473,3637993531.2000003,16.750775940068426,112000,USc,1120,7.148,7.8666
SUGAR,2024-04-30,246238,79528,983132,19.72,166710,3682023743.9999995,16.957031202320746,112000,USc,1120,7.148,7.8666
SUGAR,2024-05-07,244866,81075,977882,19.95,163791,3659746103.9999995,16.749566921162266,112000,USc,1120,7.148,7.8666
SUGAR,2024-05-14,246233,76155,991735,18.9,170078,3600211103.9999995,17.149540956001353,112000,USc,1120,7.148,7.8666
SUGAR,2024-05-21,249476,81767,1016817,18.57,167709,3488078865.6,16.493528334007003,112000,USc,1120,7.148,7.8666
SUGAR,2024-05-28,250010,84114,1035917,18.7,165896,3474525823.9999995,16.0144104209121,112000,USc,1120,7.148,7.8666
SUGAR,2024-06-04,245641,83511,1047600,18.86,162130,3424704416.0,15.476326842306223,112000,USc,1120,7.148,7.8666
SUGAR,2024-06-11,226453,69167,1027963,18.74,157286,3301244396.7999997,15.300745260286606,112000,USc,1120,7.148,7.8666
SUGAR,2024-06-18,232391,62426,951473,18.9,169965,3597819119.9999995,17.863355029517393,112000,USc,1120,7.148,7.8666
SUGAR,2024-06-25,234601,59505,944816,19.17,175096,3759381158.4000006,18.53228565138609,112000,USc,1120,7.148,7.8666
SUGAR,2024-07-02,225366,56682,928716,20.62,168684,3895655769.6,18.163141369374493,112000,USc,1120,7.148,7.8666
SUGAR,2024-07-09,220761,50674,920207,19.65,170087,3743274696.0,18.483558590621456,112000,USc,1120,7.148,7.8666
SUGAR,2024-07-16,218232,48847,905953,19.63,169385,3724030856.0,18.696886041549618,112000,USc,1120,7.148,7.8666
SUGAR,2024-07-23,219966,55682,928685,18.18,164284,3345085094.4,17.689959458804655,112000,USc,1120,7.148,7.8666
SUGAR,2024-07-30,217742,57450,939030,19.13,160292,3434352275.2,17.0699551665016,112000,USc,1120,7.148,7.8666
SUGAR,2024-08-06,215842,56137,955730,17.85,159705,3192822360.0,16.710263358898434,112000,USc,1120,7.148,7.8666
SUGAR,2024-08-13,215389,59447,963137,18.36,155942,3206666534.4,16.191050702028893,112000,USc,1120,7.148,7.8666
SUGAR,2024-08-20,215918,57553,974043,17.57,158365,3116369816.0,16.258522467693933,112000,USc,1120,7.148,7.8666
SUGAR,2024-08-27,224392,61121,1002177,19.67,163271,3596925438.4000006,16.291633114709278,112000,USc,1120,7.148,7.8666
SUGAR,2024-09-03,224481,54161,1005338,19.4,170320,3700712959.9999995,16.941565921113096,112000,USc,1120,7.148,7.8666
SUGAR,2024-09-10,211564,42855,991178,18.43,168709,3482423694.4,17.02105978946264,112000,USc,1120,7.148,7.8666
SUGAR,2024-09-17,210483,34029,885845,20.0,176454,3952569600.0,19.91928610535703,112000,USc,1120,7.148,7.8666
SUGAR,2024-09-24,224768,28727,991992,23.2,196041,5093929344.0,19.76235695449157,112000,USc,1120,7.148,7.8666
SUGAR,2024-10-01,222690,26673,985088,23.0,196017,5049397920.0,19.898425318347194,112000,USc,1120,7.148,7.8666
SUGAR,2024-10-08,225183,24191,991433,22.46,200992,5055993958.400001,20.272877743629675,112000,USc,1120,7.148,7.8666
SUGAR,2024-10-15,228793,26504,993519,22.87,202289,5181511361.6,20.360858725399314,112000,USc,1120,7.148,7.8666
SUGAR,2024-10-22,233902,24650,984815,21.74,209252,5095035097.599999,21.247848580697898,112000,USc,1120,7.148,7.8666
SUGAR,2024-10-29,236494,25285,1010508,22.08,211209,5223114086.4,20.901269460508974,112000,USc,1120,7.148,7.8666
SUGAR,2024-11-05,231994,26153,1021437,21.84,205841,5035035532.8,20.15209944421438,112000,USc,1120,7.148,7.8666
SUGAR,2024-11-12,242058,30604,1008257,21.36,211454,5058656332.799999,20.972232278079893,112000,USc,1120,7.148,7.8666
SUGAR,2024-11-19,248306,36049,1032397,21.96,212257,5220503366.4,20.559629677343118,112000,USc,1120,7.148,7.8666
SUGAR,2024-11-26,251562,36362,1027600,21.65,215200,5218169600.0,20.94200077851304,112000,USc,1120,7.148,7.8666
SUGAR,2024-12-03,254784,36075,1041607,21.34,218709,5227320067.2,20.997266723437917,112000,USc,1120,7.148,7.8666
SUGAR,2024-12-10,266348,40958,1078053,21.07,225390,5318843376.0,20.90713536347471,112000,USc,1120,7.148,7.8666
SUGAR,2024-12-17,282222,42503,1072224,19.82,239719,5321378249.6,22.357175366341362,112000,USc,1120,7.148,7.8666
SUGAR,2024-12-24,278706,49201,1092684,19.52,229505,5017530112.0,21.003785174853846,112000,USc,1120,7.148,7.8666
SUGAR,2024-12-31,281622,54361,1105628,19.29,227261,4909928452.799999,20.5549244411321,112000,USc,1120,7.148,7.8666
SUGAR,2025-01-07,286043,58124,1096373,19.51,227919,4980303652.8,20.78845429429583,112000,USc,1120,7.6467,8.3024
SUGAR,2025-01-14,291329,64064,1147144,18.28,227265,4652932704.0,19.811375032254013,112000,USc,1120,7.6467,8.3024
SUGAR,2025-01-21,292295,102079,1151601,17.75,190216,3781494080.0,16.517526469671353,112000,USc,1120,7.6467,8.3024
SUGAR,2025-01-28,307748,110010,1166425,19.27,197738,4267660611.2,16.952483014338686,112000,USc,1120,7.6467,8.3024
SUGAR,2025-02-04,303952,107176,1176447,19.69,196776,4339461772.8,16.726295362222015,112000,USc,1120,7.6467,8.3024
SUGAR,2025-02-11,309072,104655,1182381,19.88,204417,4551467155.2,17.2885897185425,112000,USc,1120,7.6467,8.3024
SUGAR,2025-02-18,305845,87696,1097488,20.49,218149,5006257771.2,19.87711938536002,112000,USc,1120,7.6467,8.3024
SUGAR,2025-02-25,309481,81870,1089227,21.38,227611,5450281961.599999,20.896562424545113,112000,USc,1120,7.6467,8.3024
SUGAR,2025-03-04,290367,76509,1018326,18.14,213858,4344910214.400001,21.000936831623665,112000,USc,1120,7.6467,8.3024
SUGAR,2025-03-11,274108,72440,1005822,18.63,201668,4207923820.7999997,20.050068501186093,112000,USc,1120,7.6467,8.3024
SUGAR,2025-03-18,267900,63608,1036250,19.91,204292,4555548166.400001,19.714547647768395,112000,USc,1120,7.6467,8.3024
SUGAR,2025-03-25,271842,61177,1030802,19.55,210665,4612720840.0,20.43699954016387,112000,USc,1120,7.6467,8.3024
SUGAR,2025-04-01,263271,54541,1027031,19.36,208730,4525934336.0,20.32363190595026,112000,USc,1120,7.6467,8.3024
SUGAR,2025-04-08,240770,42116,1002227,18.3,198654,4071612384.0,19.821258058304156,112000,USc,1120,7.6467,8.3024
SUGAR,2025-04-15,223609,39467,962590,17.56,184142,3621557542.3999996,19.1298475986661,112000,USc,1120,7.6467,8.3024
SUGAR,2025-04-22,223060,43890,942943,17.97,179170,3606047088.0,19.001148531777638,112000,USc,1120,7.6467,8.3024
SUGAR,2025-04-29,228713,46766,936348,17.6,181947,3586539264.0,19.431557497853362,112000,USc,1120,7.6467,8.3024
SUGAR,2025-05-06,227230,52810,928094,17.41,174420,3401050464.0,18.79335498343918,112000,USc,1120,7.6467,8.3024
SUGAR,2025-05-13,230042,50289,925866,18.18,179753,3660058684.8,19.414580511650716,112000,USc,1120,7.6467,8.3024
SUGAR,2025-05-20,233883,52927,933514,17.41,180956,3528497235.2,19.38439059296379,112000,USc,1120,7.6467,8.3024
SUGAR,2025-05-27,232958,59201,957057,17.25,173757,3356985240.0,18.155344979452632,112000,USc,1120,7.6467,8.3024
SUGAR,2025-06-03,239772,67829,1016713,16.95,171943,3264165912.0,16.91165550160173,112000,USc,1120,7.6467,8.3024
SUGAR,2025-06-10,245918,78653,1057205,16.46,167265,3083563728.0000005,15.821434821061194,112000,USc,1120,7.6467,8.3024
SUGAR,2025-06-17,247537,60745,987411,16.01,186792,3349404710.4000006,18.917350525768907,112000,USc,1120,7.6467,8.3024
SUGAR,2025-06-24,246683,57925,976867,15.74,188758,3327577030.4,19.322794198186653,112000,USc,1120,7.6467,8.3024
SUGAR,2025-07-01,246534,60940,975567,15.7,185594,3263484896.0,19.02421873638612,112000,USc,1120,7.6467,8.3024
SUGAR,2025-07-08,245341,63006,985518,16.15,182335,3298075479.9999995,18.501437822546112,112000,USc,1120,7.6467,8.3024
SUGAR,2025-07-15,243980,61504,993882,16.56,182476,3384418867.1999993,18.35992602743585,112000,USc,1120,7.6467,8.3024
SUGAR,2025-07-22,246014,63183,999710,16.26,182831,3329571907.2000003,18.288403637054746,112000,USc,1120,7.6467,8.3024
SUGAR,2025-07-29,249945,63002,1009667,16.56,186943,3467269209.5999994,18.51531247431084,112000,USc,1120,7.6467,8.3024
SUGAR,2025-08-05,251462,69001,1030852,16.09,182461,3288093188.7999997,17.700019013398627,112000,USc,1120,7.6467,8.3024
SUGAR,2025-08-12,248478,70187,1040513,16.95,178291,3384676343.9999995,17.134913259132755,112000,USc,1120,7.6467,8.3024
SUGAR,2025-08-19,250212,66601,1038222,16.3,183611,3352002416.0000005,17.685138631236867,112000,USc,1120,7.6467,8.3024
SUGAR,2025-08-26,252627,68420,1054063,16.42,184207,3387640412.8000007,17.47590039684535,112000,USc,1120,7.6467,8.3024
SUGAR,2025-09-02,255253,68259,1082736,16.14,186994,3380253139.2000003,17.27050730741381,112000,USc,1120,7.6467,8.3024
SUGAR,2025-09-09,250660,77659,1107568,15.84,173001,3069176140.7999997,15.619898733080046,112000,USc,1120,7.6467,8.3024
SUGAR,2025-09-16,250277,68390,1021095,15.88,181887,3234969427.2000003,17.81293611270254,112000,USc,1120,7.6467,8.3024
SUGAR,2025-09-23,234348,66010,1012265,15.66,168338,2952513849.6,16.62983507283172,112000,USc,1120,7.6467,8.3024
SUGAR,2025-09-30,234508,71290,982005,16.06,163218,2935834809.5999994,16.620892968976737,112000,USc,1120,7.6467,8.3024
SUGAR,2025-10-07,238334,74119,961639,16.64,164215,3060442112.0,17.076574473373064,112000,USc,1120,7.6467,8.3024
SUGAR,2025-10-14,243367,73493,1005143,15.87,169874,3019408425.6,16.900480827106193,112000,USc,1120,7.6467,8.3024
SUGAR,2025-10-21,252647,77377,1020385,15.24,175270,2991648576.0,17.176849914493058,112000,USc,1120,7.6467,8.3024
SUGAR,2025-10-28,255683,81814,1064597,14.39,173869,2802211899.2000003,16.331907754765417,112000,USc,1120,7.6467,8.3024
SUGAR,2025-11-04,268808,87654,1109740,14.21,181154,2883102140.8,16.32400382071476,112000,USc,1120,7.6467,8.3024
SUGAR,2025-11-10,265741,93248,1124833,14.26,172493,2754920201.6000004,15.334987504811826,112000,USc,1120,7.6467,8.3024
SUGAR,2025-11-18,268568,98637,1114344,14.71,169931,2799647211.2000003,15.24942028673372,112000,USc,1120,7.6467,8.3024
SUGAR,2025-11-25,268411,99654,1119501,14.9,168757,2816216816.0000005,15.074305427150131,112000,USc,1120,7.6467,8.3024
SUGAR,2025-12-02,270357,101155,1126784,14.97,169202,2836908412.7999997,15.01636515960468,112000,USc,1120,7.6467,8.3024
SUGAR,2025-12-09,268284,99758,1114061,14.66,168526,2767062099.2000003,15.127178852863532,112000,USc,1120,7.6467,8.3024
SUGAR,2025-12-16,273529,100839,1088161,14.85,172690,2872180080.0,15.86989425278061,112000,USc,1120,7.6467,8.3024
SUGAR,2025-12-23,272733,102941,1089237,15.17,169792,2884833996.8,15.58815941801463,112000,USc,1120,7.6467,8.3024
SUGAR,2025-12-30,271649,94316,1078540,14.86,177333,2951388585.6,16.44194930183396,112000,USc,1120,7.6467,8.3024
SUGAR,2026-01-06,275982,96054,1101827,14.76,179928,2974425753.6,16.329968316260175,112000,USc,1120,6.0845,8.2052
SUGAR,2026-01-13,307375,98795,1130938,14.86,208580,3471438656.0,18.443097676442033,112000,USc,1120,6.0845,8.2052
SUGAR,2026-01-20,318979,101126,1144934,14.73,217853,3594051652.7999997,19.02755966719479,112000,USc,1120,6.0845,8.2052
SUGAR,2026-01-27,314128,102266,1179469,14.83,211862,3518943075.2,17.96248990011607,112000,USc,1120,6.0845,8.2052
SUGAR,2026-02-03,320854,109663,1243607,14.63,211191,3460491249.6,16.98213342317951,112000,USc,1120,6.0845,8.2052
SUGAR,2026-02-10,320888,113615,1288048,14.11,207273,3275576673.6,16.09202452082531,112000,USc,1120,6.0845,8.2052
SUGAR,2026-02-17,317345,108256,1247362,13.84,209089,3241046771.2,16.762495570652305,112000,USc,1120,6.0845,8.2052
SUGAR,2026-02-24,317831,112781,1203496,14.52,205050,3334605120.0,17.03786302571841,112000,USc,1120,6.0845,8.2052
SUGAR,2026-03-03,312424,121456,1204635,13.95,190968,2983684032.0,15.852768680969753,112000,USc,1120,6.0845,8.2052
SUGAR,2026-03-10,312488,108140,1203317,14.32,204348,3277414963.2,16.982058759246314,112000,USc,1120,6.0845,8.2052
SUGAR,2026-03-17,307301,99904,1173307,14.47,207397,3361158740.8,17.6762773937256,112000,USc,1120,6.0845,8.2052
SUGAR,2026-03-24,307048,68241,1155009,15.9,238807,4252675056.0000005,20.675769626037546,112000,USc,1120,6.0845,8.2052
SUGAR,2026-03-31,299685,62183,1133934,15.51,237502,4125694742.4,20.94495799579164,112000,USc,1120,6.0845,8.2052
SUGAR,2026-04-07,295639,56587,1120593,14.57,239052,3900946156.8,21.332633703762205,112000,USc,1120,6.0845,8.2052
SUGAR,2026-04-14,277613,62597,1146235,13.93,215016,3354593625.6,18.758457035424673,112000,USc,1120,6.0845,8.2052
SUGAR,2026-04-21,279584,88376,1158960,13.42,191208,2873932723.2,16.498239801201077,112000,USc,1120,6.0845,8.2052
SUGAR,2026-04-28,278381,94030,1153429,14.13,184351,2917465185.6000004,15.982865005128188,112000,USc,1120,6.0845,8.2052
SUGAR,2026-05-05,319756,99190,1191826,15.37,220566,3796911350.4,18.506560521418393,112000,USc,1120,6.0845,8.2052
SUGAR,2026-05-12,323331,95981,1183981,14.98,227350,3814387360.0,19.20216625097869,112000,USc,1120,6.0845,8.2052
SUGAR,2026-05-19,333401,93457,1187801,15.04,239944,4041808691.2,20.200690182951522,112000,USc,1120,6.0845,8.2052
SUGAR,2026-05-26,340147,91122,1182651,14.53,249025,4052533240.0,21.056507794776312,112000,USc,1120,6.0845,8.2052
SUGAR,2026-06-02,325948,94392,1187070,14.38,231556,3729348313.6000004,19.50651604370425,112000,USc,1120,6.0845,8.2052
SUGAR,2026-06-09,312420,91103,1202562,14.14,221317,3504953065.6000004,18.403791239037986,112000,USc,1120,6.0845,8.2052
SUGAR,2026-06-16,300281,92183,1153487,13.79,208098,3214031990.4,18.04077549205149,112000,USc,1120,6.0845,8.2052
SUGAR,2026-06-23,289642,99210,1159845,13.4,190432,2858003456.0000005,16.418745608249377,112000,USc,1120,6.0845,8.2052
SUGAR,2026-06-30,287225,100876,1164400,14.32,186349,2988739801.6000004,16.00386465132257,112000,USc,1120,6.0845,8.2052
SUGAR,2026-07-07,304419,107458,1187827,15.1,196961,3331004432.0,16.581623418225043,112000,USc,1120,6.0845,8.2052
SUGAR,2026-07-14,302699,100612,1180502,14.92,202087,3376954604.8,17.1187342334024,112000,USc,1120,6.0845,8.2052
SUGAR,2026-07-21,318743,97385,1192719,14.9,221358,3694022304.0,18.55910738405274,112000,USc,1120,6.0845,8.2052
SUGAR,2026-07-28,315161,96202,1203654,14.56,218959,3570608204.8,18.191191156262516,112000,USc,1120,6.0845,8.2052
SUGAR,2026-08-04,325343,102042,1252623,15.06,223301,3766462627.2000003,17.82667251040417,112000,USc,1120,6.0845,8.2052
SUGAR,2026-08-11,360937,97098,1424802,16.74,263839,4946664643.199999,18.517590514331115,112000,USc,1120,6.0845,8.2052
SUGAR,2026-08-18,371859,85654,1518674,17.48,286205,5603207008.0,18.845716723931535,112000,USc,1120,6.0845,8.2052
SUGAR,2026-08-25,386015,78484,1591522,17.25,307531,5941498920.0,19.32307564708499,112000,USc,1120,6.0845,8.2052
